{
"type": "FeatureCollection",
"name": "india",
"crs": { "type": "name", "properties": { "name": "urn:ogc:def:crs:OGC:1.3:CRS84" } },
"xy_coordinate_resolution": 0.0001,
"features": [
{ "type": "Feature", "properties": { "Source": "Survey of India State Map, Datameet" }, "geometry": { "type": "MultiPolygon", "coordinates": [ [ [ [ 84.5978, 18.8747 ], [ 84.5575, 18.8741 ], [ 84.5831, 18.8571 ], [ 84.5536, 18.7833 ], [ 84.4111, 18.6661 ], [ 84.4414, 18.6549 ], [ 84.2729, 18.5146 ], [ 84.3424, 18.542 ], [ 84.1366, 18.3506 ], [ 83.9927, 18.3583 ], [ 84.0586, 18.3252 ], [ 84.1194, 18.339 ], [ 84.1184, 18.301 ], [ 83.556, 18.0194 ], [ 83.5543, 17.9626 ], [ 83.446, 17.9204 ], [ 83.4534, 17.8802 ], [ 83.4037, 17.8436 ], [ 83.4163, 17.8074 ], [ 83.3403, 17.7142 ], [ 83.2413, 17.6253 ], [ 83.1982, 17.6381 ], [ 83.2311, 17.6158 ], [ 83.2189, 17.591 ], [ 82.623, 17.295 ], [ 82.3059, 17.0296 ], [ 82.2495, 16.8909 ], [ 82.3159, 16.8399 ], [ 82.3521, 16.8493 ], [ 82.363, 16.8185 ], [ 82.366, 16.928 ], [ 82.3368, 16.9835 ], [ 82.3679, 16.9397 ], [ 82.3755, 16.8795 ], [ 82.3505, 16.7215 ], [ 82.3202, 16.7246 ], [ 82.3399, 16.6886 ], [ 82.3679, 16.7018 ], [ 82.3238, 16.6508 ], [ 82.3323, 16.5798 ], [ 82.3225, 16.6238 ], [ 82.2898, 16.6204 ], [ 82.2982, 16.5705 ], [ 82.2635, 16.5582 ], [ 82.3132, 16.5548 ], [ 82.1493, 16.4872 ], [ 82.1802, 16.5611 ], [ 82.1407, 16.4844 ], [ 81.9675, 16.3962 ], [ 81.9649, 16.4374 ], [ 81.9451, 16.3943 ], [ 81.7258, 16.3074 ], [ 81.735, 16.3489 ], [ 81.7248, 16.3557 ], [ 81.7088, 16.3028 ], [ 81.5728, 16.348 ], [ 81.5495, 16.3903 ], [ 81.5286, 16.3508 ], [ 81.4032, 16.3369 ], [ 81.4086, 16.3814 ], [ 81.3128, 16.3602 ], [ 81.2461, 16.3044 ], [ 81.2664, 16.29 ], [ 81.2414, 16.2607 ], [ 81.2671, 16.2707 ], [ 81.2115, 16.2049 ], [ 81.1529, 15.9748 ], [ 81.1088, 16.0051 ], [ 81.0838, 16.0019 ], [ 81.1406, 15.9622 ], [ 81.01, 15.8492 ], [ 81.0071, 15.7625 ], [ 80.9568, 15.8069 ], [ 80.94, 15.8072 ], [ 80.9894, 15.7606 ], [ 80.9369, 15.7297 ], [ 80.8629, 15.8221 ], [ 80.9168, 15.7308 ], [ 80.8387, 15.7066 ], [ 80.804, 15.7162 ], [ 80.8077, 15.8355 ], [ 80.7559, 15.8802 ], [ 80.4982, 15.8571 ], [ 80.5212, 15.8459 ], [ 80.3597, 15.7638 ], [ 80.2775, 15.6821 ], [ 80.2223, 15.545 ], [ 80.1755, 15.5733 ], [ 80.1347, 15.5571 ], [ 80.1856, 15.5597 ], [ 80.2135, 15.5312 ], [ 80.184, 15.4907 ], [ 80.2101, 15.4951 ], [ 80.1027, 15.3342 ], [ 80.0838, 15.1953 ], [ 80.0302, 15.2108 ], [ 80.0737, 15.1819 ], [ 80.0457, 15.0496 ], [ 80.0932, 14.8332 ], [ 80.0746, 14.8137 ], [ 80.1839, 14.5898 ], [ 80.0935, 14.5344 ], [ 80.1946, 14.5639 ], [ 80.173, 14.3466 ], [ 80.1237, 14.2425 ], [ 80.1296, 14.1411 ], [ 80.1441, 14.0175 ], [ 80.2477, 13.7975 ], [ 80.2407, 13.6347 ], [ 80.3188, 13.4565 ], [ 80.2809, 13.428 ], [ 80.3251, 13.3832 ], [ 80.3293, 13.4385 ], [ 80.3463, 13.2934 ], [ 80.2602, 12.9373 ], [ 80.2539, 12.7669 ], [ 80.1624, 12.4707 ], [ 79.8882, 12.0701 ], [ 79.7901, 11.7471 ], [ 79.767, 11.7445 ], [ 79.7632, 11.5375 ], [ 79.8247, 11.3645 ], [ 79.7987, 11.3686 ], [ 79.8401, 11.3525 ], [ 79.8539, 11.1952 ], [ 79.8358, 10.8115 ], [ 79.8787, 10.2873 ], [ 79.7948, 10.2713 ], [ 79.7286, 10.3299 ], [ 79.6379, 10.3381 ], [ 79.6116, 10.3192 ], [ 79.7764, 10.2751 ], [ 79.5454, 10.3073 ], [ 79.6148, 10.3345 ], [ 79.5328, 10.3558 ], [ 79.5193, 10.3118 ], [ 79.3955, 10.3237 ], [ 79.299, 10.2645 ], [ 79.2288, 10.145 ], [ 79.2635, 10.0358 ], [ 78.9876, 9.7073 ], [ 78.8946, 9.4786 ], [ 79.0518, 9.3 ], [ 79.1883, 9.2809 ], [ 78.8565, 9.2519 ], [ 78.6577, 9.1875 ], [ 78.6507, 9.1554 ], [ 78.5753, 9.1282 ], [ 78.4223, 9.1134 ], [ 78.2748, 9.0108 ], [ 78.2134, 9.048 ], [ 78.2678, 9.0008 ], [ 78.1721, 8.8804 ], [ 78.1654, 8.7584 ], [ 78.1993, 8.7879 ], [ 78.2059, 8.7669 ], [ 78.141, 8.6929 ], [ 78.133, 8.4924 ], [ 78.0672, 8.4163 ], [ 78.0673, 8.3713 ], [ 77.8144, 8.2462 ], [ 77.7343, 8.1677 ], [ 77.5892, 8.1413 ], [ 77.5529, 8.0778 ], [ 77.3104, 8.126 ], [ 76.9828, 8.3803 ], [ 76.6718, 8.7904 ], [ 76.5495, 8.8981 ], [ 76.3429, 9.4027 ], [ 76.2433, 9.9693 ], [ 76.043, 10.4944 ], [ 76.0585, 10.4796 ], [ 76.0402, 10.5219 ], [ 76.0687, 10.5095 ], [ 76.0657, 10.5353 ], [ 76.0414, 10.5656 ], [ 76.0329, 10.5067 ], [ 75.9017, 10.8025 ], [ 75.8231, 11.168 ], [ 75.7001, 11.4234 ], [ 75.6207, 11.4773 ], [ 75.531, 11.7036 ], [ 75.3208, 11.8991 ], [ 75.3094, 11.9413 ], [ 75.3506, 11.9296 ], [ 75.3186, 11.9733 ], [ 75.2883, 11.9896 ], [ 75.2961, 11.9525 ], [ 75.2361, 12.0234 ], [ 75.2043, 12.0034 ], [ 74.8284, 12.8313 ], [ 74.7707, 13.0776 ], [ 74.7819, 13.0581 ], [ 74.79, 13.1023 ], [ 74.7673, 13.0888 ], [ 74.6946, 13.3576 ], [ 74.6882, 13.4539 ], [ 74.6997, 13.4155 ], [ 74.743, 13.387 ], [ 74.7052, 13.4334 ], [ 74.7507, 13.4585 ], [ 74.6894, 13.463 ], [ 74.6637, 13.631 ], [ 74.6811, 13.6074 ], [ 74.6855, 13.6384 ], [ 74.7088, 13.6148 ], [ 74.7044, 13.6385 ], [ 74.7602, 13.6385 ], [ 74.7407, 13.6477 ], [ 74.7019, 13.6536 ], [ 74.6795, 13.6776 ], [ 74.7133, 13.6967 ], [ 74.6682, 13.7138 ], [ 74.6657, 13.6389 ], [ 74.6264, 13.8589 ], [ 74.5158, 13.9895 ], [ 74.5236, 14.0339 ], [ 74.4327, 14.2662 ], [ 74.5271, 14.2398 ], [ 74.4688, 14.2919 ], [ 74.426, 14.305 ], [ 74.4256, 14.281 ], [ 74.3567, 14.5106 ], [ 74.3781, 14.5147 ], [ 74.3872, 14.451 ], [ 74.4362, 14.4716 ], [ 74.3676, 14.5592 ], [ 74.341, 14.5166 ], [ 74.3087, 14.5202 ], [ 74.2946, 14.5919 ], [ 74.3841, 14.5923 ], [ 74.4296, 14.6246 ], [ 74.2847, 14.6085 ], [ 74.2465, 14.7395 ], [ 74.2002, 14.7202 ], [ 74.1772, 14.7667 ], [ 74.1572, 14.747 ], [ 74.0954, 14.797 ], [ 74.2502, 14.8747 ], [ 74.1791, 14.8811 ], [ 74.121, 14.8384 ], [ 74.0969, 14.8933 ], [ 74.0423, 14.9151 ], [ 74.0457, 14.9871 ], [ 73.9139, 15.0837 ], [ 73.9583, 15.1444 ], [ 73.9591, 15.185 ], [ 73.9471, 15.1451 ], [ 73.8793, 15.3634 ], [ 73.7837, 15.4112 ], [ 73.9224, 15.4036 ], [ 73.9361, 15.4361 ], [ 73.8978, 15.4176 ], [ 73.7856, 15.4616 ], [ 73.8338, 15.5051 ], [ 73.7672, 15.4946 ], [ 73.7304, 15.5984 ], [ 73.7665, 15.6327 ], [ 73.7247, 15.6241 ], [ 73.6332, 15.8511 ], [ 73.5895, 15.9102 ], [ 73.5076, 15.9434 ], [ 73.4586, 16.0571 ], [ 73.4724, 16.1586 ], [ 73.4615, 16.1103 ], [ 73.3863, 16.3355 ], [ 73.4205, 16.3648 ], [ 73.372, 16.3787 ], [ 73.4695, 16.4151 ], [ 73.3698, 16.3938 ], [ 73.3142, 16.5327 ], [ 73.346, 16.5676 ], [ 73.3242, 16.6034 ], [ 73.355, 16.591 ], [ 73.3678, 16.6247 ], [ 73.3791, 16.5943 ], [ 73.4031, 16.5864 ], [ 73.3924, 16.6267 ], [ 73.3242, 16.6357 ], [ 73.3454, 16.6906 ], [ 73.3118, 16.7163 ], [ 73.2935, 16.8343 ], [ 73.3154, 16.888 ], [ 73.2824, 16.8931 ], [ 73.2947, 16.9749 ], [ 73.3287, 16.9503 ], [ 73.3337, 16.9679 ], [ 73.2727, 16.985 ], [ 73.2579, 17.0464 ], [ 73.3124, 17.0768 ], [ 73.1899, 17.2994 ], [ 73.246, 17.3171 ], [ 73.1686, 17.4037 ], [ 73.2045, 17.4394 ], [ 73.1413, 17.5566 ], [ 73.1601, 17.5908 ], [ 73.117, 17.6895 ], [ 73.1381, 17.7186 ], [ 73.0933, 17.8345 ], [ 73.1302, 17.8313 ], [ 73.0921, 17.8387 ], [ 73.0336, 17.9365 ], [ 73.0068, 18.0218 ], [ 73.0466, 18.0439 ], [ 72.9923, 18.0496 ], [ 72.9762, 18.1992 ], [ 72.9321, 18.2141 ], [ 72.9625, 18.3162 ], [ 72.9134, 18.3593 ], [ 72.8921, 18.4593 ], [ 72.9041, 18.5357 ], [ 72.9333, 18.5344 ], [ 72.8617, 18.6394 ], [ 72.8649, 18.8043 ], [ 72.8075, 18.8958 ], [ 72.8223, 18.9431 ], [ 72.7876, 18.9395 ], [ 72.8271, 19.112 ], [ 72.7836, 19.1252 ], [ 72.8001, 19.3303 ], [ 72.7552, 19.3784 ], [ 72.6949, 19.6569 ], [ 72.7139, 19.6934 ], [ 72.6698, 19.7593 ], [ 72.7227, 19.8191 ], [ 72.659, 19.8087 ], [ 72.6429, 19.8512 ], [ 72.6728, 19.8733 ], [ 72.6504, 19.9424 ], [ 72.6843, 19.9604 ], [ 72.7239, 19.9515 ], [ 72.7537, 19.8824 ], [ 72.7735, 19.899 ], [ 72.76, 19.9815 ], [ 72.7195, 19.979 ], [ 72.7042, 20.081 ], [ 72.7691, 20.2108 ], [ 72.7384, 20.235 ], [ 72.7598, 20.3347 ], [ 72.8248, 20.414 ], [ 72.8858, 20.5715 ], [ 72.7829, 20.8998 ], [ 72.7831, 20.9313 ], [ 72.8458, 20.9475 ], [ 72.7561, 20.9306 ], [ 72.722, 21.04 ], [ 72.7551, 21.0519 ], [ 72.6939, 21.0651 ], [ 72.7207, 21.1432 ], [ 72.6826, 21.1582 ], [ 72.6671, 21.1554 ], [ 72.6599, 21.1388 ], [ 72.659, 21.0879 ], [ 72.6515, 21.0768 ], [ 72.6324, 21.0815 ], [ 72.6185, 21.2226 ], [ 72.6468, 21.2174 ], [ 72.6524, 21.2201 ], [ 72.6532, 21.2268 ], [ 72.6096, 21.2299 ], [ 72.5874, 21.2757 ], [ 72.6493, 21.3674 ], [ 72.6254, 21.3815 ], [ 72.6968, 21.4646 ], [ 72.6451, 21.4338 ], [ 72.6821, 21.516 ], [ 72.674, 21.5204 ], [ 72.7368, 21.5382 ], [ 72.7418, 21.5435 ], [ 72.7424, 21.5501 ], [ 72.7321, 21.5388 ], [ 72.6832, 21.5429 ], [ 72.6447, 21.5247 ], [ 72.6079, 21.5832 ], [ 72.701, 21.6518 ], [ 72.7232, 21.6388 ], [ 72.7874, 21.6451 ], [ 72.809, 21.6518 ], [ 72.8143, 21.6546 ], [ 72.8165, 21.6568 ], [ 72.8207, 21.6588 ], [ 72.8296, 21.6651 ], [ 72.8351, 21.6679 ], [ 72.7363, 21.6896 ], [ 72.5376, 21.6643 ], [ 72.524, 21.6801 ], [ 72.5179, 21.7146 ], [ 72.5404, 21.7357 ], [ 72.5435, 21.7429 ], [ 72.5442, 21.7499 ], [ 72.5443, 21.752 ], [ 72.5444, 21.7548 ], [ 72.5444, 21.7564 ], [ 72.5441, 21.7572 ], [ 72.5441, 21.7574 ], [ 72.5443, 21.7585 ], [ 72.5429, 21.7615 ], [ 72.5476, 21.7674 ], [ 72.5565, 21.8021 ], [ 72.5574, 21.8026 ], [ 72.5612, 21.8071 ], [ 72.5616, 21.8078 ], [ 72.5601, 21.8061 ], [ 72.5648, 21.8138 ], [ 72.5649, 21.8138 ], [ 72.5649, 21.814 ], [ 72.5651, 21.814 ], [ 72.5654, 21.8151 ], [ 72.5671, 21.8171 ], [ 72.5675, 21.8189 ], [ 72.5711, 21.8235 ], [ 72.6167, 21.8681 ], [ 72.6084, 21.9324 ], [ 72.6368, 21.9542 ], [ 72.5885, 21.9229 ], [ 72.5795, 21.8844 ], [ 72.5184, 21.8783 ], [ 72.5049, 21.981 ], [ 72.5476, 22.1507 ], [ 72.5915, 22.2079 ], [ 72.6474, 22.2171 ], [ 72.754, 22.1732 ], [ 72.8087, 22.246 ], [ 72.8779, 22.2238 ], [ 72.9104, 22.2432 ], [ 72.916, 22.2782 ], [ 72.8893, 22.244 ], [ 72.8437, 22.2824 ], [ 72.7521, 22.231 ], [ 72.6354, 22.2846 ], [ 72.5413, 22.2432 ], [ 72.5538, 22.2782 ], [ 72.5426, 22.281 ], [ 72.486, 22.1974 ], [ 72.4929, 22.2482 ], [ 72.4707, 22.2388 ], [ 72.4351, 22.3013 ], [ 72.3887, 22.3104 ], [ 72.4124, 22.3585 ], [ 72.3938, 22.3826 ], [ 72.3624, 22.3763 ], [ 72.404, 22.3532 ], [ 72.3724, 22.3165 ], [ 72.414, 22.2971 ], [ 72.4165, 22.2274 ], [ 72.3996, 22.1993 ], [ 72.3799, 22.2574 ], [ 72.3562, 22.2712 ], [ 72.3621, 22.2051 ], [ 72.3915, 22.1679 ], [ 72.376, 22.1499 ], [ 72.359, 22.1726 ], [ 72.3637, 22.189 ], [ 72.3576, 22.1929 ], [ 72.3435, 22.1249 ], [ 72.3162, 22.1465 ], [ 72.3176, 22.1807 ], [ 72.2943, 22.2024 ], [ 72.3126, 22.1807 ], [ 72.3104, 22.1446 ], [ 72.3238, 22.1301 ], [ 72.2785, 21.9321 ], [ 72.2415, 22.0496 ], [ 72.2979, 22.0635 ], [ 72.3001, 22.1088 ], [ 72.2654, 22.1054 ], [ 72.2782, 22.0804 ], [ 72.2332, 22.0538 ], [ 72.2326, 22.0176 ], [ 72.1724, 22.0415 ], [ 72.2004, 22.0043 ], [ 72.2137, 21.999 ], [ 72.231, 22.0076 ], [ 72.221, 21.9563 ], [ 72.1907, 21.9424 ], [ 72.1465, 21.9835 ], [ 72.1471, 21.9549 ], [ 72.1901, 21.9371 ], [ 72.2201, 21.9479 ], [ 72.2532, 21.8974 ], [ 72.2646, 21.7404 ], [ 72.2471, 21.791 ], [ 72.2032, 21.8249 ], [ 72.1971, 21.8274 ], [ 72.1893, 21.8282 ], [ 72.1854, 21.8274 ], [ 72.1829, 21.8238 ], [ 72.2412, 21.7874 ], [ 72.306, 21.6285 ], [ 72.2351, 21.4565 ], [ 72.0929, 21.2874 ], [ 72.0813, 21.2485 ], [ 72.1137, 21.1965 ], [ 71.8021, 21.0629 ], [ 71.8068, 21.0379 ], [ 71.5149, 20.9482 ], [ 71.4382, 20.8687 ], [ 71.3779, 20.874 ], [ 71.0654, 20.7338 ], [ 70.922, 20.7444 ], [ 70.8749, 20.7268 ], [ 70.8632, 20.7549 ], [ 70.8529, 20.754 ], [ 70.874, 20.7049 ], [ 70.8224, 20.691 ], [ 70.439, 20.8526 ], [ 70.0996, 21.1046 ], [ 69.7782, 21.4579 ], [ 69.7876, 21.4515 ], [ 69.7999, 21.4521 ], [ 69.8049, 21.464 ], [ 69.7751, 21.4599 ], [ 69.2168, 21.9582 ], [ 68.9574, 22.2377 ], [ 68.9363, 22.3076 ], [ 68.9846, 22.4143 ], [ 69.0674, 22.4801 ], [ 69.0437, 22.4326 ], [ 69.0693, 22.3957 ], [ 69.194, 22.4237 ], [ 69.1579, 22.3129 ], [ 69.2326, 22.2579 ], [ 69.3199, 22.2913 ], [ 69.3343, 22.3304 ], [ 69.4885, 22.3379 ], [ 69.5238, 22.3857 ], [ 69.4982, 22.4357 ], [ 69.5507, 22.4049 ], [ 69.5618, 22.3557 ], [ 69.5912, 22.361 ], [ 69.5718, 22.3343 ], [ 69.5757, 22.319 ], [ 69.6993, 22.396 ], [ 69.6979, 22.4429 ], [ 69.6718, 22.4393 ], [ 69.6718, 22.4507 ], [ 69.7282, 22.4738 ], [ 69.7976, 22.3999 ], [ 69.8346, 22.4754 ], [ 69.8604, 22.4468 ], [ 69.914, 22.4563 ], [ 69.9132, 22.4896 ], [ 69.9382, 22.5138 ], [ 69.9574, 22.4954 ], [ 69.946, 22.5285 ], [ 69.9763, 22.5432 ], [ 70.1629, 22.5515 ], [ 70.2429, 22.6626 ], [ 70.2532, 22.6929 ], [ 70.2385, 22.7018 ], [ 70.2551, 22.7065 ], [ 70.2529, 22.7335 ], [ 70.3032, 22.7576 ], [ 70.3537, 22.8707 ], [ 70.4235, 22.9326 ], [ 70.4715, 23.0124 ], [ 70.4935, 23.0751 ], [ 70.4379, 23.0626 ], [ 70.4013, 23.0307 ], [ 70.3868, 22.9482 ], [ 70.3476, 22.9304 ], [ 70.1994, 22.993 ], [ 70.2251, 22.9601 ], [ 70.1618, 22.9426 ], [ 70.1199, 22.9646 ], [ 70.134, 22.9849 ], [ 70.129, 22.9921 ], [ 70.1435, 23.009 ], [ 70.1413, 23.0126 ], [ 70.1121, 22.9715 ], [ 70.1265, 22.9465 ], [ 70.111, 22.9526 ], [ 70.1013, 22.9418 ], [ 70.0954, 22.951 ], [ 70.091, 22.9526 ], [ 70.0999, 22.9382 ], [ 70.139, 22.9413 ], [ 70.1321, 22.9246 ], [ 69.8016, 22.8506 ], [ 69.7051, 22.7279 ], [ 69.6338, 22.7954 ], [ 69.6159, 22.7572 ], [ 69.5551, 22.7924 ], [ 69.446, 22.7776 ], [ 69.3557, 22.8288 ], [ 69.1907, 22.8412 ], [ 68.6529, 23.1546 ], [ 68.631, 23.1735 ], [ 68.6313, 23.1774 ], [ 68.6557, 23.1535 ], [ 68.6732, 23.1435 ], [ 68.6815, 23.1418 ], [ 68.5846, 23.2329 ], [ 68.599, 23.2404 ], [ 68.6013, 23.2185 ], [ 68.6307, 23.2132 ], [ 68.6038, 23.2429 ], [ 68.6718, 23.2701 ], [ 68.6296, 23.2951 ], [ 68.6843, 23.3004 ], [ 68.6948, 23.3099 ], [ 68.6524, 23.3029 ], [ 68.6368, 23.3468 ], [ 68.606, 23.381 ], [ 68.6024, 23.3593 ], [ 68.581, 23.3899 ], [ 68.5585, 23.3871 ], [ 68.5604, 23.4193 ], [ 68.5024, 23.4654 ], [ 68.519, 23.489 ], [ 68.484, 23.5482 ], [ 68.4974, 23.5474 ], [ 68.4968, 23.6529 ], [ 68.5232, 23.6513 ], [ 68.539, 23.6624 ], [ 68.5201, 23.6546 ], [ 68.5246, 23.6904 ], [ 68.7613, 23.8749 ], [ 68.6038, 23.8501 ], [ 68.5251, 23.759 ], [ 68.5374, 23.8151 ], [ 68.5151, 23.8249 ], [ 68.6632, 23.9174 ], [ 68.6199, 23.9065 ], [ 68.596, 23.9418 ], [ 68.5587, 23.924 ], [ 68.5593, 23.9318 ], [ 68.5374, 23.9468 ], [ 68.545, 23.9673 ], [ 68.7526, 23.9674 ], [ 68.7617, 24.2921 ], [ 68.8058, 24.3128 ], [ 68.8275, 24.3168 ], [ 68.8679, 24.2119 ], [ 68.9432, 24.3021 ], [ 69.0052, 24.2232 ], [ 69.092, 24.2723 ], [ 69.1928, 24.2379 ], [ 69.3086, 24.2807 ], [ 69.5879, 24.2913 ], [ 69.7301, 24.1718 ], [ 70.0165, 24.1699 ], [ 70.0656, 24.1981 ], [ 70.1093, 24.2946 ], [ 70.5736, 24.4217 ], [ 70.6, 24.4082 ], [ 70.5599, 24.3524 ], [ 70.5761, 24.2522 ], [ 70.7112, 24.2169 ], [ 70.879, 24.2464 ], [ 70.9072, 24.2633 ], [ 70.874, 24.2973 ], [ 70.949, 24.3525 ], [ 71.0368, 24.3533 ], [ 71.115, 24.3986 ], [ 71.109, 24.4368 ], [ 70.9973, 24.4484 ], [ 70.9882, 24.5476 ], [ 71.0107, 24.6367 ], [ 71.0978, 24.6866 ], [ 70.9363, 24.9413 ], [ 70.8855, 25.1512 ], [ 70.6653, 25.3976 ], [ 70.658, 25.7058 ], [ 70.3907, 25.6736 ], [ 70.2761, 25.7093 ], [ 70.0993, 25.9355 ], [ 70.0864, 26.0879 ], [ 70.174, 26.242 ], [ 70.1733, 26.5511 ], [ 70.0643, 26.6002 ], [ 69.8044, 26.5976 ], [ 69.5056, 26.753 ], [ 69.4844, 26.808 ], [ 69.5142, 27.0096 ], [ 69.5841, 27.1733 ], [ 70.0246, 27.5613 ], [ 70.1347, 27.807 ], [ 70.3743, 28.012 ], [ 70.4967, 28.0366 ], [ 70.5925, 28.0096 ], [ 70.677, 27.9239 ], [ 70.6874, 27.8282 ], [ 70.7446, 27.7431 ], [ 70.8825, 27.7082 ], [ 71.2726, 27.8502 ], [ 71.6589, 27.8756 ], [ 71.8987, 27.9632 ], [ 71.935, 28.1327 ], [ 72.2052, 28.3904 ], [ 72.3021, 28.6734 ], [ 72.3889, 28.7688 ], [ 72.9474, 29.0304 ], [ 73.2787, 29.5597 ], [ 73.3997, 29.9407 ], [ 73.7963, 30.0681 ], [ 73.9675, 30.1872 ], [ 73.9676, 30.2632 ], [ 73.8854, 30.3626 ], [ 73.9721, 30.4335 ], [ 73.9306, 30.439 ], [ 73.9352, 30.4894 ], [ 73.9594, 30.4594 ], [ 74.0127, 30.532 ], [ 74.078, 30.5271 ], [ 74.1016, 30.6143 ], [ 74.287, 30.7353 ], [ 74.2636, 30.7721 ], [ 74.3085, 30.7839 ], [ 74.3275, 30.8488 ], [ 74.3846, 30.8627 ], [ 74.3723, 30.8949 ], [ 74.4268, 30.9122 ], [ 74.4597, 30.9697 ], [ 74.5484, 30.993 ], [ 74.5656, 31.0542 ], [ 74.6953, 31.0727 ], [ 74.6888, 31.1317 ], [ 74.6072, 31.1358 ], [ 74.6086, 31.0917 ], [ 74.5779, 31.0852 ], [ 74.5167, 31.1396 ], [ 74.5304, 31.3163 ], [ 74.6025, 31.4227 ], [ 74.652, 31.4173 ], [ 74.655, 31.4627 ], [ 74.5791, 31.5023 ], [ 74.619, 31.5705 ], [ 74.486, 31.7224 ], [ 74.5652, 31.755 ], [ 74.5693, 31.8296 ], [ 74.6128, 31.887 ], [ 74.8232, 31.9566 ], [ 74.8765, 32.0465 ], [ 74.9286, 32.0665 ], [ 75.0134, 32.035 ], [ 75.1308, 32.0836 ], [ 75.179, 32.0687 ], [ 75.21, 32.1173 ], [ 75.2655, 32.1002 ], [ 75.3277, 32.2141 ], [ 75.3782, 32.2351 ], [ 75.3821, 32.2693 ], [ 75.3274, 32.2973 ], [ 75.3396, 32.3424 ], [ 75.1996, 32.3912 ], [ 75.1897, 32.4199 ], [ 75.1324, 32.4027 ], [ 75.106, 32.474 ], [ 75.0306, 32.4929 ], [ 74.9504, 32.4405 ], [ 74.8765, 32.4825 ], [ 74.6852, 32.482 ], [ 74.6348, 32.6026 ], [ 74.6927, 32.6548 ], [ 74.6504, 32.6983 ], [ 74.7014, 32.8351 ], [ 74.636, 32.8135 ], [ 74.6539, 32.7813 ], [ 74.6311, 32.7469 ], [ 74.5094, 32.7387 ], [ 74.4545, 32.7844 ], [ 74.3708, 32.759 ], [ 74.1782, 32.883 ], [ 73.9883, 32.9357 ], [ 73.9973, 32.9602 ], [ 73.9583, 32.987 ], [ 73.8296, 33.0074 ], [ 73.7865, 32.9657 ], [ 73.7353, 33.0667 ], [ 73.6279, 33.0899 ], [ 73.6577, 33.2081 ], [ 73.6056, 33.2517 ], [ 73.5585, 33.3684 ], [ 73.5879, 33.4435 ], [ 73.6249, 33.4576 ], [ 73.5966, 33.5005 ], [ 73.6331, 33.5335 ], [ 73.6038, 33.6076 ], [ 73.5614, 33.6215 ], [ 73.5976, 33.7162 ], [ 73.5584, 33.7836 ], [ 73.5899, 33.8843 ], [ 73.5165, 34.0005 ], [ 73.4786, 34.2906 ], [ 73.4538, 34.2783 ], [ 73.3913, 34.3772 ], [ 73.4478, 34.5742 ], [ 73.5574, 34.5934 ], [ 73.6509, 34.5683 ], [ 73.6962, 34.6541 ], [ 73.6675, 34.6847 ], [ 73.7501, 34.7872 ], [ 73.9182, 34.8145 ], [ 74.0304, 34.8776 ], [ 74.074, 34.94 ], [ 74.0605, 34.9936 ], [ 74.1082, 35.0195 ], [ 74.0664, 35.0485 ], [ 74.1347, 35.1099 ], [ 74.1142, 35.1519 ], [ 74.0391, 35.1475 ], [ 73.8116, 35.2425 ], [ 73.7164, 35.226 ], [ 73.7004, 35.3584 ], [ 73.7951, 35.4602 ], [ 73.7849, 35.5257 ], [ 73.6355, 35.5718 ], [ 73.4068, 35.564 ], [ 73.2727, 35.6298 ], [ 73.1363, 35.7192 ], [ 73.1542, 35.8417 ], [ 73.1004, 35.8782 ], [ 72.9294, 35.8455 ], [ 72.9016, 35.8817 ], [ 72.8302, 35.8874 ], [ 72.7773, 35.844 ], [ 72.6911, 35.8329 ], [ 72.5337, 35.9174 ], [ 72.596, 36.0273 ], [ 72.5311, 36.0747 ], [ 72.5952, 36.2622 ], [ 72.694, 36.2501 ], [ 72.6924, 36.2757 ], [ 72.8833, 36.3873 ], [ 72.8795, 36.4433 ], [ 72.9921, 36.4581 ], [ 72.996, 36.5149 ], [ 73.0615, 36.5377 ], [ 73.1125, 36.6101 ], [ 73.0854, 36.6997 ], [ 73.3147, 36.7064 ], [ 73.4416, 36.7451 ], [ 73.6332, 36.6901 ], [ 73.8091, 36.7167 ], [ 73.8841, 36.6993 ], [ 73.9001, 36.7497 ], [ 73.7239, 36.8344 ], [ 73.6903, 36.9121 ], [ 73.8788, 36.8944 ], [ 74.0558, 36.8064 ], [ 74.1427, 36.8401 ], [ 74.1691, 36.9025 ], [ 74.2614, 36.8866 ], [ 74.4299, 36.99 ], [ 74.5322, 36.9868 ], [ 74.5787, 36.9486 ], [ 74.5818, 37.0434 ], [ 74.6939, 37.0778 ], [ 74.75, 37.0117 ], [ 74.8401, 37.0223 ], [ 74.9222, 36.9061 ], [ 75.0187, 36.9764 ], [ 75.096, 36.9428 ], [ 75.209, 37.0368 ], [ 75.3329, 37.0553 ], [ 75.3547, 36.9778 ], [ 75.4259, 36.9558 ], [ 75.4142, 36.8919 ], [ 75.444, 36.8872 ], [ 75.4742, 36.8108 ], [ 75.6165, 36.7616 ], [ 75.7694, 36.5733 ], [ 75.9234, 36.5024 ], [ 76.0773, 36.4743 ], [ 76.2548, 36.3478 ], [ 76.3524, 36.3599 ], [ 76.432, 36.3082 ], [ 76.4332, 36.2512 ], [ 76.563, 36.1731 ], [ 76.6444, 36.184 ], [ 76.7196, 36.0832 ], [ 76.8019, 36.0479 ], [ 76.8078, 36.0187 ], [ 76.7228, 35.9534 ], [ 76.8118, 35.8448 ], [ 76.9352, 35.7841 ], [ 77.1157, 35.7978 ], [ 77.2282, 35.7125 ], [ 77.3584, 35.7177 ], [ 77.431, 35.6546 ], [ 77.4271, 35.6105 ], [ 77.4866, 35.532 ], [ 77.3222, 35.5368 ], [ 77.3819, 35.4765 ], [ 77.723, 35.4755 ], [ 77.7336, 35.5245 ], [ 77.9013, 35.4681 ], [ 77.922, 35.4945 ], [ 77.9825, 35.4559 ], [ 77.9312, 35.5158 ], [ 77.9668, 35.5716 ], [ 77.9525, 35.607 ], [ 78.1373, 35.5389 ], [ 78.1997, 35.6692 ], [ 78.2551, 35.6456 ], [ 78.2733, 35.722 ], [ 78.3861, 35.7355 ], [ 78.4232, 35.7853 ], [ 78.5213, 35.7638 ], [ 78.665, 35.8574 ], [ 78.8238, 35.8558 ], [ 78.9605, 35.8926 ], [ 79.0216, 35.8487 ], [ 79.1325, 35.8362 ], [ 79.194, 35.8869 ], [ 79.2155, 35.9788 ], [ 79.3781, 35.9953 ], [ 79.4221, 35.8965 ], [ 79.7375, 35.802 ], [ 79.8711, 35.783 ], [ 79.9992, 35.8378 ], [ 80.1081, 35.6809 ], [ 80.2915, 35.6074 ], [ 80.328, 35.4697 ], [ 80.2811, 35.4409 ], [ 80.2709, 35.3442 ], [ 80.1835, 35.1667 ], [ 80.1748, 35.0023 ], [ 80.0731, 34.8284 ], [ 80.069, 34.7148 ], [ 79.8607, 34.6888 ], [ 79.7759, 34.6276 ], [ 79.793, 34.5896 ], [ 79.7585, 34.5547 ], [ 79.8103, 34.5313 ], [ 79.794, 34.4851 ], [ 79.5933, 34.5008 ], [ 79.5085, 34.4743 ], [ 79.5281, 34.418 ], [ 79.5612, 34.41 ], [ 79.5857, 34.2444 ], [ 79.5072, 34.2058 ], [ 79.4947, 34.1359 ], [ 79.4203, 34.0781 ], [ 79.4266, 34.0174 ], [ 79.1712, 34.0729 ], [ 79.1126, 34.0197 ], [ 79.0224, 34.0509 ], [ 78.952, 34.0289 ], [ 78.9057, 33.9762 ], [ 79.0168, 33.7787 ], [ 79.0603, 33.7803 ], [ 79.0205, 33.7057 ], [ 79.0912, 33.687 ], [ 79.1071, 33.6169 ], [ 78.9167, 33.6323 ], [ 78.9537, 33.3811 ], [ 78.99, 33.3329 ], [ 79.0973, 33.2946 ], [ 79.4534, 33.2604 ], [ 79.3774, 33.0847 ], [ 79.3938, 33.0362 ], [ 79.332, 33.0121 ], [ 79.4223, 32.9615 ], [ 79.6269, 32.7375 ], [ 79.4481, 32.5325 ], [ 79.4068, 32.5297 ], [ 79.3945, 32.5723 ], [ 79.3207, 32.5927 ], [ 79.2378, 32.5059 ], [ 79.1374, 32.4769 ], [ 79.1151, 32.3842 ], [ 79.0337, 32.3859 ], [ 78.9854, 32.338 ], [ 78.8272, 32.4387 ], [ 78.7768, 32.5584 ], [ 78.7971, 32.5984 ], [ 78.7691, 32.6971 ], [ 78.6623, 32.654 ], [ 78.6209, 32.5967 ], [ 78.5734, 32.6176 ], [ 78.4598, 32.58 ], [ 78.4, 32.526 ], [ 78.4626, 32.4942 ], [ 78.4556, 32.4526 ], [ 78.5362, 32.4146 ], [ 78.4813, 32.3483 ], [ 78.4562, 32.2424 ], [ 78.5565, 32.2459 ], [ 78.61, 32.2145 ], [ 78.5912, 32.1544 ], [ 78.6142, 32.1178 ], [ 78.7878, 31.9953 ], [ 78.7076, 31.7887 ], [ 78.7505, 31.6873 ], [ 78.7958, 31.6851 ], [ 78.8471, 31.6104 ], [ 78.7224, 31.5135 ], [ 78.7323, 31.48 ], [ 78.8112, 31.4478 ], [ 78.792, 31.3963 ], [ 78.8498, 31.3675 ], [ 78.8445, 31.3252 ], [ 78.895, 31.2656 ], [ 78.9295, 31.2565 ], [ 78.9409, 31.3267 ], [ 79.0053, 31.3567 ], [ 79.0637, 31.4654 ], [ 79.1447, 31.4337 ], [ 79.2637, 31.2914 ], [ 79.2494, 31.2488 ], [ 79.2883, 31.2255 ], [ 79.315, 31.1439 ], [ 79.3972, 31.113 ], [ 79.4283, 31.0321 ], [ 79.5165, 31.0337 ], [ 79.5481, 30.9677 ], [ 79.6047, 30.9374 ], [ 79.7534, 31.0006 ], [ 79.8673, 30.9747 ], [ 79.9302, 30.8867 ], [ 80.0592, 30.8384 ], [ 80.1182, 30.7741 ], [ 80.1723, 30.8072 ], [ 80.2389, 30.7585 ], [ 80.2347, 30.6916 ], [ 80.1954, 30.6642 ], [ 80.2304, 30.5734 ], [ 80.4152, 30.5255 ], [ 80.5411, 30.4487 ], [ 80.5988, 30.4816 ], [ 80.8257, 30.3144 ], [ 81.034, 30.2474 ], [ 81.043, 30.1985 ], [ 80.9367, 30.1766 ], [ 80.9028, 30.216 ], [ 80.8748, 30.1305 ], [ 80.7693, 30.0553 ], [ 80.7443, 30.0021 ], [ 80.6003, 29.9536 ], [ 80.4965, 29.7961 ], [ 80.4381, 29.8053 ], [ 80.374, 29.7489 ], [ 80.4238, 29.6407 ], [ 80.4138, 29.5978 ], [ 80.3027, 29.4859 ], [ 80.3029, 29.4504 ], [ 80.2463, 29.4407 ], [ 80.3166, 29.3225 ], [ 80.3023, 29.1984 ], [ 80.2541, 29.2192 ], [ 80.2736, 29.1444 ], [ 80.1489, 29.0997 ], [ 80.1408, 29.0063 ], [ 80.0666, 28.9187 ], [ 80.0703, 28.8292 ], [ 80.2622, 28.7534 ], [ 80.3693, 28.6352 ], [ 80.4384, 28.6374 ], [ 80.5149, 28.56 ], [ 80.5087, 28.6658 ], [ 80.566, 28.6895 ], [ 80.5941, 28.6461 ], [ 80.6689, 28.6398 ], [ 80.7027, 28.5754 ], [ 80.7714, 28.5653 ], [ 80.7871, 28.5245 ], [ 80.9086, 28.495 ], [ 80.9057, 28.459 ], [ 81.0139, 28.448 ], [ 81.0371, 28.4002 ], [ 81.2149, 28.3579 ], [ 81.2404, 28.2809 ], [ 81.3204, 28.2018 ], [ 81.3196, 28.1354 ], [ 81.4292, 28.171 ], [ 81.4819, 28.0812 ], [ 81.7003, 27.9888 ], [ 81.8906, 27.8576 ], [ 81.9282, 27.8587 ], [ 81.9713, 27.9295 ], [ 82.0738, 27.924 ], [ 82.126, 27.8657 ], [ 82.2072, 27.8457 ], [ 82.4586, 27.6762 ], [ 82.7138, 27.7283 ], [ 82.755, 27.5833 ], [ 82.7417, 27.5008 ], [ 83.1842, 27.4529 ], [ 83.3118, 27.3292 ], [ 83.3911, 27.3727 ], [ 83.4021, 27.478 ], [ 83.6136, 27.4689 ], [ 83.8666, 27.3449 ], [ 83.8863, 27.376 ], [ 83.8371, 27.4219 ], [ 83.8509, 27.446 ], [ 84.0299, 27.4362 ], [ 84.1064, 27.5191 ], [ 84.1542, 27.5186 ], [ 84.1552, 27.4866 ], [ 84.2185, 27.4396 ], [ 84.2551, 27.4497 ], [ 84.2942, 27.3846 ], [ 84.6262, 27.3365 ], [ 84.6914, 27.2233 ], [ 84.6462, 27.0467 ], [ 84.7632, 27.0002 ], [ 84.829, 27.0208 ], [ 84.9616, 26.9628 ], [ 84.9715, 26.9202 ], [ 85.0588, 26.8846 ], [ 85.0341, 26.8531 ], [ 85.1956, 26.869 ], [ 85.1801, 26.8093 ], [ 85.2134, 26.7584 ], [ 85.3368, 26.7414 ], [ 85.6372, 26.8723 ], [ 85.7264, 26.8167 ], [ 85.7373, 26.6504 ], [ 85.8521, 26.6083 ], [ 85.8525, 26.5684 ], [ 85.9601, 26.6519 ], [ 86.0302, 26.6664 ], [ 86.2217, 26.5898 ], [ 86.3456, 26.6165 ], [ 86.7351, 26.4244 ], [ 86.7728, 26.4583 ], [ 86.8429, 26.4399 ], [ 86.8968, 26.4616 ], [ 86.8964, 26.4867 ], [ 87.0724, 26.5865 ], [ 87.0925, 26.4521 ], [ 87.1575, 26.4057 ], [ 87.2619, 26.4105 ], [ 87.2668, 26.3737 ], [ 87.3412, 26.3483 ], [ 87.3702, 26.4074 ], [ 87.4629, 26.4397 ], [ 87.6094, 26.381 ], [ 87.6791, 26.4355 ], [ 87.7666, 26.409 ], [ 87.7892, 26.4678 ], [ 87.8505, 26.4356 ], [ 87.8914, 26.4861 ], [ 88.02, 26.3528 ], [ 88.0984, 26.4345 ], [ 88.1066, 26.5553 ], [ 88.1889, 26.7293 ], [ 88.1349, 26.9857 ], [ 87.9914, 27.1116 ], [ 88.065, 27.3379 ], [ 88.0474, 27.4933 ], [ 88.1988, 27.7881 ], [ 88.1768, 27.8192 ], [ 88.2024, 27.8503 ], [ 88.134, 27.8731 ], [ 88.1435, 27.9625 ], [ 88.1973, 27.9432 ], [ 88.2185, 27.9673 ], [ 88.2525, 27.9481 ], [ 88.3464, 27.9876 ], [ 88.3984, 27.9777 ], [ 88.4917, 28.0452 ], [ 88.5475, 28.0386 ], [ 88.6299, 28.1307 ], [ 88.6753, 28.0738 ], [ 88.7595, 28.0731 ], [ 88.8412, 28.0113 ], [ 88.8444, 27.9318 ], [ 88.8936, 27.8588 ], [ 88.8622, 27.8163 ], [ 88.8543, 27.6687 ], [ 88.7747, 27.5647 ], [ 88.8167, 27.405 ], [ 88.9295, 27.3261 ], [ 88.9063, 27.2748 ], [ 88.8082, 27.2474 ], [ 88.758, 27.1427 ], [ 88.8768, 27.1085 ], [ 88.8816, 26.9514 ], [ 88.9257, 26.996 ], [ 88.9689, 26.924 ], [ 89.0314, 26.9401 ], [ 89.0967, 26.8939 ], [ 89.1373, 26.808 ], [ 89.2617, 26.8168 ], [ 89.3832, 26.8662 ], [ 89.4652, 26.8062 ], [ 89.5647, 26.8155 ], [ 89.6504, 26.7809 ], [ 89.6199, 26.7255 ], [ 89.7622, 26.7364 ], [ 89.7814, 26.699 ], [ 89.8604, 26.7027 ], [ 89.8679, 26.7369 ], [ 90.1331, 26.7489 ], [ 90.1939, 26.7704 ], [ 90.2201, 26.8535 ], [ 90.3067, 26.848 ], [ 90.4149, 26.9017 ], [ 90.5648, 26.8007 ], [ 90.717, 26.7672 ], [ 91.0583, 26.7789 ], [ 91.1009, 26.8193 ], [ 91.3403, 26.779 ], [ 91.4124, 26.8348 ], [ 91.4966, 26.789 ], [ 91.6276, 26.8205 ], [ 91.6909, 26.8042 ], [ 91.8871, 26.9152 ], [ 92.0586, 26.8468 ], [ 92.1008, 26.8674 ], [ 92.1209, 26.959 ], [ 92.0375, 27.0637 ], [ 92.0273, 27.1613 ], [ 92.0736, 27.2226 ], [ 92.0437, 27.2657 ], [ 92.1247, 27.2866 ], [ 92.063, 27.3263 ], [ 92.0232, 27.4789 ], [ 91.9439, 27.4598 ], [ 91.7248, 27.4697 ], [ 91.6949, 27.5021 ], [ 91.6523, 27.4841 ], [ 91.5719, 27.5745 ], [ 91.5629, 27.633 ], [ 91.6449, 27.7648 ], [ 91.5495, 27.8552 ], [ 91.6675, 27.8579 ], [ 91.715, 27.8129 ], [ 91.8295, 27.8099 ], [ 91.8656, 27.7364 ], [ 91.9238, 27.7145 ], [ 91.9889, 27.7694 ], [ 92.0603, 27.7585 ], [ 92.2154, 27.8583 ], [ 92.2689, 27.8572 ], [ 92.3207, 27.7774 ], [ 92.4115, 27.8213 ], [ 92.4596, 27.8024 ], [ 92.506, 27.8406 ], [ 92.5653, 27.8201 ], [ 92.7442, 27.9885 ], [ 92.6679, 28.062 ], [ 92.692, 28.1251 ], [ 92.8047, 28.2015 ], [ 92.833, 28.1707 ], [ 92.9696, 28.261 ], [ 93.0053, 28.2299 ], [ 93.0388, 28.2623 ], [ 93.027, 28.2991 ], [ 93.224, 28.3328 ], [ 93.2366, 28.3999 ], [ 93.1879, 28.4392 ], [ 93.2812, 28.5041 ], [ 93.3425, 28.6396 ], [ 93.4512, 28.6754 ], [ 93.4796, 28.653 ], [ 93.4966, 28.6833 ], [ 93.5392, 28.6581 ], [ 93.7369, 28.6884 ], [ 93.7804, 28.6676 ], [ 93.8492, 28.7065 ], [ 93.9312, 28.6707 ], [ 94.0067, 28.7746 ], [ 94.0003, 28.8405 ], [ 94.1607, 28.954 ], [ 94.2205, 29.0835 ], [ 94.2936, 29.1476 ], [ 94.3628, 29.152 ], [ 94.4371, 29.2263 ], [ 94.5638, 29.2283 ], [ 94.6343, 29.3482 ], [ 94.7831, 29.2403 ], [ 94.8035, 29.1636 ], [ 94.8773, 29.1832 ], [ 95.028, 29.1292 ], [ 95.0028, 29.1718 ], [ 95.1268, 29.1147 ], [ 95.2557, 29.1082 ], [ 95.2723, 29.0477 ], [ 95.452, 29.0338 ], [ 95.5011, 29.1383 ], [ 95.5515, 29.1266 ], [ 95.5426, 29.2121 ], [ 95.5907, 29.2161 ], [ 95.6037, 29.26 ], [ 95.643, 29.2479 ], [ 95.7827, 29.3546 ], [ 95.8015, 29.3344 ], [ 95.8859, 29.3896 ], [ 95.9621, 29.3807 ], [ 96.0923, 29.4596 ], [ 96.2479, 29.2322 ], [ 96.3675, 29.2827 ], [ 96.3971, 29.2534 ], [ 96.3504, 29.1678 ], [ 96.2643, 29.157 ], [ 96.1896, 29.0914 ], [ 96.1185, 29.0745 ], [ 96.1886, 28.9846 ], [ 96.1489, 28.9339 ], [ 96.17, 28.9022 ], [ 96.3504, 29.0286 ], [ 96.5288, 29.0754 ], [ 96.4808, 28.99 ], [ 96.4909, 28.9612 ], [ 96.5222, 28.9668 ], [ 96.5406, 28.8797 ], [ 96.6188, 28.7736 ], [ 96.5886, 28.7166 ], [ 96.4754, 28.6833 ], [ 96.4966, 28.6331 ], [ 96.3281, 28.529 ], [ 96.3752, 28.4818 ], [ 96.2659, 28.4082 ], [ 96.373, 28.3888 ], [ 96.4013, 28.3388 ], [ 96.4603, 28.4136 ], [ 96.6665, 28.4598 ], [ 96.7528, 28.4154 ], [ 96.776, 28.3676 ], [ 96.9001, 28.3792 ], [ 96.9977, 28.3091 ], [ 97.0938, 28.3624 ], [ 97.1749, 28.2914 ], [ 97.2829, 28.2682 ], [ 97.4011, 28.1919 ], [ 97.3313, 28.1545 ], [ 97.3081, 28.0684 ], [ 97.3738, 28.0613 ], [ 97.4153, 28.0149 ], [ 97.3781, 27.977 ], [ 97.3889, 27.8869 ], [ 97.3211, 27.8802 ], [ 97.3087, 27.9208 ], [ 97.2565, 27.9005 ], [ 97.1024, 27.7845 ], [ 97.0963, 27.7409 ], [ 97.0285, 27.7403 ], [ 96.9907, 27.6621 ], [ 96.9486, 27.6626 ], [ 96.8973, 27.612 ], [ 96.9372, 27.5209 ], [ 96.9113, 27.4534 ], [ 97.1657, 27.1446 ], [ 97.1449, 27.0919 ], [ 96.8745, 27.1837 ], [ 96.8841, 27.2583 ], [ 96.8017, 27.3452 ], [ 96.712, 27.3718 ], [ 96.6121, 27.3607 ], [ 96.5218, 27.2854 ], [ 96.4703, 27.3041 ], [ 96.2341, 27.277 ], [ 96.0362, 27.1885 ], [ 95.9358, 27.0454 ], [ 95.8076, 27.0132 ], [ 95.7303, 26.8802 ], [ 95.673, 26.9031 ], [ 95.611, 26.8141 ], [ 95.5324, 26.8243 ], [ 95.4283, 26.6931 ], [ 95.3021, 26.6494 ], [ 95.2436, 26.6874 ], [ 95.1544, 26.6131 ], [ 95.0659, 26.444 ], [ 95.135, 26.3812 ], [ 95.1194, 26.1028 ], [ 95.1844, 26.0732 ], [ 95.1051, 25.961 ], [ 95.0205, 25.903 ], [ 95.051, 25.7554 ], [ 94.936, 25.662 ], [ 94.8873, 25.5861 ], [ 94.9033, 25.5601 ], [ 94.8514, 25.5564 ], [ 94.8108, 25.4885 ], [ 94.6871, 25.4589 ], [ 94.6428, 25.3951 ], [ 94.5836, 25.2092 ], [ 94.7436, 25.1296 ], [ 94.74, 25.0182 ], [ 94.7009, 24.9713 ], [ 94.7168, 24.9354 ], [ 94.6355, 24.8354 ], [ 94.6084, 24.7152 ], [ 94.5486, 24.7098 ], [ 94.529, 24.6256 ], [ 94.401, 24.4813 ], [ 94.4014, 24.4146 ], [ 94.3629, 24.3933 ], [ 94.3808, 24.3729 ], [ 94.3238, 24.3326 ], [ 94.1587, 23.8468 ], [ 94.1199, 23.8368 ], [ 94.0934, 23.8877 ], [ 93.9513, 23.9448 ], [ 93.8137, 23.9248 ], [ 93.7548, 24.0046 ], [ 93.6187, 24.0097 ], [ 93.6015, 23.9651 ], [ 93.5616, 23.9852 ], [ 93.5068, 23.9446 ], [ 93.423, 24.0676 ], [ 93.3453, 24.1091 ], [ 93.3328, 23.9831 ], [ 93.3969, 23.9263 ], [ 93.4033, 23.7576 ], [ 93.4426, 23.6783 ], [ 93.395, 23.4293 ], [ 93.412, 23.384 ], [ 93.3636, 23.3506 ], [ 93.3912, 23.1347 ], [ 93.2953, 23.0022 ], [ 93.2508, 23.003 ], [ 93.1922, 23.0569 ], [ 93.1308, 23.0443 ], [ 93.166, 22.9159 ], [ 93.1365, 22.91 ], [ 93.097, 22.8074 ], [ 93.0931, 22.7081 ], [ 93.1431, 22.5831 ], [ 93.1092, 22.5289 ], [ 93.1881, 22.4242 ], [ 93.2058, 22.258 ], [ 93.1437, 22.2383 ], [ 93.1516, 22.1753 ], [ 93.044, 22.195 ], [ 93.0629, 22.0995 ], [ 93.0133, 22.103 ], [ 93.0066, 21.9816 ], [ 92.9532, 22.0277 ], [ 92.9083, 21.9442 ], [ 92.8653, 22.0633 ], [ 92.7157, 22.1509 ], [ 92.6913, 22.0757 ], [ 92.6816, 22.1038 ], [ 92.6821, 22.0164 ], [ 92.6101, 21.979 ], [ 92.565, 22.1282 ], [ 92.6085, 22.1265 ], [ 92.6144, 22.1691 ], [ 92.5206, 22.7012 ], [ 92.4805, 22.7507 ], [ 92.4486, 22.8927 ], [ 92.3754, 22.9337 ], [ 92.3967, 23.055 ], [ 92.3574, 23.2342 ], [ 92.4055, 23.2425 ], [ 92.3854, 23.3601 ], [ 92.3325, 23.4295 ], [ 92.2824, 23.715 ], [ 92.2492, 23.7179 ], [ 92.2244, 23.6529 ], [ 92.2084, 23.7049 ], [ 92.1546, 23.734 ], [ 92.0519, 23.6463 ], [ 91.9564, 23.728 ], [ 91.9404, 23.6643 ], [ 91.9787, 23.4822 ], [ 91.9425, 23.4357 ], [ 91.8429, 23.3973 ], [ 91.7778, 23.2764 ], [ 91.8353, 23.0958 ], [ 91.7269, 22.9943 ], [ 91.6215, 22.9442 ], [ 91.5459, 22.9977 ], [ 91.5075, 23.1864 ], [ 91.4162, 23.2822 ], [ 91.3845, 23.1952 ], [ 91.4216, 23.0715 ], [ 91.3707, 23.0749 ], [ 91.2945, 23.3203 ], [ 91.317, 23.36 ], [ 91.1632, 23.6014 ], [ 91.1615, 23.6635 ], [ 91.2031, 23.6455 ], [ 91.2076, 23.6822 ], [ 91.1578, 23.6894 ], [ 91.1548, 23.7293 ], [ 91.2276, 23.7453 ], [ 91.254, 23.8377 ], [ 91.2383, 23.9248 ], [ 91.2766, 23.9284 ], [ 91.3073, 23.9895 ], [ 91.3854, 23.9759 ], [ 91.4042, 24.0539 ], [ 91.3821, 24.1049 ], [ 91.6016, 24.0784 ], [ 91.6425, 24.1095 ], [ 91.6714, 24.2331 ], [ 91.6946, 24.1668 ], [ 91.7609, 24.1387 ], [ 91.7498, 24.2448 ], [ 91.848, 24.2252 ], [ 91.9074, 24.1369 ], [ 91.944, 24.2577 ], [ 91.9279, 24.3391 ], [ 91.9623, 24.358 ], [ 91.9986, 24.328 ], [ 91.9797, 24.3864 ], [ 92.0945, 24.3744 ], [ 92.1718, 24.4216 ], [ 92.1565, 24.5197 ], [ 92.2334, 24.5017 ], [ 92.2262, 24.68 ], [ 92.2661, 24.7124 ], [ 92.2831, 24.7872 ], [ 92.237, 24.861 ], [ 92.2436, 24.9039 ], [ 92.3077, 24.9162 ], [ 92.3961, 24.8551 ], [ 92.4978, 24.8679 ], [ 92.4887, 24.9423 ], [ 92.4199, 24.9802 ], [ 92.4384, 25.0316 ], [ 92.0652, 25.1873 ], [ 91.7497, 25.1711 ], [ 91.645, 25.1237 ], [ 91.6059, 25.1731 ], [ 91.4805, 25.1345 ], [ 91.2676, 25.2062 ], [ 90.8723, 25.1591 ], [ 90.783, 25.1832 ], [ 90.735, 25.1541 ], [ 90.658, 25.1926 ], [ 90.4474, 25.1432 ], [ 90.3346, 25.1912 ], [ 90.1152, 25.2237 ], [ 89.9751, 25.3005 ], [ 89.8377, 25.2955 ], [ 89.8185, 25.3881 ], [ 89.8831, 25.6215 ], [ 89.8188, 25.8171 ], [ 89.887, 25.942 ], [ 89.8312, 25.947 ], [ 89.8715, 25.9761 ], [ 89.8352, 26.0072 ], [ 89.8186, 25.989 ], [ 89.8131, 26.0383 ], [ 89.7785, 26.0355 ], [ 89.7974, 26.0884 ], [ 89.7482, 26.1565 ], [ 89.6887, 26.168 ], [ 89.6961, 26.2218 ], [ 89.6465, 26.2286 ], [ 89.6564, 26.1694 ], [ 89.5974, 26.1608 ], [ 89.6307, 26.124 ], [ 89.5983, 26.1008 ], [ 89.6322, 26.1075 ], [ 89.6534, 26.0683 ], [ 89.6068, 26.066 ], [ 89.5815, 25.9681 ], [ 89.5483, 25.9707 ], [ 89.5416, 26.0079 ], [ 89.4319, 26.0152 ], [ 89.4258, 26.0428 ], [ 89.3577, 26.0112 ], [ 89.2628, 26.0662 ], [ 89.2243, 26.1262 ], [ 89.1615, 26.1396 ], [ 89.1065, 26.2898 ], [ 89.1368, 26.3169 ], [ 89.0889, 26.322 ], [ 89.0913, 26.3996 ], [ 88.9811, 26.4071 ], [ 88.9677, 26.4589 ], [ 88.9153, 26.4046 ], [ 88.9592, 26.3332 ], [ 88.9907, 26.3462 ], [ 88.9983, 26.2989 ], [ 89.0575, 26.2958 ], [ 89.0502, 26.2411 ], [ 88.972, 26.2412 ], [ 88.907, 26.2881 ], [ 88.8705, 26.2756 ], [ 88.8852, 26.2369 ], [ 88.848, 26.233 ], [ 88.8009, 26.3089 ], [ 88.6757, 26.2653 ], [ 88.6736, 26.2917 ], [ 88.7058, 26.2902 ], [ 88.68, 26.3198 ], [ 88.7322, 26.3152 ], [ 88.7474, 26.3526 ], [ 88.7063, 26.3367 ], [ 88.7048, 26.3886 ], [ 88.6262, 26.4699 ], [ 88.5727, 26.458 ], [ 88.4837, 26.5418 ], [ 88.4371, 26.5473 ], [ 88.4027, 26.6246 ], [ 88.3424, 26.4732 ], [ 88.3601, 26.4475 ], [ 88.3682, 26.4849 ], [ 88.4872, 26.4599 ], [ 88.5279, 26.3573 ], [ 88.4635, 26.3733 ], [ 88.3626, 26.2916 ], [ 88.3541, 26.2216 ], [ 88.1828, 26.1475 ], [ 88.1616, 26.1021 ], [ 88.1819, 26.0253 ], [ 88.144, 26.0129 ], [ 88.0954, 25.917 ], [ 88.1137, 25.7964 ], [ 88.1501, 25.7725 ], [ 88.2749, 25.806 ], [ 88.3214, 25.736 ], [ 88.4563, 25.6626 ], [ 88.4504, 25.6012 ], [ 88.5428, 25.5103 ], [ 88.7007, 25.4733 ], [ 88.8019, 25.5225 ], [ 88.8362, 25.48 ], [ 88.8182, 25.4081 ], [ 88.8481, 25.3636 ], [ 89.0051, 25.3 ], [ 89.0125, 25.2672 ], [ 88.9582, 25.2502 ], [ 88.964, 25.2106 ], [ 88.9196, 25.1657 ], [ 88.8485, 25.2101 ], [ 88.809, 25.174 ], [ 88.6892, 25.2098 ], [ 88.5684, 25.1747 ], [ 88.4442, 25.2093 ], [ 88.4515, 25.0293 ], [ 88.3979, 24.944 ], [ 88.3469, 24.9401 ], [ 88.333, 24.8708 ], [ 88.2662, 24.8782 ], [ 88.2307, 24.9558 ], [ 88.1424, 24.9303 ], [ 88.177, 24.8598 ], [ 88.0718, 24.7705 ], [ 88.0684, 24.7221 ], [ 88.0137, 24.6645 ], [ 88.1332, 24.5168 ], [ 88.3432, 24.3778 ], [ 88.4459, 24.3764 ], [ 88.5556, 24.2983 ], [ 88.5791, 24.3248 ], [ 88.7038, 24.3113 ], [ 88.7395, 24.2746 ], [ 88.7489, 24.1403 ], [ 88.6986, 24.115 ], [ 88.7415, 24.0611 ], [ 88.731, 23.9962 ], [ 88.7625, 24.0098 ], [ 88.7748, 23.9865 ], [ 88.7388, 23.9799 ], [ 88.7353, 23.9147 ], [ 88.5799, 23.8616 ], [ 88.6056, 23.8187 ], [ 88.5632, 23.7861 ], [ 88.5655, 23.6442 ], [ 88.5962, 23.6387 ], [ 88.5846, 23.6029 ], [ 88.6486, 23.6102 ], [ 88.6628, 23.5548 ], [ 88.7464, 23.483 ], [ 88.802, 23.4971 ], [ 88.7657, 23.3641 ], [ 88.737, 23.35 ], [ 88.7495, 23.3122 ], [ 88.7008, 23.2989 ], [ 88.7238, 23.2552 ], [ 88.8, 23.2181 ], [ 88.8212, 23.2535 ], [ 88.9223, 23.2108 ], [ 88.9978, 23.2148 ], [ 88.8727, 23.098 ], [ 88.8765, 23.0071 ], [ 88.85, 23.0077 ], [ 88.9169, 22.9215 ], [ 88.9123, 22.8803 ], [ 88.9705, 22.8454 ], [ 88.9221, 22.7647 ], [ 88.9622, 22.6938 ], [ 88.9317, 22.6408 ], [ 88.9575, 22.6102 ], [ 88.9376, 22.5699 ], [ 88.8964, 22.5633 ], [ 88.8689, 22.5458 ], [ 88.8428, 22.5079 ], [ 88.8527, 22.4329 ], [ 88.8245, 22.4361 ], [ 88.8297, 22.4468 ], [ 88.8116, 22.4814 ], [ 88.7936, 22.4989 ], [ 88.7717, 22.5134 ], [ 88.7828, 22.5212 ], [ 88.7842, 22.525 ], [ 88.7664, 22.5608 ], [ 88.7684, 22.5134 ], [ 88.7019, 22.5306 ], [ 88.6907, 22.5244 ], [ 88.6913, 22.5341 ], [ 88.6823, 22.5374 ], [ 88.6823, 22.5438 ], [ 88.6736, 22.55 ], [ 88.6809, 22.5774 ], [ 88.6783, 22.5936 ], [ 88.6722, 22.5494 ], [ 88.6915, 22.5224 ], [ 88.7775, 22.5069 ], [ 88.7797, 22.4926 ], [ 88.7992, 22.4614 ], [ 88.8025, 22.4434 ], [ 88.8185, 22.4306 ], [ 88.8483, 22.4306 ], [ 88.8461, 22.3883 ], [ 88.8611, 22.365 ], [ 88.8747, 22.3581 ], [ 88.8763, 22.3553 ], [ 88.8714, 22.3589 ], [ 88.8492, 22.3645 ], [ 88.82, 22.3597 ], [ 88.8706, 22.3578 ], [ 88.9353, 22.3017 ], [ 88.9541, 22.2252 ], [ 88.919, 22.233 ], [ 88.9018, 22.2241 ], [ 88.8865, 22.2377 ], [ 88.8955, 22.2524 ], [ 88.8876, 22.2659 ], [ 88.8768, 22.2745 ], [ 88.8726, 22.2746 ], [ 88.8651, 22.2708 ], [ 88.8632, 22.2764 ], [ 88.85, 22.2893 ], [ 88.8442, 22.2903 ], [ 88.8649, 22.2702 ], [ 88.8872, 22.2649 ], [ 88.8857, 22.2362 ], [ 88.9003, 22.2229 ], [ 88.9139, 22.2161 ], [ 88.9045, 22.1972 ], [ 88.9191, 22.1656 ], [ 88.8982, 22.1779 ], [ 88.8723, 22.1714 ], [ 88.8662, 22.1941 ], [ 88.8834, 22.2001 ], [ 88.8861, 22.2068 ], [ 88.8835, 22.2123 ], [ 88.841, 22.2143 ], [ 88.8758, 22.2528 ], [ 88.8394, 22.2155 ], [ 88.842, 22.2117 ], [ 88.8495, 22.2098 ], [ 88.8823, 22.2116 ], [ 88.8827, 22.201 ], [ 88.8545, 22.2062 ], [ 88.8504, 22.2025 ], [ 88.8483, 22.1916 ], [ 88.8443, 22.1903 ], [ 88.8344, 22.2091 ], [ 88.8067, 22.209 ], [ 88.8055, 22.2214 ], [ 88.8005, 22.2263 ], [ 88.8108, 22.2273 ], [ 88.8186, 22.2309 ], [ 88.8284, 22.2419 ], [ 88.8296, 22.2537 ], [ 88.8273, 22.2655 ], [ 88.8203, 22.2656 ], [ 88.8155, 22.283 ], [ 88.8118, 22.2847 ], [ 88.8258, 22.242 ], [ 88.7985, 22.226 ], [ 88.8055, 22.2084 ], [ 88.8275, 22.195 ], [ 88.835, 22.1672 ], [ 88.8096, 22.1833 ], [ 88.7942, 22.1706 ], [ 88.7683, 22.1936 ], [ 88.7476, 22.1979 ], [ 88.79, 22.2594 ], [ 88.7336, 22.1956 ], [ 88.702, 22.2094 ], [ 88.6656, 22.2175 ], [ 88.6395, 22.2131 ], [ 88.6849, 22.2943 ], [ 88.6906, 22.3267 ], [ 88.6661, 22.339 ], [ 88.6792, 22.2939 ], [ 88.6309, 22.2221 ], [ 88.6393, 22.2081 ], [ 88.6725, 22.2012 ], [ 88.6193, 22.1088 ], [ 88.6046, 22.1598 ], [ 88.5727, 22.1891 ], [ 88.6034, 22.1591 ], [ 88.5976, 22.1306 ], [ 88.62, 22.1045 ], [ 88.6273, 22.0548 ], [ 88.6295, 22.0506 ], [ 88.6367, 22.0453 ], [ 88.6034, 22.0236 ], [ 88.6064, 22.0477 ], [ 88.5967, 22.0633 ], [ 88.6017, 22.0736 ], [ 88.5966, 22.0673 ], [ 88.5962, 22.061 ], [ 88.6049, 22.0483 ], [ 88.5999, 22.0236 ], [ 88.6144, 22.0197 ], [ 88.6067, 21.9131 ], [ 88.5781, 21.8897 ], [ 88.5864, 21.9281 ], [ 88.5503, 21.9214 ], [ 88.5514, 21.9347 ], [ 88.5436, 21.97 ], [ 88.5564, 21.9728 ], [ 88.5633, 21.9606 ], [ 88.5678, 21.9589 ], [ 88.5577, 21.9732 ], [ 88.5462, 21.9735 ], [ 88.5426, 21.9706 ], [ 88.5409, 21.9602 ], [ 88.5487, 21.9223 ], [ 88.5705, 21.9036 ], [ 88.5624, 21.8989 ], [ 88.545, 21.906 ], [ 88.5406, 21.9039 ], [ 88.5281, 21.8531 ], [ 88.4943, 21.8791 ], [ 88.5218, 21.9137 ], [ 88.5255, 21.9294 ], [ 88.5217, 21.9427 ], [ 88.4937, 21.9671 ], [ 88.5191, 21.9882 ], [ 88.537, 21.9788 ], [ 88.5433, 21.982 ], [ 88.55, 21.9962 ], [ 88.5566, 22.0232 ], [ 88.5546, 22.0357 ], [ 88.5414, 21.9817 ], [ 88.5176, 21.9887 ], [ 88.4916, 21.9669 ], [ 88.5207, 21.9154 ], [ 88.5022, 21.9147 ], [ 88.4832, 21.91 ], [ 88.4773, 21.9044 ], [ 88.4736, 21.8953 ], [ 88.4702, 21.9589 ], [ 88.4637, 21.9635 ], [ 88.4459, 21.966 ], [ 88.4609, 22.0116 ], [ 88.4416, 21.9911 ], [ 88.4453, 21.9642 ], [ 88.4689, 21.958 ], [ 88.4585, 21.9188 ], [ 88.4197, 21.9066 ], [ 88.4087, 21.8853 ], [ 88.3847, 21.8992 ], [ 88.4078, 21.9195 ], [ 88.3988, 21.9531 ], [ 88.3739, 21.9653 ], [ 88.3943, 21.9707 ], [ 88.3758, 21.9697 ], [ 88.3728, 21.9667 ], [ 88.3744, 21.9628 ], [ 88.3981, 21.9522 ], [ 88.4064, 21.9198 ], [ 88.3828, 21.9007 ], [ 88.3907, 21.799 ], [ 88.3549, 21.8228 ], [ 88.3705, 21.8978 ], [ 88.3685, 21.9057 ], [ 88.3593, 21.9216 ], [ 88.35, 21.9274 ], [ 88.3536, 21.8572 ], [ 88.3098, 21.8777 ], [ 88.262, 21.8587 ], [ 88.2697, 21.8852 ], [ 88.2549, 21.8713 ], [ 88.2606, 21.8579 ], [ 88.3138, 21.8466 ], [ 88.3056, 21.8303 ], [ 88.2771, 21.8219 ], [ 88.2634, 21.8138 ], [ 88.259, 21.8076 ], [ 88.2584, 21.8008 ], [ 88.2636, 21.788 ], [ 88.2819, 21.7611 ], [ 88.2517, 21.8019 ], [ 88.2827, 21.7576 ], [ 88.2657, 21.73 ], [ 88.2739, 21.7546 ], [ 88.2172, 21.7644 ], [ 88.1633, 21.8794 ], [ 88.1772, 21.9261 ], [ 88.1537, 21.9592 ], [ 88.2239, 22.0753 ], [ 88.2031, 22.1669 ], [ 88.0697, 22.2119 ], [ 88.105, 22.3047 ], [ 88.0492, 22.22 ], [ 87.9849, 22.2457 ], [ 87.9464, 22.4061 ], [ 87.9233, 22.435 ], [ 87.8834, 22.441 ], [ 87.9422, 22.3664 ], [ 87.94, 22.2603 ], [ 87.9814, 22.2159 ], [ 88.0086, 22.2014 ], [ 88.1356, 22.1847 ], [ 88.1889, 22.0992 ], [ 88.0622, 22.0131 ], [ 88.0319, 22.0639 ], [ 87.9919, 22.1025 ], [ 87.9594, 22.0997 ], [ 88.0522, 22.0075 ], [ 87.9722, 21.8403 ], [ 87.8145, 21.7009 ], [ 87.6801, 21.6359 ], [ 87.4687, 21.5979 ], [ 87.4101, 21.5449 ], [ 87.3845, 21.5729 ], [ 87.3385, 21.5763 ], [ 87.3966, 21.5322 ], [ 87.2047, 21.5305 ], [ 86.9515, 21.3578 ], [ 86.8432, 21.1569 ], [ 86.9792, 20.86 ], [ 86.9742, 20.7931 ], [ 86.88, 20.8082 ], [ 86.7944, 20.7452 ], [ 86.9851, 20.7722 ], [ 87.0066, 20.7131 ], [ 86.9032, 20.7096 ], [ 86.9658, 20.6885 ], [ 87.0571, 20.7153 ], [ 86.7545, 20.5171 ], [ 86.7502, 20.4722 ], [ 86.7257, 20.4794 ], [ 86.712, 20.3954 ], [ 86.7765, 20.3894 ], [ 86.7839, 20.3259 ], [ 86.5383, 20.18 ], [ 86.3821, 20.0012 ], [ 86.3752, 19.9517 ], [ 86.2458, 19.9083 ], [ 86.2281, 19.9328 ], [ 86.2116, 19.888 ], [ 85.6964, 19.7513 ], [ 85.3368, 19.5752 ], [ 84.915, 19.2657 ], [ 84.5978, 18.8747 ] ], [ [ 72.5639, 21.8121 ], [ 72.5644, 21.8129 ], [ 72.5648, 21.8138 ], [ 72.5639, 21.8121 ] ], [ [ 72.5628, 21.8098 ], [ 72.5634, 21.8109 ], [ 72.562, 21.8087 ], [ 72.5628, 21.8098 ] ] ], [ [ [ 93.7128, 7.2083 ], [ 93.7092, 7.2304 ], [ 93.7212, 7.2133 ], [ 93.7128, 7.2083 ] ] ], [ [ [ 93.8826, 7.2037 ], [ 93.8872, 7.0871 ], [ 93.948, 7.0023 ], [ 93.9137, 7.0002 ], [ 93.9456, 6.9562 ], [ 93.8969, 6.9032 ], [ 93.9028, 6.8147 ], [ 93.8821, 6.7947 ], [ 93.8518, 6.8152 ], [ 93.8284, 6.756 ], [ 93.7468, 6.9619 ], [ 93.6941, 7.0155 ], [ 93.6635, 7.0055 ], [ 93.6561, 7.126 ], [ 93.6865, 7.1894 ], [ 93.8047, 7.2031 ], [ 93.8061, 7.2325 ], [ 93.8486, 7.2405 ], [ 93.8826, 7.2037 ] ] ], [ [ [ 93.8431, 7.289 ], [ 93.8403, 7.286 ], [ 93.8399, 7.2883 ], [ 93.8431, 7.289 ] ] ], [ [ [ 93.7632, 7.3973 ], [ 93.7666, 7.403 ], [ 93.772, 7.3991 ], [ 93.7632, 7.3973 ] ] ], [ [ [ 93.6841, 7.4031 ], [ 93.6887, 7.4094 ], [ 93.6963, 7.3998 ], [ 93.6841, 7.4031 ] ] ], [ [ [ 93.757, 7.3579 ], [ 93.6472, 7.2439 ], [ 93.6329, 7.371 ], [ 93.7088, 7.3944 ], [ 93.7129, 7.4437 ], [ 93.757, 7.3579 ] ] ], [ [ [ 93.6445, 7.4707 ], [ 93.6439, 7.4739 ], [ 93.6496, 7.4765 ], [ 93.6445, 7.4707 ] ] ], [ [ [ 93.6321, 7.4765 ], [ 93.6306, 7.4794 ], [ 93.6358, 7.4793 ], [ 93.6321, 7.4765 ] ] ], [ [ [ 93.5414, 7.5141 ], [ 93.5425, 7.5245 ], [ 93.5496, 7.5186 ], [ 93.5414, 7.5141 ] ] ], [ [ [ 93.4091, 8.0064 ], [ 93.3975, 7.9679 ], [ 93.4629, 7.9344 ], [ 93.4616, 7.873 ], [ 93.4248, 7.9073 ], [ 93.3578, 7.8895 ], [ 93.3573, 7.9419 ], [ 93.3195, 7.9323 ], [ 93.3293, 8.0048 ], [ 93.4091, 8.0064 ] ] ], [ [ [ 93.5824, 7.9922 ], [ 93.5774, 7.9294 ], [ 93.5081, 7.9849 ], [ 93.5318, 8.025 ], [ 93.5513, 7.996 ], [ 93.5478, 8.0261 ], [ 93.5824, 7.9922 ] ] ], [ [ [ 93.6007, 8.05 ], [ 93.5939, 8.0386 ], [ 93.5622, 8.1179 ], [ 93.6007, 8.05 ] ] ], [ [ [ 93.5452, 8.2006 ], [ 93.5032, 8.1479 ], [ 93.5498, 8.0361 ], [ 93.5083, 8.0342 ], [ 93.5015, 7.9979 ], [ 93.4858, 8.0445 ], [ 93.5308, 8.0792 ], [ 93.4855, 8.052 ], [ 93.4538, 8.1686 ], [ 93.526, 8.2317 ], [ 93.5452, 8.2006 ] ] ], [ [ [ 93.2512, 8.2306 ], [ 93.2395, 8.2219 ], [ 93.2202, 8.2457 ], [ 93.235, 8.2645 ], [ 93.2512, 8.2306 ] ] ], [ [ [ 93.1262, 8.276 ], [ 93.1997, 8.1957 ], [ 93.1208, 8.2241 ], [ 93.0872, 8.271 ], [ 93.0955, 8.3395 ], [ 93.1273, 8.3556 ], [ 93.1262, 8.276 ] ] ], [ [ [ 93.6417, 8.3935 ], [ 93.6412, 8.394 ], [ 93.642, 8.3943 ], [ 93.6417, 8.3935 ] ] ], [ [ [ 93.6527, 8.3943 ], [ 93.6563, 8.3903 ], [ 93.6479, 8.3907 ], [ 93.6527, 8.3943 ] ] ], [ [ [ 93.6355, 8.3968 ], [ 93.6355, 8.3956 ], [ 93.6337, 8.398 ], [ 93.6355, 8.3968 ] ] ], [ [ [ 93.0563, 8.4609 ], [ 93.0575, 8.4405 ], [ 93.0365, 8.4497 ], [ 93.0563, 8.4609 ] ] ], [ [ [ 93.6424, 8.4683 ], [ 93.6229, 8.4232 ], [ 93.6291, 8.4888 ], [ 93.6143, 8.5753 ], [ 93.6424, 8.4683 ] ] ], [ [ [ 93.609, 8.5802 ], [ 93.6084, 8.5793 ], [ 93.6069, 8.5815 ], [ 93.609, 8.5802 ] ] ], [ [ [ 92.8297, 9.138 ], [ 92.7301, 9.1245 ], [ 92.7234, 9.2173 ], [ 92.7663, 9.2154 ], [ 92.7758, 9.2569 ], [ 92.8297, 9.138 ] ] ], [ [ [ 92.5871, 10.7876 ], [ 92.597, 10.6803 ], [ 92.5399, 10.6147 ], [ 92.5682, 10.5762 ], [ 92.5132, 10.5118 ], [ 92.4331, 10.5484 ], [ 92.3862, 10.5317 ], [ 92.4209, 10.6156 ], [ 92.3826, 10.6679 ], [ 92.377, 10.783 ], [ 92.5184, 10.8975 ], [ 92.5871, 10.7876 ] ] ], [ [ [ 92.6179, 10.9341 ], [ 92.6204, 10.9299 ], [ 92.6097, 10.931 ], [ 92.6179, 10.9341 ] ] ], [ [ [ 92.2231, 10.974 ], [ 92.2151, 10.9779 ], [ 92.2204, 10.9827 ], [ 92.2231, 10.974 ] ] ], [ [ [ 92.6593, 10.9888 ], [ 92.666, 10.9928 ], [ 92.6695, 10.9873 ], [ 92.6593, 10.9888 ] ] ], [ [ [ 92.723, 11.1429 ], [ 92.724, 11.1442 ], [ 92.7258, 11.1437 ], [ 92.723, 11.1429 ] ] ], [ [ [ 92.7316, 11.1429 ], [ 92.7284, 11.1436 ], [ 92.729, 11.1476 ], [ 92.7316, 11.1429 ] ] ], [ [ [ 92.6772, 11.1779 ], [ 92.6752, 11.1898 ], [ 92.6769, 11.1886 ], [ 92.6772, 11.1779 ] ] ], [ [ [ 92.7059, 11.2638 ], [ 92.6882, 11.2424 ], [ 92.6932, 11.2809 ], [ 92.7059, 11.2638 ] ] ], [ [ [ 92.7103, 11.3019 ], [ 92.6985, 11.3091 ], [ 92.7114, 11.3093 ], [ 92.7242, 11.332 ], [ 92.7103, 11.3019 ] ] ], [ [ [ 92.5503, 11.3949 ], [ 92.5462, 11.3949 ], [ 92.5469, 11.3968 ], [ 92.5503, 11.3949 ] ] ], [ [ [ 92.5624, 11.3942 ], [ 92.556, 11.3912 ], [ 92.5576, 11.3963 ], [ 92.5624, 11.3942 ] ] ], [ [ [ 92.6104, 11.5042 ], [ 92.6095, 11.5044 ], [ 92.6103, 11.5077 ], [ 92.6104, 11.5042 ] ] ], [ [ [ 92.6857, 11.4362 ], [ 92.6486, 11.4071 ], [ 92.6908, 11.3708 ], [ 92.5982, 11.3478 ], [ 92.5872, 11.4009 ], [ 92.6233, 11.4061 ], [ 92.6136, 11.4729 ], [ 92.6419, 11.5102 ], [ 92.6857, 11.4362 ] ] ], [ [ [ 92.6065, 11.5334 ], [ 92.6062, 11.5218 ], [ 92.6007, 11.53 ], [ 92.6065, 11.5334 ] ] ], [ [ [ 92.5689, 11.5277 ], [ 92.5664, 11.5177 ], [ 92.5527, 11.5312 ], [ 92.5689, 11.5277 ] ] ], [ [ [ 92.6268, 11.5447 ], [ 92.6287, 11.5494 ], [ 92.6294, 11.5443 ], [ 92.6268, 11.5447 ] ] ], [ [ [ 92.6204, 11.5552 ], [ 92.6105, 11.5314 ], [ 92.6018, 11.5543 ], [ 92.6204, 11.5552 ] ] ], [ [ [ 92.5728, 11.5653 ], [ 92.5767, 11.5709 ], [ 92.5767, 11.5683 ], [ 92.5728, 11.5653 ] ] ], [ [ [ 92.5662, 11.5677 ], [ 92.5651, 11.5679 ], [ 92.5655, 11.5702 ], [ 92.5662, 11.5677 ] ] ], [ [ [ 92.5836, 11.5352 ], [ 92.5926, 11.5779 ], [ 92.5974, 11.5619 ], [ 92.5836, 11.5352 ] ] ], [ [ [ 92.5796, 11.5833 ], [ 92.5777, 11.5823 ], [ 92.577, 11.5847 ], [ 92.5796, 11.5833 ] ] ], [ [ [ 92.6192, 11.5771 ], [ 92.6149, 11.5623 ], [ 92.6003, 11.5706 ], [ 92.6192, 11.5771 ] ] ], [ [ [ 92.5946, 11.5897 ], [ 92.5947, 11.5893 ], [ 92.5933, 11.5893 ], [ 92.5946, 11.5897 ] ] ], [ [ [ 92.2704, 11.5847 ], [ 92.2613, 11.518 ], [ 92.2145, 11.53 ], [ 92.2078, 11.5855 ], [ 92.2704, 11.5847 ] ] ], [ [ [ 92.5695, 11.5884 ], [ 92.5303, 11.5547 ], [ 92.5325, 11.5956 ], [ 92.5695, 11.5884 ] ] ], [ [ [ 92.7012, 11.6603 ], [ 92.6929, 11.6611 ], [ 92.6955, 11.6636 ], [ 92.7012, 11.6603 ] ] ], [ [ [ 92.764, 11.6735 ], [ 92.7614, 11.6702 ], [ 92.7602, 11.6778 ], [ 92.764, 11.6735 ] ] ], [ [ [ 93.0832, 11.7806 ], [ 93.0784, 11.7798 ], [ 93.0805, 11.7879 ], [ 93.0832, 11.7806 ] ] ], [ [ [ 93.0603, 11.845 ], [ 93.0716, 11.835 ], [ 93.0502, 11.8132 ], [ 93.0153, 11.8286 ], [ 93.0131, 11.85 ], [ 93.0603, 11.845 ] ] ], [ [ [ 92.5987, 11.9063 ], [ 92.5956, 11.9056 ], [ 92.5953, 11.9156 ], [ 92.5987, 11.9063 ] ] ], [ [ [ 92.5678, 11.9503 ], [ 92.569, 11.9449 ], [ 92.5636, 11.9478 ], [ 92.5678, 11.9503 ] ] ], [ [ [ 92.732, 11.9446 ], [ 92.726, 11.9417 ], [ 92.7229, 11.9527 ], [ 92.732, 11.9446 ] ] ], [ [ [ 92.7418, 11.9663 ], [ 92.744, 11.9676 ], [ 92.7446, 11.967 ], [ 92.7418, 11.9663 ] ] ], [ [ [ 92.765, 11.9523 ], [ 92.7364, 11.9523 ], [ 92.7397, 11.9621 ], [ 92.765, 11.9523 ] ] ], [ [ [ 92.6093, 11.9422 ], [ 92.5987, 11.9279 ], [ 92.5888, 11.9727 ], [ 92.6093, 11.9422 ] ] ], [ [ [ 92.5849, 11.9772 ], [ 92.5826, 11.9767 ], [ 92.582, 11.9802 ], [ 92.5849, 11.9772 ] ] ], [ [ [ 92.7752, 12.0139 ], [ 92.7724, 12.0138 ], [ 92.7714, 12.0174 ], [ 92.7752, 12.0139 ] ] ], [ [ [ 93.0098, 12.0168 ], [ 93.045, 11.8845 ], [ 92.9254, 11.9979 ], [ 92.9746, 12.0429 ], [ 93.0098, 12.0168 ] ] ], [ [ [ 92.9698, 12.065 ], [ 92.9714, 12.0651 ], [ 92.9714, 12.0641 ], [ 92.9698, 12.065 ] ] ], [ [ [ 93.0058, 12.1004 ], [ 92.9945, 12.0443 ], [ 92.9605, 12.0788 ], [ 92.9599, 12.1077 ], [ 93.0058, 12.1004 ] ] ], [ [ [ 92.7395, 12.1108 ], [ 92.7432, 12.1152 ], [ 92.7424, 12.1118 ], [ 92.7395, 12.1108 ] ] ], [ [ [ 92.9514, 12.0846 ], [ 92.9481, 12.1163 ], [ 92.9576, 12.1022 ], [ 92.9514, 12.0846 ] ] ], [ [ [ 93.0022, 12.1111 ], [ 92.9981, 12.1136 ], [ 93.0021, 12.1179 ], [ 93.0022, 12.1111 ] ] ], [ [ [ 93.0994, 12.1364 ], [ 93.097, 12.1334 ], [ 93.0962, 12.1366 ], [ 93.0994, 12.1364 ] ] ], [ [ [ 93.1237, 12.1403 ], [ 93.1153, 12.1302 ], [ 93.1101, 12.1429 ], [ 93.1237, 12.1403 ] ] ], [ [ [ 92.9922, 12.1441 ], [ 92.9978, 12.1144 ], [ 92.9631, 12.1229 ], [ 92.9637, 12.1508 ], [ 92.9922, 12.1441 ] ] ], [ [ [ 92.8439, 12.1497 ], [ 92.8462, 12.1514 ], [ 92.8467, 12.1509 ], [ 92.8439, 12.1497 ] ] ], [ [ [ 93.0341, 12.1003 ], [ 93.0541, 12.076 ], [ 93.0453, 12.0457 ], [ 93.0078, 12.0756 ], [ 93.0086, 12.1041 ], [ 93.0002, 12.108 ], [ 93.0052, 12.1151 ], [ 93.0072, 12.1471 ], [ 93.0289, 12.1659 ], [ 93.0341, 12.1003 ] ] ], [ [ [ 92.7638, 12.1789 ], [ 92.7592, 12.1665 ], [ 92.7594, 12.1778 ], [ 92.7564, 12.1805 ], [ 92.7638, 12.1789 ] ] ], [ [ [ 92.7258, 12.1846 ], [ 92.7251, 12.1861 ], [ 92.7304, 12.1899 ], [ 92.7258, 12.1846 ] ] ], [ [ [ 93.095, 12.1424 ], [ 93.0741, 12.0838 ], [ 93.0368, 12.1333 ], [ 93.0745, 12.2104 ], [ 93.095, 12.1424 ] ] ], [ [ [ 92.6798, 12.219 ], [ 92.6823, 12.2244 ], [ 92.6832, 12.2236 ], [ 92.6798, 12.219 ] ] ], [ [ [ 92.9411, 12.2173 ], [ 92.9328, 12.1961 ], [ 92.9253, 12.2163 ], [ 92.9411, 12.2173 ] ] ], [ [ [ 92.7039, 12.1643 ], [ 92.7579, 12.1773 ], [ 92.7357, 12.1044 ], [ 92.7351, 12.0742 ], [ 92.7835, 12.0465 ], [ 92.7623, 12.0213 ], [ 92.7384, 12.0416 ], [ 92.7689, 11.9992 ], [ 92.7284, 11.9952 ], [ 92.7145, 11.9332 ], [ 92.7247, 11.8509 ], [ 92.6782, 11.8202 ], [ 92.6806, 11.7994 ], [ 92.7193, 11.8267 ], [ 92.7463, 11.9322 ], [ 92.7882, 11.919 ], [ 92.7554, 11.7022 ], [ 92.7018, 11.7079 ], [ 92.7093, 11.6706 ], [ 92.6653, 11.6536 ], [ 92.6956, 11.6216 ], [ 92.7224, 11.6895 ], [ 92.7569, 11.6649 ], [ 92.7117, 11.4776 ], [ 92.646, 11.5236 ], [ 92.6471, 11.5725 ], [ 92.6176, 11.5626 ], [ 92.6203, 11.5742 ], [ 92.6192, 11.5834 ], [ 92.6072, 11.5942 ], [ 92.6086, 11.621 ], [ 92.6358, 11.6158 ], [ 92.6445, 11.6367 ], [ 92.6079, 11.6341 ], [ 92.589, 11.7247 ], [ 92.5622, 11.694 ], [ 92.5467, 11.8355 ], [ 92.5136, 11.8487 ], [ 92.5625, 11.9469 ], [ 92.6021, 11.8968 ], [ 92.6004, 11.8663 ], [ 92.6025, 11.8611 ], [ 92.6043, 11.8589 ], [ 92.6063, 11.8579 ], [ 92.6226, 12.0961 ], [ 92.6616, 12.2158 ], [ 92.6548, 12.1816 ], [ 92.6974, 12.2399 ], [ 92.7039, 12.1643 ] ] ], [ [ [ 92.7329, 12.2106 ], [ 92.7626, 12.2297 ], [ 92.7635, 12.1817 ], [ 92.7468, 12.1805 ], [ 92.731, 12.1925 ], [ 92.7208, 12.1906 ], [ 92.7315, 12.2423 ], [ 92.7329, 12.2106 ] ] ], [ [ [ 92.8796, 12.2481 ], [ 92.8802, 12.2505 ], [ 92.8818, 12.2489 ], [ 92.8796, 12.2481 ] ] ], [ [ [ 92.6999, 12.2471 ], [ 92.6993, 12.2439 ], [ 92.6955, 12.2471 ], [ 92.6999, 12.2471 ] ] ], [ [ [ 92.8615, 12.2432 ], [ 92.8651, 12.251 ], [ 92.8699, 12.249 ], [ 92.8615, 12.2432 ] ] ], [ [ [ 92.9142, 12.2322 ], [ 92.9123, 12.2222 ], [ 92.8781, 12.21 ], [ 92.8713, 12.2457 ], [ 92.8837, 12.2381 ], [ 92.9008, 12.2552 ], [ 92.9142, 12.2322 ] ] ], [ [ [ 93.0885, 12.2373 ], [ 93.1057, 12.2603 ], [ 93.1006, 12.2044 ], [ 93.0632, 12.2299 ], [ 93.0793, 12.2596 ], [ 93.0885, 12.2373 ] ] ], [ [ [ 92.8999, 12.2587 ], [ 92.9002, 12.2627 ], [ 92.9016, 12.2625 ], [ 92.8999, 12.2587 ] ] ], [ [ [ 92.7384, 12.272 ], [ 92.7354, 12.269 ], [ 92.7347, 12.2701 ], [ 92.7384, 12.272 ] ] ], [ [ [ 93.0266, 12.2738 ], [ 93.0221, 12.2747 ], [ 93.028, 12.2799 ], [ 93.0266, 12.2738 ] ] ], [ [ [ 92.7429, 12.2555 ], [ 92.7345, 12.2479 ], [ 92.7395, 12.2711 ], [ 92.7396, 12.2825 ], [ 92.7429, 12.2555 ] ] ], [ [ [ 92.7371, 12.2828 ], [ 92.7356, 12.2813 ], [ 92.7352, 12.2881 ], [ 92.7371, 12.2828 ] ] ], [ [ [ 92.7532, 12.2769 ], [ 92.7624, 12.2942 ], [ 92.768, 12.2856 ], [ 92.7532, 12.2769 ] ] ], [ [ [ 92.7529, 12.2947 ], [ 92.755, 12.2945 ], [ 92.7548, 12.2933 ], [ 92.7529, 12.2947 ] ] ], [ [ [ 93.8763, 12.2732 ], [ 93.8548, 12.2657 ], [ 93.8491, 12.2887 ], [ 93.8763, 12.2732 ] ] ], [ [ [ 92.7664, 12.2898 ], [ 92.7709, 12.2953 ], [ 92.7719, 12.2934 ], [ 92.7664, 12.2898 ] ] ], [ [ [ 92.8802, 12.2952 ], [ 92.8768, 12.294 ], [ 92.8777, 12.2971 ], [ 92.8802, 12.2952 ] ] ], [ [ [ 92.765, 12.2966 ], [ 92.7632, 12.2972 ], [ 92.7652, 12.2996 ], [ 92.765, 12.2966 ] ] ], [ [ [ 92.7239, 12.2911 ], [ 92.7108, 12.2301 ], [ 92.6999, 12.2757 ], [ 92.7239, 12.2911 ] ] ], [ [ [ 92.9423, 12.2757 ], [ 92.9232, 12.2307 ], [ 92.9017, 12.2879 ], [ 92.9344, 12.3082 ], [ 92.9423, 12.2757 ] ] ], [ [ [ 92.8871, 12.2868 ], [ 92.8592, 12.2451 ], [ 92.8821, 12.1981 ], [ 92.8458, 12.1999 ], [ 92.8508, 12.1575 ], [ 92.8226, 12.1657 ], [ 92.7649, 12.0637 ], [ 92.7395, 12.0992 ], [ 92.7652, 12.1757 ], [ 92.7708, 12.2312 ], [ 92.7434, 12.251 ], [ 92.7818, 12.2851 ], [ 92.7714, 12.3131 ], [ 92.7962, 12.3041 ], [ 92.8099, 12.3136 ], [ 92.8257, 12.3042 ], [ 92.8871, 12.2868 ] ] ], [ [ [ 93.0728, 12.3159 ], [ 93.0626, 12.3158 ], [ 93.0673, 12.3187 ], [ 93.0728, 12.3159 ] ] ], [ [ [ 92.9111, 12.3333 ], [ 92.9115, 12.3355 ], [ 92.913, 12.3335 ], [ 92.9111, 12.3333 ] ] ], [ [ [ 92.9048, 12.3384 ], [ 92.9045, 12.3411 ], [ 92.9065, 12.3401 ], [ 92.9048, 12.3384 ] ] ], [ [ [ 92.9181, 12.3494 ], [ 92.9107, 12.3379 ], [ 92.9099, 12.3505 ], [ 92.9181, 12.3494 ] ] ], [ [ [ 92.8953, 12.3936 ], [ 92.8957, 12.3953 ], [ 92.8974, 12.3946 ], [ 92.8953, 12.3936 ] ] ], [ [ [ 92.8893, 12.4074 ], [ 92.8844, 12.3748 ], [ 92.8444, 12.3953 ], [ 92.8893, 12.4074 ] ] ], [ [ [ 92.8994, 12.4087 ], [ 92.8986, 12.4074 ], [ 92.897, 12.4101 ], [ 92.8994, 12.4087 ] ] ], [ [ [ 92.8884, 12.4133 ], [ 92.8887, 12.4144 ], [ 92.8898, 12.4139 ], [ 92.8884, 12.4133 ] ] ], [ [ [ 92.8696, 12.4144 ], [ 92.8597, 12.4144 ], [ 92.8592, 12.4174 ], [ 92.8696, 12.4144 ] ] ], [ [ [ 92.8992, 12.4213 ], [ 92.8998, 12.4261 ], [ 92.9034, 12.4253 ], [ 92.8992, 12.4213 ] ] ], [ [ [ 92.8363, 12.4159 ], [ 92.8292, 12.4255 ], [ 92.8363, 12.4258 ], [ 92.8363, 12.4159 ] ] ], [ [ [ 92.9606, 12.4192 ], [ 92.9309, 12.3585 ], [ 92.9261, 12.4048 ], [ 92.9606, 12.4192 ] ] ], [ [ [ 92.6846, 12.5396 ], [ 92.6787, 12.5224 ], [ 92.6687, 12.5324 ], [ 92.6846, 12.5396 ] ] ], [ [ [ 92.7009, 12.6391 ], [ 92.7022, 12.6413 ], [ 92.7034, 12.6403 ], [ 92.7009, 12.6391 ] ] ], [ [ [ 92.7295, 12.7304 ], [ 92.728, 12.7269 ], [ 92.7229, 12.7358 ], [ 92.7295, 12.7304 ] ] ], [ [ [ 92.7256, 12.7525 ], [ 92.726, 12.7538 ], [ 92.7268, 12.7536 ], [ 92.7256, 12.7525 ] ] ], [ [ [ 92.7167, 12.774 ], [ 92.7174, 12.7746 ], [ 92.7179, 12.7739 ], [ 92.7167, 12.774 ] ] ], [ [ [ 92.7176, 12.7765 ], [ 92.7173, 12.775 ], [ 92.7158, 12.7757 ], [ 92.7176, 12.7765 ] ] ], [ [ [ 92.7158, 12.7829 ], [ 92.7159, 12.7838 ], [ 92.7168, 12.7835 ], [ 92.7158, 12.7829 ] ] ], [ [ [ 92.7246, 12.7661 ], [ 92.7249, 12.7618 ], [ 92.7168, 12.7878 ], [ 92.7246, 12.7661 ] ] ], [ [ [ 92.7153, 12.7946 ], [ 92.7158, 12.7977 ], [ 92.7165, 12.7959 ], [ 92.7153, 12.7946 ] ] ], [ [ [ 92.7155, 12.8 ], [ 92.7162, 12.8014 ], [ 92.7169, 12.8011 ], [ 92.7155, 12.8 ] ] ], [ [ [ 92.7163, 12.8026 ], [ 92.7165, 12.8046 ], [ 92.7176, 12.8044 ], [ 92.7163, 12.8026 ] ] ], [ [ [ 92.7122, 12.7773 ], [ 92.7254, 12.749 ], [ 92.7184, 12.7192 ], [ 92.6946, 12.796 ], [ 92.7104, 12.8291 ], [ 92.7122, 12.7773 ] ] ], [ [ [ 92.7248, 12.8342 ], [ 92.7274, 12.8385 ], [ 92.7278, 12.8355 ], [ 92.7248, 12.8342 ] ] ], [ [ [ 92.7652, 12.8536 ], [ 92.7648, 12.8526 ], [ 92.7638, 12.8536 ], [ 92.7652, 12.8536 ] ] ], [ [ [ 92.7292, 12.856 ], [ 92.7317, 12.8567 ], [ 92.7317, 12.8557 ], [ 92.7292, 12.856 ] ] ], [ [ [ 92.7185, 12.8354 ], [ 92.7096, 12.8337 ], [ 92.7199, 12.8649 ], [ 92.7185, 12.8354 ] ] ], [ [ [ 92.7765, 12.8651 ], [ 92.776, 12.8664 ], [ 92.7782, 12.8667 ], [ 92.7765, 12.8651 ] ] ], [ [ [ 92.7652, 12.869 ], [ 92.7661, 12.8549 ], [ 92.761, 12.8679 ], [ 92.7652, 12.869 ] ] ], [ [ [ 92.7605, 12.8774 ], [ 92.757, 12.8762 ], [ 92.7571, 12.8787 ], [ 92.7605, 12.8774 ] ] ], [ [ [ 92.7904, 12.8846 ], [ 92.7843, 12.8824 ], [ 92.7819, 12.8919 ], [ 92.7904, 12.8846 ] ] ], [ [ [ 92.8917, 12.8985 ], [ 92.8922, 12.8998 ], [ 92.8936, 12.8992 ], [ 92.8917, 12.8985 ] ] ], [ [ [ 92.7557, 12.8915 ], [ 92.7501, 12.8907 ], [ 92.7542, 12.9138 ], [ 92.7557, 12.8915 ] ] ], [ [ [ 92.757, 12.9127 ], [ 92.7582, 12.9141 ], [ 92.7584, 12.9132 ], [ 92.757, 12.9127 ] ] ], [ [ [ 92.8632, 12.9138 ], [ 92.8636, 12.9151 ], [ 92.8648, 12.9146 ], [ 92.8632, 12.9138 ] ] ], [ [ [ 92.8006, 12.8977 ], [ 92.7926, 12.892 ], [ 92.7741, 12.9115 ], [ 92.8006, 12.8977 ] ] ], [ [ [ 92.7675, 12.9164 ], [ 92.7667, 12.9179 ], [ 92.768, 12.9179 ], [ 92.7675, 12.9164 ] ] ], [ [ [ 92.9317, 12.917 ], [ 92.9317, 12.919 ], [ 92.9367, 12.9171 ], [ 92.9317, 12.917 ] ] ], [ [ [ 92.7666, 12.9196 ], [ 92.7638, 12.9181 ], [ 92.7625, 12.9223 ], [ 92.7666, 12.9196 ] ] ], [ [ [ 92.9221, 12.913 ], [ 92.9045, 12.8862 ], [ 92.9539, 12.8074 ], [ 92.9339, 12.7737 ], [ 92.9801, 12.7101 ], [ 92.9488, 12.6288 ], [ 92.9682, 12.497 ], [ 92.9303, 12.4801 ], [ 92.9587, 12.4731 ], [ 92.9151, 12.4438 ], [ 92.9148, 12.4063 ], [ 92.907, 12.4067 ], [ 92.9099, 12.4205 ], [ 92.8923, 12.4364 ], [ 92.8562, 12.4568 ], [ 92.8993, 12.4164 ], [ 92.8076, 12.4373 ], [ 92.8952, 12.3202 ], [ 92.7715, 12.3196 ], [ 92.7196, 12.3004 ], [ 92.7075, 12.5952 ], [ 92.6846, 12.6089 ], [ 92.7522, 12.6712 ], [ 92.7814, 12.6353 ], [ 92.7891, 12.6751 ], [ 92.7857, 12.6982 ], [ 92.7328, 12.6744 ], [ 92.746, 12.7228 ], [ 92.7235, 12.8269 ], [ 92.7384, 12.8106 ], [ 92.803, 12.8972 ], [ 92.8418, 12.8756 ], [ 92.8588, 12.8778 ], [ 92.8744, 12.8816 ], [ 92.8731, 12.8933 ], [ 92.896, 12.8986 ], [ 92.8979, 12.9274 ], [ 92.9221, 12.913 ] ] ], [ [ [ 92.8882, 12.9293 ], [ 92.8881, 12.9281 ], [ 92.8865, 12.9284 ], [ 92.8882, 12.9293 ] ] ], [ [ [ 92.7761, 12.9263 ], [ 92.7727, 12.9177 ], [ 92.7696, 12.9289 ], [ 92.7761, 12.9263 ] ] ], [ [ [ 92.8924, 12.9321 ], [ 92.8911, 12.9318 ], [ 92.8911, 12.9325 ], [ 92.8924, 12.9321 ] ] ], [ [ [ 92.8862, 12.924 ], [ 92.8653, 12.9167 ], [ 92.8598, 12.9328 ], [ 92.8862, 12.924 ] ] ], [ [ [ 92.7668, 12.9286 ], [ 92.7633, 12.926 ], [ 92.7609, 12.9313 ], [ 92.7668, 12.9286 ] ] ], [ [ [ 92.8931, 12.9368 ], [ 92.8895, 12.9351 ], [ 92.8902, 12.9379 ], [ 92.8931, 12.9368 ] ] ], [ [ [ 92.9025, 12.9407 ], [ 92.9031, 12.9386 ], [ 92.8997, 12.9412 ], [ 92.9025, 12.9407 ] ] ], [ [ [ 92.7203, 12.9789 ], [ 92.7196, 12.8743 ], [ 92.6682, 12.7827 ], [ 92.6481, 12.8617 ], [ 92.6963, 12.9915 ], [ 92.7203, 12.9789 ] ] ], [ [ [ 92.9812, 12.9329 ], [ 92.9521, 12.9409 ], [ 92.9738, 12.9465 ], [ 92.9594, 12.9889 ], [ 92.9723, 12.9698 ], [ 93.0063, 12.9971 ], [ 92.9812, 12.9329 ] ] ], [ [ [ 92.9884, 12.9984 ], [ 92.9865, 12.9988 ], [ 92.9869, 13.0005 ], [ 92.9884, 12.9984 ] ] ], [ [ [ 92.9103, 13.0041 ], [ 92.9109, 13.005 ], [ 92.9127, 13.0036 ], [ 92.9103, 13.0041 ] ] ], [ [ [ 92.9093, 13.0072 ], [ 92.9094, 13.008 ], [ 92.9102, 13.0079 ], [ 92.9093, 13.0072 ] ] ], [ [ [ 92.9483, 13.0209 ], [ 92.9451, 13.0253 ], [ 92.9472, 13.0259 ], [ 92.9483, 13.0209 ] ] ], [ [ [ 92.94, 13.0251 ], [ 92.9419, 12.9955 ], [ 92.9209, 13.0005 ], [ 92.94, 13.0251 ] ] ], [ [ [ 92.9144, 13.0425 ], [ 92.9166, 13.0477 ], [ 92.9184, 13.0459 ], [ 92.9144, 13.0425 ] ] ], [ [ [ 92.9317, 13.0515 ], [ 92.9332, 13.0533 ], [ 92.9342, 13.0513 ], [ 92.9317, 13.0515 ] ] ], [ [ [ 92.9168, 13.0579 ], [ 92.9137, 13.0669 ], [ 92.9147, 13.0664 ], [ 92.9168, 13.0579 ] ] ], [ [ [ 92.7285, 13.0932 ], [ 92.7307, 13.0954 ], [ 92.7313, 13.0945 ], [ 92.7285, 13.0932 ] ] ], [ [ [ 92.7201, 13.0956 ], [ 92.7018, 13.071 ], [ 92.6961, 13.0954 ], [ 92.7201, 13.0956 ] ] ], [ [ [ 92.7973, 13.1683 ], [ 92.795, 13.1676 ], [ 92.7933, 13.17 ], [ 92.7973, 13.1683 ] ] ], [ [ [ 93.0589, 13.2226 ], [ 93.0577, 13.2265 ], [ 93.0591, 13.2264 ], [ 93.0589, 13.2226 ] ] ], [ [ [ 93.0156, 13.2837 ], [ 93.0144, 13.2841 ], [ 93.0155, 13.2852 ], [ 93.0156, 13.2837 ] ] ], [ [ [ 93.0741, 13.3031 ], [ 93.0787, 13.3015 ], [ 93.0773, 13.2994 ], [ 93.0741, 13.3031 ] ] ], [ [ [ 93.022, 13.3223 ], [ 93.0215, 13.3013 ], [ 93.0162, 13.3241 ], [ 93.022, 13.3223 ] ] ], [ [ [ 93.0072, 13.3364 ], [ 93.0093, 13.3372 ], [ 93.0093, 13.3365 ], [ 93.0072, 13.3364 ] ] ], [ [ [ 92.9654, 13.336 ], [ 92.97, 13.3387 ], [ 92.968, 13.3357 ], [ 92.9654, 13.336 ] ] ], [ [ [ 93.015, 13.3375 ], [ 93.0136, 13.3374 ], [ 93.0139, 13.3387 ], [ 93.015, 13.3375 ] ] ], [ [ [ 93.0364, 13.3425 ], [ 93.0385, 13.344 ], [ 93.0388, 13.3428 ], [ 93.0364, 13.3425 ] ] ], [ [ [ 93.0163, 13.341 ], [ 93.0189, 13.346 ], [ 93.0206, 13.345 ], [ 93.0163, 13.341 ] ] ], [ [ [ 93.0773, 13.3629 ], [ 93.0738, 13.3652 ], [ 93.0757, 13.3665 ], [ 93.0773, 13.3629 ] ] ], [ [ [ 93.0822, 13.3671 ], [ 93.0806, 13.3682 ], [ 93.0819, 13.3697 ], [ 93.0822, 13.3671 ] ] ], [ [ [ 93.0623, 13.383 ], [ 93.0613, 13.383 ], [ 93.0606, 13.3856 ], [ 93.0623, 13.383 ] ] ], [ [ [ 92.865, 13.412 ], [ 92.8646, 13.413 ], [ 92.8661, 13.4135 ], [ 92.865, 13.412 ] ] ], [ [ [ 92.8187, 13.4162 ], [ 92.8145, 13.4035 ], [ 92.8119, 13.4182 ], [ 92.8187, 13.4162 ] ] ], [ [ [ 93.0955, 13.4157 ], [ 93.0892, 13.41 ], [ 93.0873, 13.4156 ], [ 93.0955, 13.4157 ] ] ], [ [ [ 93.0672, 13.4222 ], [ 93.0725, 13.4312 ], [ 93.0705, 13.4233 ], [ 93.0672, 13.4222 ] ] ], [ [ [ 93.1027, 13.4346 ], [ 93.1036, 13.4302 ], [ 93.0962, 13.4343 ], [ 93.1027, 13.4346 ] ] ], [ [ [ 92.8423, 13.4262 ], [ 92.8221, 13.4215 ], [ 92.8217, 13.436 ], [ 92.8423, 13.4262 ] ] ], [ [ [ 94.2464, 13.4428 ], [ 94.2597, 13.4668 ], [ 94.2758, 13.4686 ], [ 94.2464, 13.4428 ] ] ], [ [ [ 92.8668, 13.5072 ], [ 92.8702, 13.5132 ], [ 92.8723, 13.5122 ], [ 92.8668, 13.5072 ] ] ], [ [ [ 92.9221, 13.513 ], [ 92.9145, 13.5068 ], [ 92.9155, 13.5142 ], [ 92.9221, 13.513 ] ] ], [ [ [ 92.9121, 13.5339 ], [ 92.906, 13.5306 ], [ 92.9055, 13.5357 ], [ 92.9121, 13.5339 ] ] ], [ [ [ 92.8743, 13.5366 ], [ 92.8752, 13.5403 ], [ 92.8778, 13.5381 ], [ 92.8743, 13.5366 ] ] ], [ [ [ 93.0049, 13.5583 ], [ 93.0056, 13.561 ], [ 93.0068, 13.5592 ], [ 93.0049, 13.5583 ] ] ], [ [ [ 93.0564, 13.5628 ], [ 93.0536, 13.5604 ], [ 93.052, 13.5645 ], [ 93.0564, 13.5628 ] ] ], [ [ [ 93.0162, 13.4325 ], [ 93.0704, 13.4063 ], [ 93.0255, 13.373 ], [ 93.0555, 13.3821 ], [ 93.09, 13.336 ], [ 93.0652, 13.3043 ], [ 93.0417, 13.3677 ], [ 92.9871, 13.3291 ], [ 92.9705, 13.3604 ], [ 92.9501, 13.3435 ], [ 92.9919, 13.2925 ], [ 93.009, 13.3209 ], [ 93.0118, 13.2768 ], [ 93.0657, 13.2723 ], [ 93.0318, 13.1787 ], [ 93.0346, 13.0826 ], [ 93.0029, 13.0286 ], [ 92.9653, 13.0365 ], [ 92.9716, 13.0132 ], [ 92.9347, 13.0427 ], [ 92.9441, 13.0549 ], [ 92.9362, 13.0872 ], [ 92.9235, 13.0566 ], [ 92.9133, 13.0762 ], [ 92.9042, 13.0799 ], [ 92.8877, 13.0449 ], [ 92.9161, 13.0545 ], [ 92.9015, 13.0221 ], [ 92.9084, 13.0 ], [ 92.9385, 12.9717 ], [ 92.9125, 12.9468 ], [ 92.9073, 12.9859 ], [ 92.8813, 12.9822 ], [ 92.8545, 12.9398 ], [ 92.8584, 12.9033 ], [ 92.8758, 12.9086 ], [ 92.8696, 12.8901 ], [ 92.8735, 12.8835 ], [ 92.842, 12.8765 ], [ 92.7944, 12.914 ], [ 92.7949, 12.9873 ], [ 92.8254, 13.0135 ], [ 92.7878, 13.0196 ], [ 92.8098, 13.1267 ], [ 92.8478, 13.1406 ], [ 92.8097, 13.153 ], [ 92.8354, 13.1736 ], [ 92.8277, 13.2371 ], [ 92.8539, 13.2363 ], [ 92.822, 13.2791 ], [ 92.8397, 13.3754 ], [ 92.8668, 13.3816 ], [ 92.8422, 13.3995 ], [ 92.8681, 13.4025 ], [ 92.8839, 13.4296 ], [ 92.8721, 13.472 ], [ 92.9297, 13.5019 ], [ 92.9149, 13.5339 ], [ 92.99, 13.5272 ], [ 92.9882, 13.5733 ], [ 93.0096, 13.5425 ], [ 93.0302, 13.5711 ], [ 93.0162, 13.4325 ] ] ], [ [ [ 92.9033, 13.5961 ], [ 92.885, 13.5746 ], [ 92.8885, 13.5952 ], [ 92.9033, 13.5961 ] ] ], [ [ [ 93.0664, 13.6497 ], [ 93.0467, 13.6211 ], [ 93.0431, 13.6376 ], [ 93.0664, 13.6497 ] ] ], [ [ [ 93.0318, 13.6337 ], [ 93.0257, 13.6272 ], [ 92.9769, 13.655 ], [ 93.0167, 13.6751 ], [ 93.0318, 13.6337 ] ] ], [ [ [ 81.2754, 16.2783 ], [ 81.2713, 16.2793 ], [ 81.277, 16.3164 ], [ 81.3937, 16.3338 ], [ 81.2754, 16.2783 ] ] ], [ [ [ 70.9601, 20.7362 ], [ 70.9976, 20.714 ], [ 70.8735, 20.7099 ], [ 70.9601, 20.7362 ] ] ], [ [ [ 74.1135, 14.752 ], [ 74.1091, 14.7593 ], [ 74.1116, 14.7598 ], [ 74.1135, 14.752 ] ] ], [ [ [ 71.7038, 20.9951 ], [ 71.6954, 20.9968 ], [ 71.6982, 20.9993 ], [ 71.7038, 20.9951 ] ] ], [ [ [ 71.714, 20.9977 ], [ 71.706, 20.9974 ], [ 71.7065, 20.9988 ], [ 71.714, 20.9977 ] ] ], [ [ [ 72.6546, 21.0737 ], [ 72.6574, 21.0651 ], [ 72.6479, 21.0679 ], [ 72.6546, 21.0737 ] ] ], [ [ [ 72.6807, 21.0965 ], [ 72.6807, 21.0954 ], [ 72.6787, 21.0968 ], [ 72.6807, 21.0965 ] ] ], [ [ [ 72.6729, 21.1043 ], [ 72.6762, 21.0971 ], [ 72.6693, 21.1049 ], [ 72.6729, 21.1043 ] ] ], [ [ [ 72.7032, 21.1146 ], [ 72.6996, 21.1124 ], [ 72.6976, 21.1168 ], [ 72.7032, 21.1146 ] ] ], [ [ [ 72.7104, 21.1407 ], [ 72.6968, 21.1187 ], [ 72.689, 21.0899 ], [ 72.6765, 21.1557 ], [ 72.7104, 21.1407 ] ] ], [ [ [ 72.1032, 21.2704 ], [ 72.099, 21.2654 ], [ 72.1021, 21.2707 ], [ 72.1032, 21.2704 ] ] ], [ [ [ 72.5874, 21.3363 ], [ 72.586, 21.3363 ], [ 72.5871, 21.3399 ], [ 72.5874, 21.3363 ] ] ], [ [ [ 72.5829, 21.3624 ], [ 72.5787, 21.3601 ], [ 72.5796, 21.3643 ], [ 72.5829, 21.3624 ] ] ], [ [ [ 72.5999, 21.3779 ], [ 72.5876, 21.3674 ], [ 72.5938, 21.3807 ], [ 72.5999, 21.3779 ] ] ], [ [ [ 72.6218, 21.4032 ], [ 72.6126, 21.3957 ], [ 72.6171, 21.4051 ], [ 72.6218, 21.4032 ] ] ], [ [ [ 72.6357, 21.4132 ], [ 72.6315, 21.4118 ], [ 72.6351, 21.4176 ], [ 72.6357, 21.4132 ] ] ], [ [ [ 72.6726, 21.4401 ], [ 72.6638, 21.4396 ], [ 72.6654, 21.4432 ], [ 72.6726, 21.4401 ] ] ], [ [ [ 72.6929, 21.4611 ], [ 72.6929, 21.4618 ], [ 72.6933, 21.4618 ], [ 72.6929, 21.4611 ] ] ], [ [ [ 72.6579, 21.471 ], [ 72.6582, 21.471 ], [ 72.6579, 21.4707 ], [ 72.6579, 21.471 ] ] ], [ [ [ 72.671, 21.5149 ], [ 72.6714, 21.5151 ], [ 72.6713, 21.5148 ], [ 72.671, 21.5149 ] ] ], [ [ [ 72.6746, 21.5211 ], [ 72.6746, 21.5213 ], [ 72.6747, 21.5213 ], [ 72.6746, 21.5211 ] ] ], [ [ [ 72.6944, 21.5272 ], [ 72.6938, 21.5274 ], [ 72.6957, 21.5274 ], [ 72.6944, 21.5272 ] ] ], [ [ [ 72.7061, 21.5324 ], [ 72.7065, 21.5326 ], [ 72.7065, 21.5324 ], [ 72.7061, 21.5324 ] ] ], [ [ [ 72.6851, 21.5407 ], [ 72.6851, 21.5409 ], [ 72.6852, 21.5408 ], [ 72.6851, 21.5407 ] ] ], [ [ [ 72.3651, 21.5976 ], [ 72.3587, 21.5799 ], [ 72.3454, 21.6024 ], [ 72.3651, 21.5976 ] ] ], [ [ [ 72.584, 21.626 ], [ 72.5813, 21.6263 ], [ 72.5835, 21.629 ], [ 72.584, 21.626 ] ] ], [ [ [ 72.6074, 21.619 ], [ 72.6051, 21.6196 ], [ 72.6062, 21.6285 ], [ 72.6074, 21.619 ] ] ], [ [ [ 72.6107, 21.6299 ], [ 72.6099, 21.6296 ], [ 72.6101, 21.6313 ], [ 72.6107, 21.6299 ] ] ], [ [ [ 72.616, 21.6362 ], [ 72.6146, 21.6354 ], [ 72.6143, 21.6365 ], [ 72.616, 21.6362 ] ] ], [ [ [ 72.596, 21.6301 ], [ 72.6115, 21.6357 ], [ 72.6015, 21.6268 ], [ 72.599, 21.6174 ], [ 72.5879, 21.6301 ], [ 72.596, 21.6301 ] ] ], [ [ [ 72.6185, 21.6385 ], [ 72.6171, 21.639 ], [ 72.6171, 21.6396 ], [ 72.6185, 21.6385 ] ] ], [ [ [ 72.6026, 21.6413 ], [ 72.6026, 21.6399 ], [ 72.5987, 21.6371 ], [ 72.6026, 21.6413 ] ] ], [ [ [ 72.7487, 21.6439 ], [ 72.7487, 21.644 ], [ 72.749, 21.644 ], [ 72.7487, 21.6439 ] ] ], [ [ [ 72.751, 21.6463 ], [ 72.749, 21.6441 ], [ 72.7496, 21.6476 ], [ 72.751, 21.6463 ] ] ], [ [ [ 72.8199, 21.6586 ], [ 72.8199, 21.6588 ], [ 72.8201, 21.6588 ], [ 72.8199, 21.6586 ] ] ], [ [ [ 72.821, 21.6591 ], [ 72.821, 21.6593 ], [ 72.8212, 21.6593 ], [ 72.821, 21.6591 ] ] ], [ [ [ 72.8213, 21.6593 ], [ 72.8213, 21.6596 ], [ 72.8216, 21.6596 ], [ 72.8213, 21.6593 ] ] ], [ [ [ 72.8218, 21.6597 ], [ 72.8218, 21.6599 ], [ 72.822, 21.6599 ], [ 72.8218, 21.6597 ] ] ], [ [ [ 72.746, 21.6588 ], [ 72.751, 21.6529 ], [ 72.7168, 21.6446 ], [ 72.746, 21.6588 ] ] ], [ [ [ 72.2618, 21.7432 ], [ 72.2618, 21.7434 ], [ 72.2619, 21.7432 ], [ 72.2618, 21.7432 ] ] ], [ [ [ 72.2615, 21.7435 ], [ 72.2615, 21.744 ], [ 72.2616, 21.7439 ], [ 72.2615, 21.7435 ] ] ], [ [ [ 72.2615, 21.744 ], [ 72.2604, 21.7451 ], [ 72.2604, 21.7462 ], [ 72.2615, 21.744 ] ] ], [ [ [ 72.2826, 21.7346 ], [ 72.2876, 21.7074 ], [ 72.2676, 21.7365 ], [ 72.2826, 21.7346 ] ] ], [ [ [ 72.2582, 21.7523 ], [ 72.2583, 21.7513 ], [ 72.2562, 21.7543 ], [ 72.2582, 21.7523 ] ] ], [ [ [ 72.5443, 21.752 ], [ 72.544, 21.749 ], [ 72.5429, 21.7546 ], [ 72.5443, 21.752 ] ] ], [ [ [ 72.2559, 21.7568 ], [ 72.2554, 21.7571 ], [ 72.2554, 21.7578 ], [ 72.2559, 21.7568 ] ] ], [ [ [ 72.2551, 21.7582 ], [ 72.2551, 21.7583 ], [ 72.2552, 21.7582 ], [ 72.2551, 21.7582 ] ] ], [ [ [ 72.2543, 21.7593 ], [ 72.2543, 21.76 ], [ 72.2548, 21.759 ], [ 72.2543, 21.7593 ] ] ], [ [ [ 72.5476, 21.7699 ], [ 72.5477, 21.7699 ], [ 72.5477, 21.7696 ], [ 72.5476, 21.7699 ] ] ], [ [ [ 72.2496, 21.7735 ], [ 72.2496, 21.7738 ], [ 72.2497, 21.7735 ], [ 72.2496, 21.7735 ] ] ], [ [ [ 72.2493, 21.774 ], [ 72.2493, 21.7744 ], [ 72.2495, 21.7741 ], [ 72.2493, 21.774 ] ] ], [ [ [ 72.249, 21.7749 ], [ 72.249, 21.775 ], [ 72.2491, 21.7749 ], [ 72.249, 21.7749 ] ] ], [ [ [ 72.556, 21.8003 ], [ 72.556, 21.8007 ], [ 72.5561, 21.8007 ], [ 72.556, 21.8003 ] ] ], [ [ [ 72.5574, 21.8029 ], [ 72.5574, 21.8032 ], [ 72.5575, 21.8032 ], [ 72.5574, 21.8029 ] ] ], [ [ [ 72.3574, 21.9293 ], [ 72.3604, 21.9246 ], [ 72.3476, 21.929 ], [ 72.3574, 21.9293 ] ] ], [ [ [ 72.216, 22.0021 ], [ 72.2104, 22.0032 ], [ 72.2124, 22.0054 ], [ 72.216, 22.0021 ] ] ], [ [ [ 72.5615, 22.1766 ], [ 72.5615, 22.1768 ], [ 72.5617, 22.1768 ], [ 72.5615, 22.1766 ] ] ], [ [ [ 72.5643, 22.1808 ], [ 72.5643, 22.181 ], [ 72.5644, 22.1809 ], [ 72.5643, 22.1808 ] ] ], [ [ [ 72.5671, 22.1849 ], [ 72.5671, 22.1851 ], [ 72.5672, 22.1851 ], [ 72.5671, 22.1849 ] ] ], [ [ [ 72.5676, 22.1858 ], [ 72.5676, 22.186 ], [ 72.5677, 22.186 ], [ 72.5676, 22.1858 ] ] ], [ [ [ 72.5729, 22.1919 ], [ 72.5729, 22.1921 ], [ 72.5731, 22.1921 ], [ 72.5729, 22.1919 ] ] ], [ [ [ 72.4724, 22.2032 ], [ 72.4679, 22.2024 ], [ 72.4679, 22.2054 ], [ 72.4724, 22.2032 ] ] ], [ [ [ 72.3901, 22.2135 ], [ 72.3921, 22.2104 ], [ 72.3876, 22.2101 ], [ 72.3901, 22.2135 ] ] ], [ [ [ 72.3682, 22.224 ], [ 72.3765, 22.2038 ], [ 72.3635, 22.214 ], [ 72.3682, 22.224 ] ] ], [ [ [ 69.3121, 22.304 ], [ 69.3118, 22.3032 ], [ 69.3093, 22.3046 ], [ 69.3121, 22.304 ] ] ], [ [ [ 69.4582, 22.3521 ], [ 69.4374, 22.3543 ], [ 69.4396, 22.3568 ], [ 69.4582, 22.3521 ] ] ], [ [ [ 69.1857, 22.3671 ], [ 69.1854, 22.364 ], [ 69.1826, 22.3668 ], [ 69.1857, 22.3671 ] ] ], [ [ [ 69.1946, 22.3676 ], [ 69.1899, 22.3693 ], [ 69.1926, 22.371 ], [ 69.1946, 22.3676 ] ] ], [ [ [ 69.2151, 22.384 ], [ 69.2143, 22.3824 ], [ 69.2124, 22.384 ], [ 69.2151, 22.384 ] ] ], [ [ [ 69.2007, 22.3849 ], [ 69.1996, 22.384 ], [ 69.1996, 22.3871 ], [ 69.2024, 22.3876 ], [ 69.2007, 22.3849 ] ] ], [ [ [ 69.3404, 22.381 ], [ 69.3321, 22.3726 ], [ 69.3229, 22.3824 ], [ 69.3404, 22.381 ] ] ], [ [ [ 69.489, 22.3929 ], [ 69.4846, 22.3876 ], [ 69.4801, 22.3901 ], [ 69.489, 22.3929 ] ] ], [ [ [ 69.2807, 22.4157 ], [ 69.2776, 22.416 ], [ 69.2782, 22.4179 ], [ 69.2807, 22.4157 ] ] ], [ [ [ 69.2779, 22.4182 ], [ 69.2751, 22.419 ], [ 69.2757, 22.4199 ], [ 69.2779, 22.4182 ] ] ], [ [ [ 69.1418, 22.4543 ], [ 69.1426, 22.4529 ], [ 69.1407, 22.4546 ], [ 69.1418, 22.4543 ] ] ], [ [ [ 69.6571, 22.4282 ], [ 69.6365, 22.4065 ], [ 69.5882, 22.4371 ], [ 69.6276, 22.4595 ], [ 69.6571, 22.4282 ] ] ], [ [ [ 69.3246, 22.4696 ], [ 69.3268, 22.4571 ], [ 69.3012, 22.4529 ], [ 69.3246, 22.4696 ] ] ], [ [ [ 69.1468, 22.4632 ], [ 69.111, 22.464 ], [ 69.0849, 22.421 ], [ 69.0935, 22.4615 ], [ 69.1368, 22.4776 ], [ 69.1468, 22.4632 ] ] ], [ [ [ 69.0868, 22.4868 ], [ 69.084, 22.4851 ], [ 69.0851, 22.4882 ], [ 69.0868, 22.4868 ] ] ], [ [ [ 69.3512, 22.5265 ], [ 69.3637, 22.5124 ], [ 69.3351, 22.5074 ], [ 69.3249, 22.5274 ], [ 69.3512, 22.5265 ] ] ], [ [ [ 69.9471, 22.5315 ], [ 69.9476, 22.5304 ], [ 69.9435, 22.5304 ], [ 69.9471, 22.5315 ] ] ], [ [ [ 69.4065, 22.5271 ], [ 69.4032, 22.5243 ], [ 69.4018, 22.5282 ], [ 69.4065, 22.5271 ] ] ], [ [ [ 69.9568, 22.534 ], [ 69.9524, 22.5326 ], [ 69.9551, 22.536 ], [ 69.9568, 22.534 ] ] ], [ [ [ 69.9635, 22.5418 ], [ 69.954, 22.536 ], [ 69.9582, 22.5426 ], [ 69.9635, 22.5418 ] ] ], [ [ [ 69.9532, 22.5368 ], [ 69.9388, 22.5385 ], [ 69.9418, 22.5504 ], [ 69.9532, 22.5368 ] ] ], [ [ [ 69.9415, 22.5179 ], [ 69.8965, 22.5118 ], [ 69.8624, 22.5271 ], [ 69.9187, 22.5532 ], [ 69.9415, 22.5179 ] ] ], [ [ [ 70.0199, 22.5479 ], [ 70.0115, 22.5496 ], [ 70.016, 22.5515 ], [ 70.0199, 22.5479 ] ] ], [ [ [ 70.0049, 22.549 ], [ 69.996, 22.5488 ], [ 70.0007, 22.5524 ], [ 70.0049, 22.549 ] ] ], [ [ [ 70.0246, 22.5551 ], [ 70.0126, 22.554 ], [ 70.0168, 22.5579 ], [ 70.0246, 22.5551 ] ] ], [ [ [ 70.041, 22.5665 ], [ 70.0404, 22.5643 ], [ 70.0385, 22.5646 ], [ 70.041, 22.5665 ] ] ], [ [ [ 70.046, 22.5699 ], [ 70.0421, 22.5674 ], [ 70.0421, 22.5701 ], [ 70.046, 22.5699 ] ] ], [ [ [ 70.1832, 22.5826 ], [ 70.1832, 22.581 ], [ 70.1801, 22.5815 ], [ 70.1832, 22.5826 ] ] ], [ [ [ 70.0271, 22.5679 ], [ 69.9579, 22.5496 ], [ 69.9651, 22.5779 ], [ 70.009, 22.5931 ], [ 70.0271, 22.5679 ] ] ], [ [ [ 70.1918, 22.5982 ], [ 70.1893, 22.5976 ], [ 70.1888, 22.5996 ], [ 70.1918, 22.5982 ] ] ], [ [ [ 69.9582, 22.6038 ], [ 69.9638, 22.599 ], [ 69.9532, 22.5954 ], [ 69.9582, 22.6038 ] ] ], [ [ [ 70.221, 22.6435 ], [ 70.2204, 22.6401 ], [ 70.2168, 22.6421 ], [ 70.221, 22.6435 ] ] ], [ [ [ 70.2385, 22.6832 ], [ 70.2385, 22.6824 ], [ 70.2351, 22.6824 ], [ 70.2385, 22.6832 ] ] ], [ [ [ 70.2438, 22.6843 ], [ 70.2435, 22.6824 ], [ 70.239, 22.6821 ], [ 70.2438, 22.6843 ] ] ], [ [ [ 70.2474, 22.6882 ], [ 70.2426, 22.6868 ], [ 70.2418, 22.6896 ], [ 70.2474, 22.6882 ] ] ], [ [ [ 70.2465, 22.7146 ], [ 70.2454, 22.7118 ], [ 70.2435, 22.7124 ], [ 70.2465, 22.7146 ] ] ], [ [ [ 69.6665, 22.7532 ], [ 69.6665, 22.7507 ], [ 69.631, 22.7613 ], [ 69.6665, 22.7532 ] ] ], [ [ [ 69.6374, 22.7787 ], [ 69.6376, 22.7757 ], [ 69.6351, 22.7779 ], [ 69.6374, 22.7787 ] ] ], [ [ [ 69.8168, 22.8521 ], [ 69.8158, 22.8521 ], [ 69.8171, 22.8526 ], [ 69.8168, 22.8521 ] ] ], [ [ [ 69.8213, 22.854 ], [ 69.8209, 22.854 ], [ 69.8213, 22.8542 ], [ 69.8213, 22.854 ] ] ], [ [ [ 70.451, 22.986 ], [ 70.4326, 22.9788 ], [ 70.4357, 22.9837 ], [ 70.451, 22.986 ] ] ], [ [ [ 70.4304, 23.0354 ], [ 70.4146, 23.0226 ], [ 70.429, 23.0465 ], [ 70.4304, 23.0354 ] ] ], [ [ [ 70.4343, 23.0137 ], [ 70.4138, 22.9899 ], [ 70.4146, 23.0193 ], [ 70.4485, 23.0521 ], [ 70.4343, 23.0137 ] ] ], [ [ [ 70.4512, 23.0504 ], [ 70.4501, 23.0501 ], [ 70.4515, 23.0524 ], [ 70.4512, 23.0504 ] ] ], [ [ [ 70.4574, 23.0501 ], [ 70.4496, 23.0432 ], [ 70.4574, 23.0551 ], [ 70.4549, 23.0551 ], [ 70.4518, 23.0526 ], [ 70.4504, 23.0524 ], [ 70.4496, 23.0526 ], [ 70.459, 23.0576 ], [ 70.4574, 23.0501 ] ] ], [ [ [ 70.449, 23.0579 ], [ 70.446, 23.0582 ], [ 70.4471, 23.0593 ], [ 70.449, 23.0579 ] ] ], [ [ [ 70.4682, 23.0588 ], [ 70.4604, 23.0557 ], [ 70.4612, 23.0579 ], [ 70.4682, 23.0588 ] ] ], [ [ [ 70.4518, 23.0265 ], [ 70.4463, 23.0251 ], [ 70.4582, 23.0499 ], [ 70.4824, 23.0654 ], [ 70.4518, 23.0265 ] ] ], [ [ [ 68.6118, 23.2276 ], [ 68.6129, 23.2213 ], [ 68.6035, 23.2257 ], [ 68.6118, 23.2276 ] ] ], [ [ [ 68.5954, 23.2607 ], [ 68.5976, 23.2601 ], [ 68.5946, 23.2596 ], [ 68.5954, 23.2607 ] ] ], [ [ [ 68.6604, 23.2688 ], [ 68.6601, 23.2679 ], [ 68.6571, 23.2688 ], [ 68.6604, 23.2688 ] ] ], [ [ [ 68.6293, 23.289 ], [ 68.629, 23.2854 ], [ 68.6279, 23.2865 ], [ 68.6293, 23.289 ] ] ], [ [ [ 68.6121, 23.2965 ], [ 68.6149, 23.2715 ], [ 68.5724, 23.261 ], [ 68.574, 23.2451 ], [ 68.541, 23.2657 ], [ 68.5679, 23.2812 ], [ 68.5582, 23.3138 ], [ 68.6121, 23.2965 ] ] ], [ [ [ 68.6462, 23.3074 ], [ 68.6332, 23.3079 ], [ 68.6343, 23.3138 ], [ 68.6462, 23.3074 ] ] ], [ [ [ 68.634, 23.314 ], [ 68.6312, 23.3121 ], [ 68.6304, 23.3132 ], [ 68.634, 23.314 ] ] ], [ [ [ 68.6435, 23.3182 ], [ 68.6432, 23.3154 ], [ 68.6396, 23.3163 ], [ 68.6435, 23.3182 ] ] ], [ [ [ 68.6093, 23.3168 ], [ 68.6188, 23.2993 ], [ 68.5985, 23.3021 ], [ 68.6093, 23.3168 ] ] ], [ [ [ 68.6318, 23.3201 ], [ 68.6324, 23.3188 ], [ 68.6312, 23.3196 ], [ 68.6318, 23.3201 ] ] ], [ [ [ 68.6299, 23.3157 ], [ 68.6279, 23.3115 ], [ 68.6257, 23.3121 ], [ 68.6299, 23.3157 ] ] ], [ [ [ 68.6285, 23.3249 ], [ 68.629, 23.3215 ], [ 68.6251, 23.3243 ], [ 68.6285, 23.3249 ] ] ], [ [ [ 68.5446, 23.3385 ], [ 68.5415, 23.3371 ], [ 68.5404, 23.3393 ], [ 68.5446, 23.3385 ] ] ], [ [ [ 68.5507, 23.3393 ], [ 68.5451, 23.3388 ], [ 68.5454, 23.3404 ], [ 68.5507, 23.3393 ] ] ], [ [ [ 68.5568, 23.3418 ], [ 68.5554, 23.339 ], [ 68.5532, 23.3399 ], [ 68.5568, 23.3418 ] ] ], [ [ [ 68.5276, 23.3371 ], [ 68.5376, 23.3185 ], [ 68.5024, 23.3238 ], [ 68.5276, 23.3371 ] ] ], [ [ [ 68.5318, 23.3424 ], [ 68.5321, 23.3393 ], [ 68.5212, 23.3426 ], [ 68.5318, 23.3424 ] ] ], [ [ [ 68.5651, 23.3426 ], [ 68.561, 23.3421 ], [ 68.5626, 23.3446 ], [ 68.5651, 23.3426 ] ] ], [ [ [ 68.6357, 23.3454 ], [ 68.6343, 23.3424 ], [ 68.6285, 23.3488 ], [ 68.6357, 23.3454 ] ] ], [ [ [ 68.4765, 23.3554 ], [ 68.4763, 23.3535 ], [ 68.471, 23.356 ], [ 68.4765, 23.3554 ] ] ], [ [ [ 68.5746, 23.359 ], [ 68.5757, 23.3524 ], [ 68.5696, 23.3587 ], [ 68.5746, 23.359 ] ] ], [ [ [ 68.5996, 23.3596 ], [ 68.596, 23.3596 ], [ 68.5963, 23.3607 ], [ 68.5996, 23.3596 ] ] ], [ [ [ 68.5979, 23.364 ], [ 68.5951, 23.3587 ], [ 68.6179, 23.354 ], [ 68.6174, 23.3276 ], [ 68.5679, 23.3721 ], [ 68.5979, 23.364 ] ] ], [ [ [ 68.5393, 23.3749 ], [ 68.5379, 23.3751 ], [ 68.539, 23.3771 ], [ 68.5393, 23.3749 ] ] ], [ [ [ 68.5029, 23.381 ], [ 68.5051, 23.3799 ], [ 68.5051, 23.3774 ], [ 68.5026, 23.3785 ], [ 68.5029, 23.381 ] ] ], [ [ [ 68.5051, 23.3813 ], [ 68.5043, 23.381 ], [ 68.5038, 23.3843 ], [ 68.5051, 23.3813 ] ] ], [ [ [ 68.5863, 23.3801 ], [ 68.5871, 23.376 ], [ 68.5779, 23.384 ], [ 68.5863, 23.3801 ] ] ], [ [ [ 68.5365, 23.3824 ], [ 68.5429, 23.3801 ], [ 68.5354, 23.3807 ], [ 68.5365, 23.3824 ] ] ], [ [ [ 68.5321, 23.3846 ], [ 68.5368, 23.3774 ], [ 68.5343, 23.3713 ], [ 68.5304, 23.3832 ], [ 68.5321, 23.3846 ] ] ], [ [ [ 68.5565, 23.4038 ], [ 68.5568, 23.4026 ], [ 68.5529, 23.4021 ], [ 68.5565, 23.4038 ] ] ], [ [ [ 68.5507, 23.4024 ], [ 68.5563, 23.379 ], [ 68.5674, 23.376 ], [ 68.5557, 23.3604 ], [ 68.5507, 23.4024 ] ] ], [ [ [ 68.4629, 23.4038 ], [ 68.469, 23.4035 ], [ 68.4621, 23.4024 ], [ 68.4629, 23.4038 ] ] ], [ [ [ 68.5274, 23.399 ], [ 68.5274, 23.3862 ], [ 68.5204, 23.394 ], [ 68.5274, 23.399 ] ] ], [ [ [ 68.4713, 23.4043 ], [ 68.476, 23.4029 ], [ 68.4699, 23.4046 ], [ 68.4713, 23.4043 ] ] ], [ [ [ 68.4324, 23.4057 ], [ 68.4324, 23.4049 ], [ 68.4296, 23.406 ], [ 68.4324, 23.4057 ] ] ], [ [ [ 68.4632, 23.4068 ], [ 68.4646, 23.4051 ], [ 68.4615, 23.4063 ], [ 68.4632, 23.4068 ] ] ], [ [ [ 68.4099, 23.4079 ], [ 68.4099, 23.4057 ], [ 68.409, 23.4063 ], [ 68.4099, 23.4079 ] ] ], [ [ [ 68.5554, 23.4051 ], [ 68.5512, 23.4043 ], [ 68.5546, 23.406 ], [ 68.5554, 23.4051 ] ] ], [ [ [ 68.4224, 23.4051 ], [ 68.4235, 23.4007 ], [ 68.4132, 23.4038 ], [ 68.4224, 23.4051 ] ] ], [ [ [ 68.4629, 23.411 ], [ 68.4579, 23.4112 ], [ 68.4579, 23.4121 ], [ 68.4629, 23.411 ] ] ], [ [ [ 68.5479, 23.4104 ], [ 68.5415, 23.4054 ], [ 68.5499, 23.4149 ], [ 68.5479, 23.4104 ] ] ], [ [ [ 68.4026, 23.4185 ], [ 68.4018, 23.416 ], [ 68.3985, 23.419 ], [ 68.4026, 23.4185 ] ] ], [ [ [ 68.4026, 23.4207 ], [ 68.4018, 23.4204 ], [ 68.4013, 23.4229 ], [ 68.4026, 23.4207 ] ] ], [ [ [ 68.4013, 23.4232 ], [ 68.3982, 23.4218 ], [ 68.3985, 23.4271 ], [ 68.4013, 23.4232 ] ] ], [ [ [ 68.5012, 23.4301 ], [ 68.5004, 23.4301 ], [ 68.5004, 23.4313 ], [ 68.5012, 23.4301 ] ] ], [ [ [ 68.5163, 23.4299 ], [ 68.5137, 23.4304 ], [ 68.514, 23.4326 ], [ 68.5163, 23.4299 ] ] ], [ [ [ 68.501, 23.4354 ], [ 68.4968, 23.4346 ], [ 68.4987, 23.4363 ], [ 68.501, 23.4354 ] ] ], [ [ [ 68.5021, 23.4432 ], [ 68.5007, 23.439 ], [ 68.4993, 23.4424 ], [ 68.5021, 23.4432 ] ] ], [ [ [ 68.5024, 23.4496 ], [ 68.4968, 23.444 ], [ 68.496, 23.4485 ], [ 68.5024, 23.4496 ] ] ], [ [ [ 68.5251, 23.4432 ], [ 68.5257, 23.4363 ], [ 68.5029, 23.4293 ], [ 68.5068, 23.4565 ], [ 68.5251, 23.4432 ] ] ], [ [ [ 68.4062, 23.4524 ], [ 68.4013, 23.4538 ], [ 68.4013, 23.4551 ], [ 68.4062, 23.4524 ] ] ], [ [ [ 68.5024, 23.4582 ], [ 68.5001, 23.4551 ], [ 68.4951, 23.474 ], [ 68.5024, 23.4582 ] ] ], [ [ [ 68.4846, 23.4032 ], [ 68.4582, 23.4179 ], [ 68.4746, 23.4599 ], [ 68.4213, 23.4201 ], [ 68.4121, 23.4435 ], [ 68.4729, 23.4804 ], [ 68.4846, 23.4032 ] ] ], [ [ [ 68.496, 23.4774 ], [ 68.4821, 23.4779 ], [ 68.4871, 23.4857 ], [ 68.496, 23.4774 ] ] ], [ [ [ 68.5074, 23.4921 ], [ 68.509, 23.4904 ], [ 68.5068, 23.4904 ], [ 68.5074, 23.4921 ] ] ], [ [ [ 68.5107, 23.4907 ], [ 68.5093, 23.4927 ], [ 68.511, 23.4927 ], [ 68.5107, 23.4907 ] ] ], [ [ [ 68.4896, 23.4937 ], [ 68.4876, 23.4865 ], [ 68.486, 23.489 ], [ 68.4896, 23.4937 ] ] ], [ [ [ 68.4713, 23.4804 ], [ 68.4596, 23.4796 ], [ 68.4587, 23.4874 ], [ 68.4713, 23.4804 ] ] ], [ [ [ 68.4393, 23.4996 ], [ 68.4396, 23.4988 ], [ 68.4374, 23.499 ], [ 68.4393, 23.4996 ] ] ], [ [ [ 68.4868, 23.486 ], [ 68.4796, 23.4779 ], [ 68.4729, 23.494 ], [ 68.4868, 23.486 ] ] ], [ [ [ 68.4704, 23.5188 ], [ 68.4643, 23.5154 ], [ 68.4632, 23.5188 ], [ 68.4704, 23.5188 ] ] ], [ [ [ 68.4746, 23.5221 ], [ 68.4715, 23.5207 ], [ 68.4687, 23.5246 ], [ 68.4746, 23.5221 ] ] ], [ [ [ 68.4765, 23.5329 ], [ 68.4749, 23.5304 ], [ 68.4721, 23.531 ], [ 68.4765, 23.5329 ] ] ], [ [ [ 68.4832, 23.5487 ], [ 68.4821, 23.5471 ], [ 68.4815, 23.5487 ], [ 68.4832, 23.5487 ] ] ], [ [ [ 68.4757, 23.5388 ], [ 68.4532, 23.5287 ], [ 68.4574, 23.5426 ], [ 68.4757, 23.5388 ] ] ], [ [ [ 68.2274, 23.5854 ], [ 68.2282, 23.5843 ], [ 68.224, 23.584 ], [ 68.2274, 23.5854 ] ] ], [ [ [ 68.2535, 23.5821 ], [ 68.2449, 23.5871 ], [ 68.246, 23.589 ], [ 68.2535, 23.5821 ] ] ], [ [ [ 68.2176, 23.5871 ], [ 68.2171, 23.5863 ], [ 68.2151, 23.5871 ], [ 68.2176, 23.5871 ] ] ], [ [ [ 68.4812, 23.5613 ], [ 68.446, 23.5401 ], [ 68.4304, 23.5077 ], [ 68.4354, 23.5571 ], [ 68.4532, 23.5613 ], [ 68.4729, 23.5782 ], [ 68.4679, 23.5915 ], [ 68.4796, 23.5899 ], [ 68.4812, 23.5613 ] ] ], [ [ [ 68.4676, 23.5918 ], [ 68.4512, 23.5732 ], [ 68.4443, 23.5782 ], [ 68.4676, 23.5918 ] ] ], [ [ [ 68.4865, 23.6032 ], [ 68.4801, 23.5982 ], [ 68.4788, 23.6026 ], [ 68.4865, 23.6032 ] ] ], [ [ [ 68.4665, 23.601 ], [ 68.4404, 23.5865 ], [ 68.4346, 23.6163 ], [ 68.4665, 23.601 ] ] ], [ [ [ 68.491, 23.6043 ], [ 68.4788, 23.6065 ], [ 68.4682, 23.5926 ], [ 68.4846, 23.6279 ], [ 68.491, 23.6043 ] ] ], [ [ [ 68.4821, 23.7199 ], [ 68.4726, 23.7146 ], [ 68.4735, 23.721 ], [ 68.4821, 23.7199 ] ] ], [ [ [ 68.4501, 23.7304 ], [ 68.4474, 23.7318 ], [ 68.4476, 23.7326 ], [ 68.4501, 23.7304 ] ] ], [ [ [ 68.4851, 23.7324 ], [ 68.4876, 23.729 ], [ 68.4593, 23.7249 ], [ 68.4851, 23.7324 ] ] ], [ [ [ 68.4849, 23.7376 ], [ 68.4818, 23.7362 ], [ 68.4835, 23.7424 ], [ 68.4849, 23.7376 ] ] ], [ [ [ 68.224, 23.764 ], [ 68.2176, 23.7557 ], [ 68.2149, 23.7582 ], [ 68.224, 23.764 ] ] ], [ [ [ 68.3468, 23.7801 ], [ 68.3404, 23.7771 ], [ 68.3418, 23.7893 ], [ 68.3468, 23.7801 ] ] ], [ [ [ 68.3979, 23.7849 ], [ 68.4262, 23.7949 ], [ 68.3904, 23.6543 ], [ 68.3896, 23.686 ], [ 68.3149, 23.5832 ], [ 68.3043, 23.5965 ], [ 68.2949, 23.5788 ], [ 68.2743, 23.5918 ], [ 68.2779, 23.6313 ], [ 68.3138, 23.6224 ], [ 68.3068, 23.6307 ], [ 68.2771, 23.6326 ], [ 68.2501, 23.5907 ], [ 68.1971, 23.5971 ], [ 68.2046, 23.6476 ], [ 68.2101, 23.6404 ], [ 68.2601, 23.6399 ], [ 68.2582, 23.6449 ], [ 68.2799, 23.649 ], [ 68.2996, 23.6474 ], [ 68.3118, 23.6501 ], [ 68.2804, 23.6521 ], [ 68.2593, 23.646 ], [ 68.2312, 23.6429 ], [ 68.334, 23.711 ], [ 68.3585, 23.8051 ], [ 68.3979, 23.7849 ] ] ], [ [ [ 68.6018, 23.7962 ], [ 68.5951, 23.7968 ], [ 68.5935, 23.8035 ], [ 68.6018, 23.7962 ] ] ], [ [ [ 68.5954, 23.8101 ], [ 68.5943, 23.8101 ], [ 68.5935, 23.8121 ], [ 68.5954, 23.8101 ] ] ], [ [ [ 68.3243, 23.7343 ], [ 68.2913, 23.7276 ], [ 68.2946, 23.7413 ], [ 68.2857, 23.7546 ], [ 68.274, 23.7013 ], [ 68.2676, 23.7724 ], [ 68.2982, 23.8038 ], [ 68.2971, 23.8121 ], [ 68.2901, 23.8168 ], [ 68.3079, 23.8237 ], [ 68.3243, 23.7343 ] ] ], [ [ [ 68.5168, 23.7546 ], [ 68.4876, 23.7371 ], [ 68.4654, 23.7754 ], [ 68.4768, 23.7407 ], [ 68.4374, 23.7393 ], [ 68.4479, 23.8065 ], [ 68.4979, 23.8307 ], [ 68.5168, 23.7546 ] ] ], [ [ [ 68.7107, 23.8499 ], [ 68.7104, 23.8488 ], [ 68.7026, 23.8504 ], [ 68.7107, 23.8499 ] ] ], [ [ [ 68.7004, 23.8515 ], [ 68.6949, 23.8493 ], [ 68.6951, 23.8515 ], [ 68.7004, 23.8515 ] ] ], [ [ [ 68.5349, 23.8649 ], [ 68.524, 23.8585 ], [ 68.5304, 23.871 ], [ 68.5349, 23.8649 ] ] ], [ [ [ 68.4393, 23.839 ], [ 68.4265, 23.8104 ], [ 68.4054, 23.7932 ], [ 68.3899, 23.8321 ], [ 68.3843, 23.8374 ], [ 68.3796, 23.8382 ], [ 68.4015, 23.7904 ], [ 68.3551, 23.811 ], [ 68.3301, 23.7874 ], [ 68.3957, 23.8782 ], [ 68.4393, 23.839 ] ] ], [ [ [ 68.234, 23.8429 ], [ 68.216, 23.8476 ], [ 68.216, 23.8668 ], [ 68.2482, 23.8804 ], [ 68.234, 23.8429 ] ] ], [ [ [ 68.4421, 23.8704 ], [ 68.4224, 23.8949 ], [ 68.4171, 23.8724 ], [ 68.3935, 23.8804 ], [ 68.3774, 23.8765 ], [ 68.3499, 23.8463 ], [ 68.3529, 23.9007 ], [ 68.4493, 23.9385 ], [ 68.4421, 23.8704 ] ] ], [ [ [ 68.5585, 23.9232 ], [ 68.5888, 23.9168 ], [ 68.5468, 23.8729 ], [ 68.5326, 23.8763 ], [ 68.5171, 23.8565 ], [ 68.486, 23.8899 ], [ 68.5257, 23.8926 ], [ 68.5354, 23.946 ], [ 68.5585, 23.9232 ] ] ], [ [ [ 68.5229, 23.9454 ], [ 68.5146, 23.9493 ], [ 68.5146, 23.9496 ], [ 68.5229, 23.9454 ] ] ], [ [ [ 68.5185, 23.9243 ], [ 68.4324, 23.8521 ], [ 68.4532, 23.8799 ], [ 68.4629, 23.9318 ], [ 68.4488, 23.9401 ], [ 68.4282, 23.9365 ], [ 68.4368, 23.9574 ], [ 68.4976, 23.9675 ], [ 68.5185, 23.9243 ] ] ], [ [ [ 68.434, 23.966 ], [ 68.3465, 23.904 ], [ 68.3376, 23.8193 ], [ 68.3037, 23.8246 ], [ 68.2888, 23.8174 ], [ 68.2957, 23.8043 ], [ 68.2657, 23.7929 ], [ 68.2668, 23.6918 ], [ 68.2385, 23.681 ], [ 68.1926, 23.731 ], [ 68.2118, 23.7635 ], [ 68.2138, 23.7554 ], [ 68.2196, 23.7549 ], [ 68.2343, 23.7749 ], [ 68.2129, 23.8346 ], [ 68.2346, 23.836 ], [ 68.2454, 23.8538 ], [ 68.2604, 23.8249 ], [ 68.2874, 23.8393 ], [ 68.2496, 23.8487 ], [ 68.2579, 23.8707 ], [ 68.3051, 23.8657 ], [ 68.3176, 23.8804 ], [ 68.2613, 23.8865 ], [ 68.2835, 23.9204 ], [ 68.3382, 23.9204 ], [ 68.3585, 23.975 ], [ 68.434, 23.966 ] ] ], [ [ [ 74.6938, 13.3268 ], [ 74.6923, 13.3318 ], [ 74.6967, 13.3312 ], [ 74.6938, 13.3268 ] ] ], [ [ [ 74.688, 13.3355 ], [ 74.6865, 13.3405 ], [ 74.6909, 13.3399 ], [ 74.688, 13.3355 ] ] ], [ [ [ 74.682, 13.3442 ], [ 74.6805, 13.3492 ], [ 74.6849, 13.3486 ], [ 74.682, 13.3442 ] ] ], [ [ [ 74.6684, 13.3783 ], [ 74.6684, 13.3857 ], [ 74.6737, 13.3823 ], [ 74.6684, 13.3783 ] ] ], [ [ [ 74.7309, 13.6401 ], [ 74.7288, 13.6427 ], [ 74.7425, 13.6433 ], [ 74.7309, 13.6401 ] ] ], [ [ [ 74.679, 13.6539 ], [ 74.6777, 13.6668 ], [ 74.6904, 13.6608 ], [ 74.679, 13.6539 ] ] ], [ [ [ 74.4767, 14.0114 ], [ 74.4761, 14.0148 ], [ 74.4832, 14.0155 ], [ 74.4767, 14.0114 ] ] ], [ [ [ 74.3251, 14.0168 ], [ 74.3261, 14.0224 ], [ 74.3316, 14.0177 ], [ 74.3251, 14.0168 ] ] ], [ [ [ 74.4849, 14.0236 ], [ 74.4841, 14.0291 ], [ 74.4877, 14.0298 ], [ 74.4849, 14.0236 ] ] ], [ [ [ 74.469, 14.0852 ], [ 74.469, 14.0902 ], [ 74.4749, 14.089 ], [ 74.469, 14.0852 ] ] ], [ [ [ 74.4789, 14.276 ], [ 74.482, 14.2653 ], [ 74.4585, 14.2721 ], [ 74.4789, 14.276 ] ] ], [ [ [ 74.394, 14.3129 ], [ 74.3953, 14.3177 ], [ 74.4004, 14.3181 ], [ 74.394, 14.3129 ] ] ], [ [ [ 74.3924, 14.4629 ], [ 74.3918, 14.477 ], [ 74.4019, 14.4717 ], [ 74.3924, 14.4629 ] ] ], [ [ [ 74.0798, 14.7904 ], [ 74.0828, 14.7962 ], [ 74.0864, 14.795 ], [ 74.0798, 14.7904 ] ] ], [ [ [ 74.0568, 14.8121 ], [ 74.051, 14.815 ], [ 74.0554, 14.82 ], [ 74.0568, 14.8121 ] ] ], [ [ [ 74.0926, 14.828 ], [ 74.0867, 14.8309 ], [ 74.0912, 14.836 ], [ 74.0926, 14.828 ] ] ], [ [ [ 74.0916, 14.8407 ], [ 74.0916, 14.8444 ], [ 74.0981, 14.8452 ], [ 74.0916, 14.8407 ] ] ], [ [ [ 74.0954, 14.8686 ], [ 74.0896, 14.8715 ], [ 74.094, 14.8765 ], [ 74.0954, 14.8686 ] ] ], [ [ [ 74.1894, 14.8702 ], [ 74.1866, 14.8726 ], [ 74.1981, 14.8767 ], [ 74.1894, 14.8702 ] ] ], [ [ [ 74.0007, 11.2502 ], [ 73.9727, 11.3437 ], [ 74.09, 11.2978 ], [ 74.1228, 11.2392 ], [ 74.1013, 11.2043 ], [ 74.0007, 11.2502 ] ] ], [ [ [ 71.7837, 11.8344 ], [ 71.761, 11.8723 ], [ 71.7315, 11.9544 ], [ 71.7734, 12.0035 ], [ 71.8449, 11.8355 ], [ 71.7837, 11.8344 ] ] ], [ [ [ 72.2359, 10.0148 ], [ 72.2436, 10.0542 ], [ 72.3296, 10.1391 ], [ 72.3343, 10.0788 ], [ 72.2359, 10.0148 ] ] ], [ [ [ 72.1374, 11.5431 ], [ 72.1744, 11.6067 ], [ 72.1953, 11.5883 ], [ 72.1788, 11.4913 ], [ 72.1374, 11.5431 ] ] ], [ [ [ 72.0546, 11.1214 ], [ 72.0009, 11.1939 ], [ 72.1001, 11.2221 ], [ 72.0546, 11.1214 ] ] ], [ [ [ 71.8795, 12.3894 ], [ 71.8967, 12.4032 ], [ 71.9266, 12.3739 ], [ 71.9009, 12.2853 ], [ 71.8795, 12.3894 ] ] ], [ [ [ 73.0852, 8.3274 ], [ 73.0692, 8.2821 ], [ 73.0105, 8.2701 ], [ 73.0103, 8.3025 ], [ 73.0852, 8.3274 ] ] ], [ [ [ 73.62, 10.1019 ], [ 73.6602, 10.155 ], [ 73.6659, 10.138 ], [ 73.6459, 10.0534 ], [ 73.62, 10.1019 ] ] ], [ [ [ 72.6514, 10.5616 ], [ 72.6175, 10.539 ], [ 72.6326, 10.5783 ], [ 72.6514, 10.5616 ] ] ], [ [ [ 73.6998, 10.8165 ], [ 73.7039, 10.8115 ], [ 73.663, 10.8016 ], [ 73.6998, 10.8165 ] ] ], [ [ [ 72.1626, 10.8118 ], [ 72.2066, 10.8778 ], [ 72.2045, 10.8661 ], [ 72.1626, 10.8118 ] ] ], [ [ [ 72.7781, 11.2141 ], [ 72.7624, 11.1807 ], [ 72.7795, 11.2404 ], [ 72.7912, 11.2591 ], [ 72.7781, 11.2141 ] ] ], [ [ [ 73.0003, 11.4779 ], [ 73.0007, 11.4974 ], [ 73.0109, 11.4878 ], [ 73.0003, 11.4779 ] ] ], [ [ [ 72.7091, 11.6792 ], [ 72.7005, 11.6837 ], [ 72.7079, 11.7003 ], [ 72.7091, 11.6792 ] ] ], [ [ [ 72.7189, 11.1261 ], [ 72.7352, 11.1353 ], [ 72.7331, 11.1246 ], [ 72.7189, 11.1261 ] ] ], [ [ [ 72.2937, 10.9354 ], [ 72.2858, 10.9345 ], [ 72.2876, 10.9454 ], [ 72.2937, 10.9354 ] ] ], [ [ [ 72.3206, 10.9438 ], [ 72.3155, 10.9418 ], [ 72.3169, 10.9481 ], [ 72.3206, 10.9438 ] ] ], [ [ [ 72.531, 10.7798 ], [ 72.5373, 10.7831 ], [ 72.5377, 10.7815 ], [ 72.531, 10.7798 ] ] ], [ [ [ 72.3321, 10.949 ], [ 72.3283, 10.9503 ], [ 72.3336, 10.9517 ], [ 72.3321, 10.949 ] ] ], [ [ [ 72.3342, 10.955 ], [ 72.3348, 10.9579 ], [ 72.3361, 10.9563 ], [ 72.3342, 10.955 ] ] ], [ [ [ 72.3347, 10.9516 ], [ 72.3325, 10.9526 ], [ 72.3338, 10.954 ], [ 72.3347, 10.9516 ] ] ], [ [ [ 73.4565, 16.0378 ], [ 73.4562, 16.0475 ], [ 73.4608, 16.0464 ], [ 73.4565, 16.0378 ] ] ], [ [ [ 73.3824, 16.6174 ], [ 73.3841, 16.6213 ], [ 73.3884, 16.6201 ], [ 73.3824, 16.6174 ] ] ], [ [ [ 72.7343, 19.462 ], [ 72.7354, 19.4527 ], [ 72.7306, 19.4552 ], [ 72.7343, 19.462 ] ] ], [ [ [ 78.1866, 8.7325 ], [ 78.193, 8.7361 ], [ 78.1944, 8.73 ], [ 78.1866, 8.7325 ] ] ], [ [ [ 78.2094, 8.8317 ], [ 78.2103, 8.8383 ], [ 78.2181, 8.8354 ], [ 78.2094, 8.8317 ] ] ], [ [ [ 78.2285, 8.8595 ], [ 78.2281, 8.8681 ], [ 78.2341, 8.8667 ], [ 78.2285, 8.8595 ] ] ], [ [ [ 78.251, 8.9471 ], [ 78.2567, 8.9534 ], [ 78.26, 8.949 ], [ 78.251, 8.9471 ] ] ], [ [ [ 78.4887, 9.0865 ], [ 78.4881, 9.0931 ], [ 78.4949, 9.0933 ], [ 78.4887, 9.0865 ] ] ], [ [ [ 78.5337, 9.1009 ], [ 78.5367, 9.1106 ], [ 78.5403, 9.1064 ], [ 78.5337, 9.1009 ] ] ], [ [ [ 78.5674, 9.1024 ], [ 78.582, 9.112 ], [ 78.5839, 9.1052 ], [ 78.5674, 9.1024 ] ] ], [ [ [ 79.4827, 9.1145 ], [ 79.4905, 9.1178 ], [ 79.491, 9.1128 ], [ 79.4827, 9.1145 ] ] ], [ [ [ 79.4725, 9.1204 ], [ 79.4796, 9.1236 ], [ 79.4811, 9.119 ], [ 79.4725, 9.1204 ] ] ], [ [ [ 79.4569, 9.1263 ], [ 79.4572, 9.1311 ], [ 79.467, 9.1333 ], [ 79.4569, 9.1263 ] ] ], [ [ [ 78.6948, 9.146 ], [ 78.6947, 9.1519 ], [ 78.6988, 9.1504 ], [ 78.6948, 9.146 ] ] ], [ [ [ 79.4305, 9.148 ], [ 79.4294, 9.1532 ], [ 79.4391, 9.1544 ], [ 79.4305, 9.148 ] ] ], [ [ [ 78.727, 9.1505 ], [ 78.7274, 9.1541 ], [ 78.7344, 9.1542 ], [ 78.727, 9.1505 ] ] ], [ [ [ 78.7554, 9.1555 ], [ 78.7557, 9.1614 ], [ 78.7617, 9.1613 ], [ 78.7554, 9.1555 ] ] ], [ [ [ 78.6993, 9.1591 ], [ 78.7007, 9.1626 ], [ 78.7063, 9.1627 ], [ 78.6993, 9.1591 ] ] ], [ [ [ 78.8243, 9.1618 ], [ 78.8183, 9.1624 ], [ 78.82, 9.169 ], [ 78.8243, 9.1618 ] ] ], [ [ [ 78.704, 9.1764 ], [ 78.7059, 9.182 ], [ 78.712, 9.18 ], [ 78.704, 9.1764 ] ] ], [ [ [ 78.9186, 9.1756 ], [ 78.9045, 9.1781 ], [ 78.9129, 9.1853 ], [ 78.9393, 9.1874 ], [ 78.9186, 9.1756 ] ] ], [ [ [ 78.9621, 9.1858 ], [ 78.9689, 9.1909 ], [ 78.9733, 9.1832 ], [ 78.9621, 9.1858 ] ] ], [ [ [ 79.0812, 9.1918 ], [ 79.0623, 9.2024 ], [ 79.0711, 9.2062 ], [ 79.0812, 9.1918 ] ] ], [ [ [ 79.1222, 9.2134 ], [ 79.1222, 9.217 ], [ 79.1347, 9.2155 ], [ 79.1222, 9.2134 ] ] ], [ [ [ 79.1958, 9.2344 ], [ 79.2, 9.2373 ], [ 79.2019, 9.2331 ], [ 79.1958, 9.2344 ] ] ], [ [ [ 79.184, 9.2342 ], [ 79.1868, 9.2389 ], [ 79.1905, 9.2365 ], [ 79.184, 9.2342 ] ] ], [ [ [ 79.177, 9.2438 ], [ 79.1821, 9.2478 ], [ 79.1843, 9.2453 ], [ 79.177, 9.2438 ] ] ], [ [ [ 79.207, 9.2457 ], [ 79.2187, 9.2476 ], [ 79.2162, 9.2451 ], [ 79.207, 9.2457 ] ] ], [ [ [ 79.3362, 9.249 ], [ 79.4166, 9.1837 ], [ 79.4243, 9.1668 ], [ 79.2056, 9.278 ], [ 79.3168, 9.3249 ], [ 79.3362, 9.249 ] ] ], [ [ [ 80.319, 13.391 ], [ 80.3181, 13.4028 ], [ 80.3223, 13.3975 ], [ 80.319, 13.391 ] ] ], [ [ [ 80.3076, 13.4202 ], [ 80.3093, 13.4099 ], [ 80.302, 13.4138 ], [ 80.3076, 13.4202 ] ] ], [ [ [ 80.3137, 13.415 ], [ 80.3173, 13.4256 ], [ 80.3207, 13.423 ], [ 80.3137, 13.415 ] ] ], [ [ [ 80.3165, 13.4402 ], [ 80.3196, 13.4432 ], [ 80.3204, 13.4401 ], [ 80.3165, 13.4402 ] ] ], [ [ [ 88.0205, 21.5667 ], [ 88.0167, 21.5722 ], [ 88.0158, 21.5817 ], [ 88.0205, 21.5667 ] ] ], [ [ [ 88.5339, 21.5781 ], [ 88.5314, 21.5425 ], [ 88.4817, 21.5547 ], [ 88.4977, 21.5998 ], [ 88.5339, 21.5781 ] ] ], [ [ [ 88.1889, 21.5819 ], [ 88.1867, 21.56 ], [ 88.1678, 21.5917 ], [ 88.1889, 21.5819 ] ] ], [ [ [ 88.8761, 21.5922 ], [ 88.9036, 21.5558 ], [ 88.8428, 21.5539 ], [ 88.8347, 21.6072 ], [ 88.8761, 21.5922 ] ] ], [ [ [ 88.7356, 21.6111 ], [ 88.7572, 21.599 ], [ 88.7481, 21.591 ], [ 88.7469, 21.5775 ], [ 88.7358, 21.5717 ], [ 88.7072, 21.5942 ], [ 88.7289, 21.6371 ], [ 88.7356, 21.6111 ] ] ], [ [ [ 88.5875, 21.6019 ], [ 88.55, 21.5636 ], [ 88.537, 21.587 ], [ 88.5429, 21.5892 ], [ 88.5564, 21.5991 ], [ 88.5567, 21.6044 ], [ 88.51, 21.6022 ], [ 88.5372, 21.6386 ], [ 88.5875, 21.6019 ] ] ], [ [ [ 88.8939, 21.6492 ], [ 88.889, 21.6546 ], [ 88.89, 21.6545 ], [ 88.8939, 21.6492 ] ] ], [ [ [ 88.7981, 21.5917 ], [ 88.7519, 21.5767 ], [ 88.7582, 21.6 ], [ 88.7296, 21.64 ], [ 88.7742, 21.6483 ], [ 88.7981, 21.5917 ] ] ], [ [ [ 88.9925, 21.6167 ], [ 88.9559, 21.6176 ], [ 88.9552, 21.6771 ], [ 88.9616, 21.6642 ], [ 88.962, 21.6487 ], [ 88.9658, 21.6415 ], [ 88.9925, 21.6167 ] ] ], [ [ [ 88.6303, 21.6492 ], [ 88.6404, 21.6786 ], [ 88.6394, 21.6681 ], [ 88.6303, 21.6492 ] ] ], [ [ [ 88.5858, 21.6581 ], [ 88.6057, 21.6244 ], [ 88.6022, 21.6206 ], [ 88.554, 21.6395 ], [ 88.5708, 21.666 ], [ 88.5675, 21.6905 ], [ 88.5858, 21.6581 ] ] ], [ [ [ 88.6063, 21.68 ], [ 88.5885, 21.6573 ], [ 88.5804, 21.683 ], [ 88.5919, 21.6906 ], [ 88.5878, 21.7014 ], [ 88.6063, 21.68 ] ] ], [ [ [ 88.9879, 21.653 ], [ 88.9964, 21.649 ], [ 89.0228, 21.654 ], [ 89.0288, 21.6048 ], [ 88.964, 21.6457 ], [ 88.9633, 21.663 ], [ 88.9508, 21.7007 ], [ 88.9732, 21.6974 ], [ 88.9879, 21.653 ] ] ], [ [ [ 88.7969, 21.6553 ], [ 88.7306, 21.6847 ], [ 88.7583, 21.6825 ], [ 88.8067, 21.7067 ], [ 88.7969, 21.6553 ] ] ], [ [ [ 88.3581, 21.6475 ], [ 88.3153, 21.6081 ], [ 88.3158, 21.6776 ], [ 88.3004, 21.704 ], [ 88.3581, 21.6475 ] ] ], [ [ [ 88.4707, 21.673 ], [ 88.4422, 21.615 ], [ 88.4186, 21.6826 ], [ 88.454, 21.7093 ], [ 88.4707, 21.673 ] ] ], [ [ [ 88.7074, 21.6812 ], [ 88.7514, 21.6487 ], [ 88.7229, 21.6386 ], [ 88.687, 21.6833 ], [ 88.6971, 21.7129 ], [ 88.7074, 21.6812 ] ] ], [ [ [ 88.1956, 21.6819 ], [ 88.2317, 21.6436 ], [ 88.2117, 21.6208 ], [ 88.2119, 21.6017 ], [ 88.1814, 21.6861 ], [ 88.2045, 21.7212 ], [ 88.1956, 21.6819 ] ] ], [ [ [ 89.095, 21.644 ], [ 89.0516, 21.6175 ], [ 89.0285, 21.6353 ], [ 89.0247, 21.6949 ], [ 89.022, 21.7004 ], [ 89.0098, 21.7049 ], [ 89.0591, 21.722 ], [ 89.095, 21.644 ] ] ], [ [ [ 88.9997, 21.7153 ], [ 89.0205, 21.7136 ], [ 89.0078, 21.7071 ], [ 89.0078, 21.6522 ], [ 88.978, 21.7269 ], [ 88.9997, 21.7153 ] ] ], [ [ [ 88.5907, 21.6906 ], [ 88.5802, 21.6847 ], [ 88.5699, 21.7106 ], [ 88.5528, 21.724 ], [ 88.543, 21.7239 ], [ 88.5683, 21.7098 ], [ 88.5742, 21.694 ], [ 88.5627, 21.7064 ], [ 88.5569, 21.7064 ], [ 88.5528, 21.7028 ], [ 88.5509, 21.6365 ], [ 88.5172, 21.7108 ], [ 88.5457, 21.7361 ], [ 88.5907, 21.6906 ] ] ], [ [ [ 88.1959, 21.7301 ], [ 88.2014, 21.7367 ], [ 88.2, 21.7289 ], [ 88.1959, 21.7301 ] ] ], [ [ [ 88.9403, 21.6953 ], [ 88.9208, 21.6322 ], [ 88.8731, 21.6944 ], [ 88.8831, 21.7453 ], [ 88.9403, 21.6953 ] ] ], [ [ [ 88.4112, 21.6587 ], [ 88.4319, 21.6274 ], [ 88.3986, 21.5956 ], [ 88.3797, 21.6808 ], [ 88.4039, 21.7152 ], [ 88.3686, 21.7273 ], [ 88.3867, 21.7339 ], [ 88.395, 21.755 ], [ 88.4018, 21.7378 ], [ 88.4112, 21.6587 ] ] ], [ [ [ 88.272, 21.7544 ], [ 88.2621, 21.7302 ], [ 88.3103, 21.6764 ], [ 88.2917, 21.5631 ], [ 88.2483, 21.5639 ], [ 88.2164, 21.6164 ], [ 88.2347, 21.6354 ], [ 88.2333, 21.6681 ], [ 88.1978, 21.6892 ], [ 88.2209, 21.7622 ], [ 88.272, 21.7544 ] ] ], [ [ [ 88.9689, 21.7392 ], [ 88.9875, 21.7447 ], [ 88.9694, 21.7228 ], [ 88.9833, 21.7058 ], [ 88.9228, 21.7197 ], [ 88.9271, 21.762 ], [ 88.9689, 21.7392 ] ] ], [ [ [ 88.3708, 21.7608 ], [ 88.3602, 21.7474 ], [ 88.3597, 21.7349 ], [ 88.3653, 21.7222 ], [ 88.3981, 21.7133 ], [ 88.3606, 21.6864 ], [ 88.3375, 21.7108 ], [ 88.3489, 21.7256 ], [ 88.3428, 21.7544 ], [ 88.3708, 21.7608 ] ] ], [ [ [ 89.0254, 21.757 ], [ 89.0593, 21.7259 ], [ 89.0174, 21.7178 ], [ 89.0164, 21.7324 ], [ 89.0016, 21.75 ], [ 89.0254, 21.757 ] ] ], [ [ [ 88.8653, 21.7586 ], [ 88.8392, 21.7069 ], [ 88.86, 21.6372 ], [ 88.8442, 21.627 ], [ 88.8428, 21.6453 ], [ 88.8306, 21.652 ], [ 88.8286, 21.6506 ], [ 88.8458, 21.62 ], [ 88.8089, 21.6388 ], [ 88.815, 21.71 ], [ 88.7625, 21.7014 ], [ 88.8317, 21.7661 ], [ 88.8653, 21.7586 ] ] ], [ [ [ 88.3867, 21.7407 ], [ 88.3624, 21.7323 ], [ 88.3615, 21.7477 ], [ 88.3849, 21.7644 ], [ 88.3867, 21.7407 ] ] ], [ [ [ 88.2022, 21.7614 ], [ 88.1964, 21.7575 ], [ 88.1939, 21.7633 ], [ 88.2022, 21.7614 ] ] ], [ [ [ 88.2806, 21.7672 ], [ 88.2792, 21.7697 ], [ 88.2819, 21.7686 ], [ 88.2806, 21.7672 ] ] ], [ [ [ 87.9344, 21.7436 ], [ 87.9596, 21.7707 ], [ 87.9598, 21.7557 ], [ 87.9344, 21.7436 ] ] ], [ [ [ 87.883, 21.7567 ], [ 87.9042, 21.7715 ], [ 87.8994, 21.7607 ], [ 87.883, 21.7567 ] ] ], [ [ [ 88.5856, 21.7539 ], [ 88.6164, 21.7276 ], [ 88.5797, 21.7258 ], [ 88.5822, 21.7778 ], [ 88.5856, 21.7539 ] ] ], [ [ [ 88.278, 21.7282 ], [ 88.2889, 21.7785 ], [ 88.3029, 21.7556 ], [ 88.3025, 21.7246 ], [ 88.278, 21.7282 ] ] ], [ [ [ 88.501, 21.7818 ], [ 88.5064, 21.7883 ], [ 88.5069, 21.7875 ], [ 88.501, 21.7818 ] ] ], [ [ [ 89.0116, 21.7802 ], [ 88.9977, 21.7714 ], [ 88.9967, 21.7658 ], [ 89.0014, 21.746 ], [ 89.0154, 21.7257 ], [ 89.0043, 21.7161 ], [ 88.9879, 21.7466 ], [ 88.9511, 21.7578 ], [ 89.0116, 21.7802 ] ] ], [ [ [ 88.6308, 21.7425 ], [ 88.6089, 21.7081 ], [ 88.6231, 21.7367 ], [ 88.5863, 21.7566 ], [ 88.6097, 21.7903 ], [ 88.6308, 21.7425 ] ] ], [ [ [ 88.2874, 21.7844 ], [ 88.2833, 21.7694 ], [ 88.2636, 21.7924 ], [ 88.2874, 21.7844 ] ] ], [ [ [ 88.1792, 21.79 ], [ 88.1808, 21.7958 ], [ 88.1853, 21.7906 ], [ 88.1792, 21.79 ] ] ], [ [ [ 88.4672, 21.7372 ], [ 88.4331, 21.7045 ], [ 88.4234, 21.7677 ], [ 88.4586, 21.7887 ], [ 88.4672, 21.7372 ] ] ], [ [ [ 88.7281, 21.7778 ], [ 88.7593, 21.7592 ], [ 88.7522, 21.7486 ], [ 88.7528, 21.7316 ], [ 88.7767, 21.7211 ], [ 88.7359, 21.7193 ], [ 88.7628, 21.6929 ], [ 88.7293, 21.6868 ], [ 88.7308, 21.682 ], [ 88.755, 21.6656 ], [ 88.748, 21.6583 ], [ 88.7111, 21.6902 ], [ 88.695, 21.7439 ], [ 88.7162, 21.8074 ], [ 88.7281, 21.7778 ] ] ], [ [ [ 88.1741, 21.7997 ], [ 88.1692, 21.7906 ], [ 88.1653, 21.8003 ], [ 88.1741, 21.7997 ] ] ], [ [ [ 88.5725, 21.7356 ], [ 88.5417, 21.7377 ], [ 88.5194, 21.7192 ], [ 88.5044, 21.7574 ], [ 88.5255, 21.7737 ], [ 88.5326, 21.783 ], [ 88.5353, 21.792 ], [ 88.5042, 21.7708 ], [ 88.5446, 21.8103 ], [ 88.5725, 21.7356 ] ] ], [ [ [ 88.4296, 21.7996 ], [ 88.4427, 21.7997 ], [ 88.4209, 21.7672 ], [ 88.4228, 21.7198 ], [ 88.3827, 21.7791 ], [ 88.4296, 21.7996 ] ] ], [ [ [ 89.0165, 21.812 ], [ 89.0237, 21.7591 ], [ 88.9988, 21.7669 ], [ 89.0128, 21.7798 ], [ 89.0165, 21.812 ] ] ], [ [ [ 88.7461, 21.7722 ], [ 88.7283, 21.7797 ], [ 88.7506, 21.8142 ], [ 88.7461, 21.7722 ] ] ], [ [ [ 88.8303, 21.7667 ], [ 88.7908, 21.75 ], [ 88.8217, 21.8229 ], [ 88.8303, 21.7667 ] ] ], [ [ [ 88.7567, 21.7334 ], [ 88.7644, 21.7605 ], [ 88.7498, 21.7696 ], [ 88.7664, 21.7868 ], [ 88.7821, 21.8252 ], [ 88.7875, 21.745 ], [ 88.7567, 21.7334 ] ] ], [ [ [ 88.9372, 21.8167 ], [ 88.9333, 21.8144 ], [ 88.9278, 21.8064 ], [ 88.9267, 21.7983 ], [ 88.9178, 21.7917 ], [ 88.9233, 21.7881 ], [ 88.9114, 21.7617 ], [ 88.9128, 21.7553 ], [ 88.8978, 21.7519 ], [ 88.9069, 21.7942 ], [ 88.8831, 21.8081 ], [ 88.9372, 21.8167 ] ] ], [ [ [ 88.1855, 21.8207 ], [ 88.1856, 21.8192 ], [ 88.1778, 21.8247 ], [ 88.1855, 21.8207 ] ] ], [ [ [ 88.5576, 21.824 ], [ 88.5566, 21.824 ], [ 88.5592, 21.8297 ], [ 88.5576, 21.824 ] ] ], [ [ [ 88.4961, 21.8078 ], [ 88.4531, 21.8057 ], [ 88.4503, 21.8151 ], [ 88.4849, 21.8347 ], [ 88.4961, 21.8078 ] ] ], [ [ [ 88.9539, 21.8253 ], [ 88.9767, 21.8206 ], [ 88.9403, 21.7931 ], [ 88.9404, 21.7824 ], [ 88.9589, 21.7708 ], [ 88.9214, 21.7661 ], [ 88.9142, 21.7556 ], [ 88.9389, 21.8167 ], [ 88.9244, 21.8358 ], [ 88.9328, 21.8369 ], [ 88.9539, 21.8253 ] ] ], [ [ [ 88.6181, 21.8292 ], [ 88.6072, 21.8158 ], [ 88.6142, 21.7981 ], [ 88.576, 21.817 ], [ 88.5922, 21.85 ], [ 88.6181, 21.8292 ] ] ], [ [ [ 88.5275, 21.8433 ], [ 88.5242, 21.835 ], [ 88.5158, 21.8394 ], [ 88.5275, 21.8433 ] ] ], [ [ [ 88.5365, 21.8537 ], [ 88.5416, 21.8574 ], [ 88.5408, 21.8551 ], [ 88.5365, 21.8537 ] ] ], [ [ [ 88.3527, 21.8542 ], [ 88.3504, 21.8264 ], [ 88.3608, 21.7968 ], [ 88.38, 21.7873 ], [ 88.3429, 21.7596 ], [ 88.3403, 21.7405 ], [ 88.345, 21.7217 ], [ 88.3171, 21.7089 ], [ 88.3109, 21.7956 ], [ 88.296, 21.7741 ], [ 88.286, 21.7891 ], [ 88.2598, 21.8042 ], [ 88.307, 21.8297 ], [ 88.3527, 21.8542 ] ] ], [ [ [ 88.8553, 21.8581 ], [ 88.8575, 21.8556 ], [ 88.8772, 21.8517 ], [ 88.875, 21.8456 ], [ 88.8822, 21.7972 ], [ 88.8981, 21.7786 ], [ 88.8914, 21.7536 ], [ 88.9133, 21.7278 ], [ 88.835, 21.7817 ], [ 88.8553, 21.8581 ] ] ], [ [ [ 88.5811, 21.8725 ], [ 88.5847, 21.8766 ], [ 88.5858, 21.874 ], [ 88.5811, 21.8725 ] ] ], [ [ [ 88.1707, 21.7424 ], [ 88.1547, 21.65 ], [ 88.1092, 21.6258 ], [ 88.0367, 21.675 ], [ 88.1369, 21.875 ], [ 88.1707, 21.7424 ] ] ], [ [ [ 88.7925, 21.8739 ], [ 88.7861, 21.8683 ], [ 88.7858, 21.8653 ], [ 88.7878, 21.8636 ], [ 88.8297, 21.8622 ], [ 88.795, 21.7914 ], [ 88.7897, 21.8214 ], [ 88.7842, 21.8261 ], [ 88.7658, 21.8289 ], [ 88.7822, 21.8597 ], [ 88.7769, 21.867 ], [ 88.7925, 21.8739 ] ] ], [ [ [ 89.03, 21.8345 ], [ 88.9705, 21.7751 ], [ 88.9428, 21.7865 ], [ 88.9766, 21.8051 ], [ 88.9779, 21.8235 ], [ 88.9503, 21.8381 ], [ 88.9791, 21.8674 ], [ 88.9791, 21.8935 ], [ 89.03, 21.8345 ] ] ], [ [ [ 88.6333, 21.8697 ], [ 88.6535, 21.8677 ], [ 88.6389, 21.7847 ], [ 88.6211, 21.8314 ], [ 88.5947, 21.8544 ], [ 88.6217, 21.8978 ], [ 88.6333, 21.8697 ] ] ], [ [ [ 88.136, 21.8945 ], [ 88.1386, 21.8981 ], [ 88.1378, 21.8962 ], [ 88.136, 21.8945 ] ] ], [ [ [ 88.8408, 21.8869 ], [ 88.8294, 21.8647 ], [ 88.8003, 21.8706 ], [ 88.8092, 21.8833 ], [ 88.8114, 21.8964 ], [ 88.8408, 21.8869 ] ] ], [ [ [ 88.5727, 21.8584 ], [ 88.551, 21.8173 ], [ 88.5306, 21.8492 ], [ 88.5425, 21.8556 ], [ 88.5503, 21.881 ], [ 88.5412, 21.9026 ], [ 88.5727, 21.8584 ] ] ], [ [ [ 88.4251, 21.9036 ], [ 88.4207, 21.9039 ], [ 88.4219, 21.9058 ], [ 88.4251, 21.9036 ] ] ], [ [ [ 88.4902, 21.8564 ], [ 88.4481, 21.8153 ], [ 88.4531, 21.8057 ], [ 88.4615, 21.7898 ], [ 88.424, 21.8124 ], [ 88.4015, 21.798 ], [ 88.3925, 21.8326 ], [ 88.419, 21.9024 ], [ 88.4902, 21.8564 ] ] ], [ [ [ 88.7806, 21.8594 ], [ 88.7686, 21.8525 ], [ 88.7578, 21.7811 ], [ 88.7517, 21.8153 ], [ 88.7075, 21.8114 ], [ 88.7281, 21.8375 ], [ 88.6967, 21.8381 ], [ 88.7181, 21.9072 ], [ 88.7806, 21.8594 ] ] ], [ [ [ 88.1093, 21.8839 ], [ 88.1044, 21.8978 ], [ 88.1128, 21.9106 ], [ 88.1093, 21.8839 ] ] ], [ [ [ 88.4903, 21.8894 ], [ 88.4769, 21.8983 ], [ 88.4886, 21.9103 ], [ 88.4903, 21.8894 ] ] ], [ [ [ 88.4457, 21.9061 ], [ 88.4423, 21.9088 ], [ 88.4565, 21.9138 ], [ 88.4457, 21.9061 ] ] ], [ [ [ 88.6675, 21.9117 ], [ 88.6345, 21.8706 ], [ 88.6234, 21.9014 ], [ 88.6675, 21.9117 ] ] ], [ [ [ 88.1446, 21.9153 ], [ 88.1294, 21.8989 ], [ 88.1161, 21.9183 ], [ 88.1446, 21.9153 ] ] ], [ [ [ 88.8901, 21.9147 ], [ 88.9152, 21.9282 ], [ 88.9767, 21.8675 ], [ 88.9556, 21.8539 ], [ 88.9589, 21.8697 ], [ 88.9494, 21.8867 ], [ 88.9433, 21.8847 ], [ 88.9472, 21.8406 ], [ 88.9392, 21.8536 ], [ 88.9178, 21.8606 ], [ 88.915, 21.8808 ], [ 88.9069, 21.8789 ], [ 88.9217, 21.8539 ], [ 88.9392, 21.85 ], [ 88.888, 21.8122 ], [ 88.8781, 21.8539 ], [ 88.8196, 21.9282 ], [ 88.8366, 21.9179 ], [ 88.8901, 21.9147 ] ] ], [ [ [ 88.7361, 21.9181 ], [ 88.7994, 21.9197 ], [ 88.8081, 21.8844 ], [ 88.7761, 21.8697 ], [ 88.7361, 21.9181 ] ] ], [ [ [ 88.1714, 21.9322 ], [ 88.1653, 21.9161 ], [ 88.1597, 21.9286 ], [ 88.1714, 21.9322 ] ] ], [ [ [ 88.7507, 21.9549 ], [ 88.7994, 21.9259 ], [ 88.7333, 21.9247 ], [ 88.7454, 21.9797 ], [ 88.7507, 21.9549 ] ] ], [ [ [ 88.7528, 21.9883 ], [ 88.7428, 21.9834 ], [ 88.7583, 22.0071 ], [ 88.7528, 21.9883 ] ] ], [ [ [ 88.7158, 22.0006 ], [ 88.6782, 21.9429 ], [ 88.6286, 21.958 ], [ 88.66, 22.0192 ], [ 88.7158, 22.0006 ] ] ], [ [ [ 88.0875, 21.9328 ], [ 88.0472, 21.9117 ], [ 88.0733, 21.9953 ], [ 88.1414, 22.0264 ], [ 88.0875, 21.9328 ] ] ], [ [ [ 88.9025, 22.0117 ], [ 88.9073, 21.9295 ], [ 88.7525, 21.9561 ], [ 88.7533, 21.9853 ], [ 88.7644, 21.9844 ], [ 88.7744, 21.9897 ], [ 88.782, 21.9727 ], [ 88.8003, 21.9705 ], [ 88.7767, 21.9908 ], [ 88.7536, 21.9881 ], [ 88.7617, 22.0149 ], [ 88.9025, 22.0117 ] ] ], [ [ [ 88.7334, 22.0436 ], [ 88.734, 22.0423 ], [ 88.7309, 22.0436 ], [ 88.7334, 22.0436 ] ] ], [ [ [ 88.7757, 22.0497 ], [ 88.7789, 22.0372 ], [ 88.791, 22.0294 ], [ 88.7617, 22.0214 ], [ 88.7757, 22.0497 ] ] ], [ [ [ 88.8917, 22.0147 ], [ 88.852, 22.0412 ], [ 88.8902, 22.0458 ], [ 88.892, 22.0493 ], [ 88.8864, 22.0578 ], [ 88.9028, 22.0453 ], [ 88.8917, 22.0147 ] ] ], [ [ [ 88.0292, 22.0589 ], [ 88.0275, 22.0619 ], [ 88.0294, 22.0625 ], [ 88.0292, 22.0589 ] ] ], [ [ [ 89.0736, 22.0042 ], [ 89.0598, 21.932 ], [ 88.9996, 21.9495 ], [ 89.0325, 22.0021 ], [ 88.9924, 21.9736 ], [ 88.9897, 21.9857 ], [ 88.9756, 21.9914 ], [ 88.9831, 21.9928 ], [ 88.9994, 22.0071 ], [ 88.9745, 21.9936 ], [ 88.9792, 22.0047 ], [ 88.9681, 22.0155 ], [ 88.9855, 22.0459 ], [ 88.9849, 22.0549 ], [ 89.0736, 22.0042 ] ] ], [ [ [ 88.6294, 22.0525 ], [ 88.6286, 22.062 ], [ 88.6322, 22.0617 ], [ 88.6294, 22.0525 ] ] ], [ [ [ 88.8314, 22.0502 ], [ 88.8322, 22.0272 ], [ 88.7802, 22.0378 ], [ 88.8314, 22.0502 ] ] ], [ [ [ 88.8683, 22.0697 ], [ 88.8702, 22.0631 ], [ 88.8903, 22.0478 ], [ 88.854, 22.0446 ], [ 88.836, 22.0255 ], [ 88.8456, 22.0617 ], [ 88.82, 22.0642 ], [ 88.8344, 22.0639 ], [ 88.8529, 22.0788 ], [ 88.8683, 22.0697 ] ] ], [ [ [ 88.689, 22.0811 ], [ 88.689, 22.0819 ], [ 88.6904, 22.0811 ], [ 88.689, 22.0811 ] ] ], [ [ [ 88.8909, 22.0604 ], [ 88.871, 22.0644 ], [ 88.8702, 22.0869 ], [ 88.8814, 22.0839 ], [ 88.8972, 22.0892 ], [ 88.8909, 22.0604 ] ] ], [ [ [ 88.7059, 22.0897 ], [ 88.6929, 22.0781 ], [ 88.692, 22.0855 ], [ 88.7059, 22.0897 ] ] ], [ [ [ 88.815, 22.0806 ], [ 88.8278, 22.086 ], [ 88.8362, 22.0663 ], [ 88.7484, 22.0574 ], [ 88.7838, 22.1069 ], [ 88.8035, 22.0853 ], [ 88.815, 22.0806 ] ] ], [ [ [ 88.8457, 22.1194 ], [ 88.8492, 22.104 ], [ 88.8679, 22.085 ], [ 88.8384, 22.0902 ], [ 88.8675, 22.0825 ], [ 88.8512, 22.0794 ], [ 88.8381, 22.0731 ], [ 88.8192, 22.1044 ], [ 88.8059, 22.0848 ], [ 88.8179, 22.123 ], [ 88.8457, 22.1194 ] ] ], [ [ [ 88.7299, 22.1235 ], [ 88.7363, 22.1288 ], [ 88.7355, 22.1236 ], [ 88.7299, 22.1235 ] ] ], [ [ [ 88.8999, 22.1481 ], [ 88.9157, 22.0903 ], [ 88.8307, 22.1271 ], [ 88.8602, 22.1424 ], [ 88.8488, 22.1689 ], [ 88.8999, 22.1481 ] ] ], [ [ [ 88.9849, 22.1271 ], [ 88.9689, 22.0826 ], [ 88.956, 22.1018 ], [ 88.9505, 22.1042 ], [ 88.9669, 22.0786 ], [ 88.9246, 22.0646 ], [ 88.9239, 22.0242 ], [ 88.9461, 22.0 ], [ 88.9349, 22.0551 ], [ 88.9636, 22.057 ], [ 88.9601, 22.052 ], [ 88.9615, 22.049 ], [ 88.9771, 22.0384 ], [ 88.9622, 22.0172 ], [ 88.9725, 21.9878 ], [ 88.9922, 21.97 ], [ 89.0135, 21.9791 ], [ 88.9909, 21.9519 ], [ 89.0126, 21.902 ], [ 88.9688, 21.9211 ], [ 88.972, 21.9287 ], [ 88.9647, 21.9348 ], [ 88.9762, 21.939 ], [ 88.9764, 21.9461 ], [ 88.9625, 21.935 ], [ 88.9661, 21.9229 ], [ 88.9359, 21.9365 ], [ 88.9127, 21.9944 ], [ 88.9014, 22.0653 ], [ 88.9403, 22.128 ], [ 88.8939, 22.1697 ], [ 88.9197, 22.1611 ], [ 88.95, 22.1892 ], [ 88.9849, 22.1271 ] ] ], [ [ [ 89.0222, 22.1486 ], [ 89.0505, 22.1306 ], [ 89.0146, 22.114 ], [ 89.0382, 22.0534 ], [ 89.0277, 22.0535 ], [ 89.03, 22.0591 ], [ 89.0288, 22.0771 ], [ 89.0277, 22.0792 ], [ 89.0234, 22.0788 ], [ 89.026, 22.0529 ], [ 88.9853, 22.057 ], [ 88.9779, 22.0399 ], [ 88.9969, 22.138 ], [ 88.9727, 22.1934 ], [ 89.0019, 22.1992 ], [ 89.0222, 22.1486 ] ] ], [ [ [ 88.7892, 22.1694 ], [ 88.7381, 22.1345 ], [ 88.6831, 22.0808 ], [ 88.7357, 22.0316 ], [ 88.721, 22.0053 ], [ 88.6638, 22.0238 ], [ 88.6342, 22.1062 ], [ 88.6952, 22.2086 ], [ 88.7892, 22.1694 ] ] ], [ [ [ 88.8503, 22.1922 ], [ 88.8532, 22.2043 ], [ 88.8605, 22.2033 ], [ 88.8683, 22.1712 ], [ 88.8508, 22.1736 ], [ 88.8433, 22.1672 ], [ 88.8559, 22.1445 ], [ 88.7776, 22.1112 ], [ 88.7392, 22.057 ], [ 88.7047, 22.065 ], [ 88.7492, 22.135 ], [ 88.8092, 22.1794 ], [ 88.8301, 22.1651 ], [ 88.8383, 22.167 ], [ 88.8281, 22.208 ], [ 88.8447, 22.1892 ], [ 88.8503, 22.1922 ] ] ], [ [ [ 87.9939, 22.2156 ], [ 87.9967, 22.2128 ], [ 87.9919, 22.2128 ], [ 87.9939, 22.2156 ] ] ], [ [ [ 88.9616, 22.1972 ], [ 88.9315, 22.177 ], [ 88.9081, 22.1963 ], [ 88.9324, 22.225 ], [ 88.9616, 22.1972 ] ] ], [ [ [ 88.9836, 22.3253 ], [ 89.0235, 22.297 ], [ 88.9939, 22.2861 ], [ 89.0669, 22.1983 ], [ 89.0686, 22.1474 ], [ 89.0963, 22.155 ], [ 89.0622, 22.1284 ], [ 89.0197, 22.2056 ], [ 88.9725, 22.2097 ], [ 88.9472, 22.2556 ], [ 88.9742, 22.395 ], [ 88.9674, 22.4077 ], [ 88.9848, 22.3824 ], [ 88.9836, 22.3253 ] ] ], [ [ [ 87.9375, 22.3969 ], [ 87.9333, 22.4097 ], [ 87.9361, 22.4064 ], [ 87.9375, 22.3969 ] ] ], [ [ [ 88.8806, 22.4032 ], [ 88.8748, 22.3868 ], [ 88.8986, 22.3367 ], [ 88.8619, 22.3989 ], [ 88.8806, 22.4032 ] ] ], [ [ [ 88.8697, 22.41 ], [ 88.8744, 22.4056 ], [ 88.8719, 22.4053 ], [ 88.8697, 22.41 ] ] ], [ [ [ 88.9172, 22.4236 ], [ 88.9114, 22.4237 ], [ 88.9172, 22.429 ], [ 88.9172, 22.4236 ] ] ], [ [ [ 87.9192, 22.4291 ], [ 87.9194, 22.4295 ], [ 87.9234, 22.4279 ], [ 87.9192, 22.4291 ] ] ], [ [ [ 87.9128, 22.4311 ], [ 87.9183, 22.43 ], [ 87.9081, 22.4308 ], [ 87.9128, 22.4311 ] ] ], [ [ [ 88.8586, 22.4622 ], [ 88.8561, 22.4589 ], [ 88.8569, 22.4725 ], [ 88.8586, 22.4622 ] ] ], [ [ [ 88.8098, 22.4812 ], [ 88.8217, 22.4348 ], [ 88.8348, 22.4338 ], [ 88.8192, 22.4323 ], [ 88.804, 22.4445 ], [ 88.8008, 22.4611 ], [ 88.7814, 22.5006 ], [ 88.8098, 22.4812 ] ] ], [ [ [ 88.8923, 22.4654 ], [ 88.9028, 22.4147 ], [ 88.9217, 22.4014 ], [ 88.888, 22.3783 ], [ 88.8964, 22.3736 ], [ 88.8981, 22.3667 ], [ 88.8766, 22.3869 ], [ 88.8822, 22.4036 ], [ 88.8561, 22.4228 ], [ 88.8677, 22.4879 ], [ 88.8436, 22.5068 ], [ 88.8977, 22.5489 ], [ 88.8923, 22.4654 ] ] ], [ [ [ 88.9363, 22.5613 ], [ 88.9336, 22.5578 ], [ 88.93, 22.5631 ], [ 88.9363, 22.5613 ] ] ], [ [ [ 88.9335, 22.5561 ], [ 88.96, 22.5486 ], [ 88.9986, 22.4303 ], [ 88.9642, 22.4092 ], [ 88.9578, 22.3647 ], [ 88.9394, 22.419 ], [ 88.9419, 22.3099 ], [ 88.8964, 22.3798 ], [ 88.93, 22.3903 ], [ 88.9258, 22.4062 ], [ 88.9078, 22.4158 ], [ 88.9186, 22.422 ], [ 88.9205, 22.4267 ], [ 88.8947, 22.4661 ], [ 88.9144, 22.5111 ], [ 88.895, 22.5596 ], [ 88.9335, 22.5561 ] ] ], [ [ [ 89.6126, 25.9434 ], [ 89.584, 25.9347 ], [ 89.5761, 25.9513 ], [ 89.6126, 25.9434 ] ] ], [ [ [ 88.7889, 26.1307 ], [ 88.7711, 26.1313 ], [ 88.7683, 26.2342 ], [ 88.7989, 26.2067 ], [ 88.7889, 26.1307 ] ] ], [ [ [ 88.7219, 26.2327 ], [ 88.7196, 26.1764 ], [ 88.6712, 26.2506 ], [ 88.7219, 26.2327 ] ] ], [ [ [ 88.6459, 26.2534 ], [ 88.6413, 26.2846 ], [ 88.6464, 26.285 ], [ 88.6459, 26.2534 ] ] ], [ [ [ 86.3843, 19.9786 ], [ 86.4263, 20.0104 ], [ 86.4267, 20.002 ], [ 86.3843, 19.9786 ] ] ], [ [ [ 86.424, 20.0218 ], [ 86.4334, 20.0384 ], [ 86.4347, 20.0313 ], [ 86.424, 20.0218 ] ] ], [ [ [ 86.7889, 20.3669 ], [ 86.7961, 20.3736 ], [ 86.7972, 20.3656 ], [ 86.7889, 20.3669 ] ] ], [ [ [ 86.8008, 20.3904 ], [ 86.8081, 20.398 ], [ 86.8116, 20.3806 ], [ 86.8008, 20.3904 ] ] ], [ [ [ 86.7881, 20.4151 ], [ 86.8002, 20.4911 ], [ 86.8116, 20.4454 ], [ 86.7951, 20.3963 ], [ 86.7881, 20.4151 ] ] ], [ [ [ 87.0526, 20.7334 ], [ 87.0531, 20.7397 ], [ 87.0608, 20.7387 ], [ 87.0526, 20.7334 ] ] ], [ [ [ 87.0809, 20.7398 ], [ 87.0753, 20.7305 ], [ 87.072, 20.7346 ], [ 87.0809, 20.7398 ] ] ], [ [ [ 87.0873, 20.7571 ], [ 87.0878, 20.7628 ], [ 87.0942, 20.765 ], [ 87.0873, 20.7571 ] ] ], [ [ [ 86.9905, 20.7765 ], [ 86.9859, 20.7831 ], [ 86.9916, 20.7835 ], [ 86.9905, 20.7765 ] ] ], [ [ [ 86.9396, 20.7842 ], [ 86.955, 20.7772 ], [ 86.8807, 20.7803 ], [ 86.9396, 20.7842 ] ] ], [ [ [ 87.0693, 20.7846 ], [ 87.0763, 20.7943 ], [ 87.0792, 20.7858 ], [ 87.0693, 20.7846 ] ] ], [ [ [ 86.9905, 20.7965 ], [ 86.9957, 20.8072 ], [ 87.0016, 20.805 ], [ 86.9905, 20.7965 ] ] ], [ [ [ 86.9875, 20.8579 ], [ 86.9941, 20.8648 ], [ 86.9975, 20.8557 ], [ 86.9875, 20.8579 ] ] ] ] } }
]
}
