{
"type": "FeatureCollection",
"name": "states",
"xy_coordinate_resolution": 0.0001,
"features": [
{ "type": "Feature", "properties": { }, "geometry": { "type": "Polygon", "coordinates": [ [ [ 96.0887, 29.46 ], [ 96.2442, 29.2326 ], [ 96.3934, 29.2538 ], [ 96.1149, 29.0748 ], [ 96.1664, 28.9026 ], [ 96.5251, 29.0758 ], [ 96.4772, 28.9904 ], [ 96.6151, 28.7741 ], [ 96.2623, 28.4086 ], [ 96.3976, 28.3393 ], [ 96.6628, 28.4603 ], [ 96.994, 28.3095 ], [ 97.0901, 28.3629 ], [ 97.3973, 28.1924 ], [ 97.3043, 28.0689 ], [ 97.4115, 28.0154 ], [ 97.3851, 27.8874 ], [ 97.2527, 27.901 ], [ 96.8898, 27.6059 ], [ 96.9034, 27.4528 ], [ 97.1382, 27.0915 ], [ 96.8677, 27.1847 ], [ 96.8843, 27.2602 ], [ 96.7042, 27.3723 ], [ 96.2286, 27.2788 ], [ 95.8023, 27.0151 ], [ 95.7231, 26.8815 ], [ 95.2596, 26.6554 ], [ 95.1966, 27.0371 ], [ 95.4532, 27.1295 ], [ 95.5091, 27.2621 ], [ 95.8923, 27.2554 ], [ 96.0177, 27.365 ], [ 95.8444, 27.4217 ], [ 95.8766, 27.5444 ], [ 95.7522, 27.721 ], [ 95.9712, 27.9628 ], [ 95.6052, 27.9547 ], [ 94.4617, 27.5553 ], [ 94.2375, 27.6328 ], [ 94.2682, 27.5209 ], [ 93.8059, 27.1489 ], [ 93.8291, 27.0669 ], [ 93.489, 26.9363 ], [ 93.0218, 26.9135 ], [ 92.6724, 27.0317 ], [ 92.12, 26.8891 ], [ 92.0229, 27.1143 ], [ 92.0406, 27.2661 ], [ 92.1215, 27.287 ], [ 92.0201, 27.4793 ], [ 91.655, 27.4828 ], [ 91.5641, 27.5841 ], [ 91.6423, 27.758 ], [ 91.5551, 27.8586 ], [ 91.8264, 27.8103 ], [ 91.9207, 27.7149 ], [ 92.2123, 27.8587 ], [ 92.3176, 27.7778 ], [ 92.5621, 27.8205 ], [ 92.741, 27.9889 ], [ 92.6889, 28.1254 ], [ 93.2207, 28.3332 ], [ 93.1846, 28.4396 ], [ 93.3392, 28.6399 ], [ 93.9278, 28.6711 ], [ 94.2171, 29.0838 ], [ 94.5603, 29.2286 ], [ 94.6308, 29.3485 ], [ 94.8, 29.1639 ], [ 95.4484, 29.0342 ], [ 95.6001, 29.2604 ], [ 96.0887, 29.46 ] ] ] } },
{ "type": "Feature", "properties": { }, "geometry": { "type": "Polygon", "coordinates": [ [ [ 95.9717, 27.9625 ], [ 95.7522, 27.721 ], [ 95.8766, 27.5444 ], [ 95.8444, 27.4217 ], [ 96.0177, 27.365 ], [ 95.8923, 27.2554 ], [ 95.5087, 27.262 ], [ 95.4532, 27.1295 ], [ 95.0167, 26.9212 ], [ 94.9234, 26.9465 ], [ 94.7582, 26.7661 ], [ 94.4602, 26.6617 ], [ 94.3165, 26.4584 ], [ 94.2562, 26.5413 ], [ 94.001, 26.1724 ], [ 93.9786, 25.9168 ], [ 93.7954, 25.809 ], [ 93.7956, 25.9066 ], [ 93.7771, 25.9683 ], [ 93.7654, 25.9699 ], [ 93.6814, 25.9045 ], [ 93.7142, 25.8446 ], [ 93.3266, 25.546 ], [ 93.4581, 25.4311 ], [ 93.4704, 25.3052 ], [ 93.2438, 25.0184 ], [ 93.1967, 24.8112 ], [ 93.1093, 24.8116 ], [ 93.0415, 24.4131 ], [ 92.8295, 24.3737 ], [ 92.7629, 24.5212 ], [ 92.4654, 24.1364 ], [ 92.4224, 24.255 ], [ 92.2199, 24.2343 ], [ 92.1923, 24.2433 ], [ 92.2959, 24.7366 ], [ 92.2336, 24.9006 ], [ 92.4878, 24.8714 ], [ 92.4159, 24.9901 ], [ 92.4805, 25.1084 ], [ 92.8028, 25.2163 ], [ 92.7379, 25.3794 ], [ 92.5646, 25.4656 ], [ 92.6529, 25.591 ], [ 92.5724, 25.5574 ], [ 92.3839, 25.7546 ], [ 92.1561, 25.6723 ], [ 92.2255, 25.9093 ], [ 92.1524, 25.9444 ], [ 92.2748, 26.0657 ], [ 91.9189, 25.9979 ], [ 91.8791, 26.0981 ], [ 91.8253, 26.1195 ], [ 91.6705, 25.9042 ], [ 91.5798, 26.0333 ], [ 91.4747, 25.8741 ], [ 91.5265, 25.8912 ], [ 91.5304, 25.8713 ], [ 91.3353, 25.8406 ], [ 91.2224, 25.7227 ], [ 91.1958, 25.8615 ], [ 91.0059, 25.8205 ], [ 90.9474, 25.9482 ], [ 90.6218, 25.8979 ], [ 90.5878, 25.9582 ], [ 90.5149, 25.8962 ], [ 90.4761, 26.0097 ], [ 90.151, 25.9668 ], [ 89.8947, 25.7451 ], [ 90.0202, 25.6076 ], [ 89.8513, 25.4664 ], [ 89.8168, 25.8149 ], [ 89.8872, 25.9451 ], [ 89.6986, 26.1908 ], [ 89.7204, 26.3079 ], [ 89.8564, 26.3843 ], [ 89.8624, 26.737 ], [ 90.14, 26.7538 ], [ 90.4128, 26.9044 ], [ 90.717, 26.7684 ], [ 91.6901, 26.8068 ], [ 91.8924, 26.9188 ], [ 92.0562, 26.8467 ], [ 92.6724, 27.0317 ], [ 93.0218, 26.9135 ], [ 93.5866, 26.9506 ], [ 93.8291, 27.0669 ], [ 93.8059, 27.1489 ], [ 94.2682, 27.5209 ], [ 94.2375, 27.6328 ], [ 94.4617, 27.5553 ], [ 95.6052, 27.9547 ], [ 95.9717, 27.9625 ] ] ] } },
{ "type": "Feature", "properties": { }, "geometry": { "type": "Polygon", "coordinates": [ [ [ 76.7718, 30.795 ], [ 76.8483, 30.7304 ], [ 76.8086, 30.6674 ], [ 76.7052, 30.743 ], [ 76.7718, 30.795 ] ] ] } },
{ "type": "Feature", "properties": { }, "geometry": { "type": "Polygon", "coordinates": [ [ [ 77.3265, 18.4588 ], [ 77.4141, 18.3931 ], [ 77.3658, 18.3071 ], [ 77.6055, 18.2813 ], [ 77.5477, 18.0561 ], [ 77.6559, 17.9688 ], [ 77.4432, 17.584 ], [ 77.6926, 17.4989 ], [ 77.513, 17.4309 ], [ 77.3802, 17.2225 ], [ 77.5026, 17.0141 ], [ 77.4189, 16.6686 ], [ 77.4674, 16.5989 ], [ 77.2359, 16.4727 ], [ 77.5978, 16.2931 ], [ 77.4901, 16.2552 ], [ 77.5135, 15.9268 ], [ 77.1853, 15.9568 ], [ 77.0327, 15.8569 ], [ 77.1289, 15.6659 ], [ 77.0305, 15.6345 ], [ 77.0301, 15.5027 ], [ 76.974, 15.4983 ], [ 77.1692, 15.1714 ], [ 77.0825, 15.0061 ], [ 76.7767, 15.0784 ], [ 76.7666, 14.9756 ], [ 76.8696, 14.9377 ], [ 76.765, 14.6022 ], [ 76.868, 14.4741 ], [ 76.9748, 14.4854 ], [ 76.8848, 14.3957 ], [ 76.9401, 14.2446 ], [ 77.1078, 14.2199 ], [ 77.1574, 14.3421 ], [ 77.2866, 14.3401 ], [ 77.392, 14.1989 ], [ 77.3928, 14.3359 ], [ 77.5039, 14.2638 ], [ 77.5035, 14.1572 ], [ 77.3514, 14.13 ], [ 77.4009, 14.1188 ], [ 77.3323, 14.0307 ], [ 77.4379, 13.9756 ], [ 77.4, 13.8883 ], [ 77.3222, 14.03 ], [ 77.1492, 14.0012 ], [ 77.0278, 14.0622 ], [ 77.0233, 14.1767 ], [ 76.8945, 14.1678 ], [ 77.0417, 13.9335 ], [ 76.9985, 13.7456 ], [ 77.1731, 13.7621 ], [ 77.1282, 13.8565 ], [ 77.1847, 13.9252 ], [ 77.2004, 13.8631 ], [ 77.4325, 13.8433 ], [ 77.4553, 13.6823 ], [ 77.5252, 13.691 ], [ 77.5273, 13.7539 ], [ 77.7174, 13.7411 ], [ 77.8266, 13.9448 ], [ 77.9826, 13.9577 ], [ 77.953, 13.8274 ], [ 78.0489, 13.8961 ], [ 78.1236, 13.8454 ], [ 78.0871, 13.6431 ], [ 78.1676, 13.6559 ], [ 78.193, 13.5649 ], [ 78.4022, 13.5873 ], [ 78.3658, 13.3587 ], [ 78.5695, 13.3093 ], [ 78.5797, 13.1674 ], [ 78.4111, 12.9453 ], [ 78.4667, 12.9055 ], [ 78.4647, 12.8668 ], [ 78.3559, 12.9408 ], [ 78.2309, 12.7607 ], [ 77.836, 12.8704 ], [ 77.7399, 12.673 ], [ 77.5989, 12.6672 ], [ 77.6168, 12.3683 ], [ 77.4719, 12.2085 ], [ 77.7333, 12.1781 ], [ 77.7764, 12.1123 ], [ 77.6756, 11.9521 ], [ 77.4948, 11.944 ], [ 77.4272, 11.761 ], [ 77.2498, 11.8131 ], [ 77.1177, 11.7212 ], [ 76.9829, 11.812 ], [ 76.9003, 11.784 ], [ 76.8535, 11.5971 ], [ 76.6139, 11.6077 ], [ 76.12, 11.8504 ], [ 76.1125, 11.9788 ], [ 75.8585, 11.9589 ], [ 75.8027, 12.0795 ], [ 75.6616, 12.0985 ], [ 75.4141, 12.2896 ], [ 75.3656, 12.4568 ], [ 75.4174, 12.4985 ], [ 75.3363, 12.4642 ], [ 75.2731, 12.5369 ], [ 75.3262, 12.5937 ], [ 75.2203, 12.5682 ], [ 75.1525, 12.6823 ], [ 75.0466, 12.6668 ], [ 75.0032, 12.7917 ], [ 74.8648, 12.7604 ], [ 74.6101, 13.8669 ], [ 74.2631, 14.7192 ], [ 74.093, 14.8042 ], [ 74.0857, 14.9006 ], [ 74.2966, 15.0412 ], [ 74.2514, 15.2586 ], [ 74.3365, 15.295 ], [ 74.2505, 15.6573 ], [ 74.0881, 15.6723 ], [ 74.2211, 15.786 ], [ 74.3585, 15.7749 ], [ 74.4633, 16.0392 ], [ 74.3614, 16.0539 ], [ 74.4913, 16.1043 ], [ 74.4806, 16.2501 ], [ 74.325, 16.2718 ], [ 74.3638, 16.4051 ], [ 74.2475, 16.4969 ], [ 74.2706, 16.548 ], [ 74.3799, 16.5286 ], [ 74.4688, 16.6638 ], [ 74.5686, 16.5539 ], [ 74.6871, 16.6068 ], [ 74.6911, 16.7155 ], [ 74.9195, 16.7725 ], [ 74.9318, 16.9448 ], [ 75.0894, 16.9516 ], [ 75.2143, 16.8417 ], [ 75.2797, 16.9566 ], [ 75.6704, 16.9621 ], [ 75.6578, 17.2632 ], [ 75.5742, 17.3833 ], [ 75.6331, 17.4772 ], [ 75.793, 17.3697 ], [ 75.8843, 17.418 ], [ 75.9309, 17.3226 ], [ 76.119, 17.3705 ], [ 76.1764, 17.3008 ], [ 76.2421, 17.3788 ], [ 76.3832, 17.3145 ], [ 76.3313, 17.5974 ], [ 76.4898, 17.6605 ], [ 76.5233, 17.7598 ], [ 76.6909, 17.681 ], [ 76.7905, 17.8263 ], [ 76.74, 17.8997 ], [ 76.919, 17.916 ], [ 76.952, 18.1881 ], [ 77.1116, 18.1558 ], [ 77.3265, 18.4588 ] ] ] } },
{ "type": "Feature", "properties": { }, "geometry": { "type": "Polygon", "coordinates": [ [ [ 94.5732, 25.6916 ], [ 94.5539, 25.5026 ], [ 94.6755, 25.4456 ], [ 94.5756, 25.2139 ], [ 94.7365, 25.1351 ], [ 94.7441, 25.037 ], [ 94.3217, 24.3289 ], [ 94.1566, 23.8482 ], [ 93.8078, 23.9268 ], [ 93.7543, 24.0055 ], [ 93.5051, 23.9425 ], [ 93.3487, 24.105 ], [ 93.2533, 24.0212 ], [ 93.2498, 24.0804 ], [ 93.0994, 24.0432 ], [ 92.9728, 24.1126 ], [ 93.1093, 24.8116 ], [ 93.1969, 24.8115 ], [ 93.2438, 25.0184 ], [ 93.4539, 25.3249 ], [ 93.6052, 25.199 ], [ 93.805, 25.4633 ], [ 93.7649, 25.5385 ], [ 94.0128, 25.5926 ], [ 94.3216, 25.5029 ], [ 94.5732, 25.6916 ] ] ] } },
{ "type": "Feature", "properties": { }, "geometry": { "type": "Polygon", "coordinates": [ [ [ 91.8253, 26.1195 ], [ 91.9189, 25.9979 ], [ 92.2748, 26.0657 ], [ 92.1524, 25.9444 ], [ 92.2255, 25.9093 ], [ 92.1561, 25.6723 ], [ 92.3839, 25.7546 ], [ 92.5724, 25.5574 ], [ 92.6529, 25.591 ], [ 92.5646, 25.4656 ], [ 92.7817, 25.3333 ], [ 92.802, 25.2152 ], [ 92.5215, 25.1391 ], [ 92.4289, 25.0292 ], [ 92.0621, 25.1879 ], [ 91.642, 25.1243 ], [ 91.2646, 25.2068 ], [ 90.4446, 25.1438 ], [ 89.8349, 25.296 ], [ 89.8771, 25.5491 ], [ 90.0202, 25.6076 ], [ 89.8947, 25.7451 ], [ 90.1168, 25.9573 ], [ 90.3997, 26.0126 ], [ 90.5025, 25.9916 ], [ 90.5149, 25.8962 ], [ 90.5878, 25.9582 ], [ 90.6218, 25.8979 ], [ 90.9474, 25.9482 ], [ 91.0059, 25.8205 ], [ 91.1958, 25.8615 ], [ 91.2224, 25.7227 ], [ 91.3353, 25.8406 ], [ 91.4451, 25.8398 ], [ 91.5304, 25.8713 ], [ 91.4747, 25.8741 ], [ 91.5798, 26.0333 ], [ 91.6705, 25.9042 ], [ 91.8253, 26.1195 ] ] ] } },
{ "type": "Feature", "properties": { }, "geometry": { "type": "Polygon", "coordinates": [ [ [ 92.7635, 24.5212 ], [ 92.8293, 24.3738 ], [ 93.0246, 24.3926 ], [ 92.9728, 24.1126 ], [ 93.3375, 24.0413 ], [ 93.4362, 23.6867 ], [ 93.3851, 23.134 ], [ 93.2936, 23.0067 ], [ 93.1256, 23.0408 ], [ 93.1064, 22.5269 ], [ 93.2018, 22.2634 ], [ 93.1507, 22.1763 ], [ 93.0378, 22.1954 ], [ 93.0034, 21.9825 ], [ 92.9512, 22.03 ], [ 92.9041, 21.9412 ], [ 92.8625, 22.0629 ], [ 92.6995, 22.155 ], [ 92.6796, 22.0115 ], [ 92.6032, 21.9771 ], [ 92.529, 22.6659 ], [ 92.3711, 22.9361 ], [ 92.3463, 23.2367 ], [ 92.4035, 23.2409 ], [ 92.257, 23.8126 ], [ 92.3251, 23.9142 ], [ 92.2923, 24.2505 ], [ 92.4224, 24.255 ], [ 92.4786, 24.1421 ], [ 92.7635, 24.5212 ] ] ] } },
{ "type": "Feature", "properties": { }, "geometry": { "type": "Polygon", "coordinates": [ [ [ 95.1935, 27.0358 ], [ 95.2339, 26.6825 ], [ 95.0617, 26.4499 ], [ 95.1322, 26.3777 ], [ 95.1177, 26.1012 ], [ 95.1857, 26.0733 ], [ 95.0116, 25.898 ], [ 95.0487, 25.7598 ], [ 94.8982, 25.5656 ], [ 94.6165, 25.4623 ], [ 94.5534, 25.5041 ], [ 94.5718, 25.6918 ], [ 94.3216, 25.5029 ], [ 94.0128, 25.5926 ], [ 93.8344, 25.5606 ], [ 93.6102, 25.2034 ], [ 93.5013, 25.2424 ], [ 93.4581, 25.4311 ], [ 93.3266, 25.546 ], [ 93.7142, 25.8446 ], [ 93.6814, 25.9045 ], [ 93.7654, 25.9699 ], [ 93.7954, 25.809 ], [ 93.9786, 25.9168 ], [ 94.001, 26.1724 ], [ 94.2562, 26.5413 ], [ 94.3165, 26.4584 ], [ 94.4602, 26.6617 ], [ 95.1935, 27.0358 ] ] ] } },
{ "type": "Feature", "properties": { }, "geometry": { "type": "Polygon", "coordinates": [ [ [ 75.8387, 32.5127 ], [ 75.9347, 32.3934 ], [ 75.6179, 32.2367 ], [ 75.6731, 32.1588 ], [ 75.5948, 32.0699 ], [ 75.9104, 31.9502 ], [ 76.1798, 31.3066 ], [ 76.3226, 31.3217 ], [ 76.374, 31.4372 ], [ 76.4397, 31.279 ], [ 76.6418, 31.2227 ], [ 76.6247, 30.9988 ], [ 76.857, 30.7948 ], [ 76.7052, 30.743 ], [ 76.926, 30.6101 ], [ 76.9367, 30.3858 ], [ 76.741, 30.4263 ], [ 76.7461, 30.3496 ], [ 76.5567, 30.2625 ], [ 76.6561, 30.1852 ], [ 76.5462, 30.0759 ], [ 76.4227, 30.1923 ], [ 76.3217, 30.0951 ], [ 76.2076, 30.1566 ], [ 76.2535, 30.089 ], [ 76.1719, 29.9263 ], [ 76.2438, 29.8524 ], [ 76.0434, 29.7427 ], [ 75.7788, 29.8224 ], [ 75.58, 29.7394 ], [ 75.4595, 29.8075 ], [ 75.2353, 29.5421 ], [ 75.1675, 29.6702 ], [ 75.2416, 29.7546 ], [ 75.1915, 29.8413 ], [ 75.1007, 29.8068 ], [ 75.0888, 29.9172 ], [ 74.9909, 29.8677 ], [ 74.8124, 29.9923 ], [ 74.6468, 29.9043 ], [ 73.8947, 29.9738 ], [ 73.9751, 30.12 ], [ 73.8798, 30.3598 ], [ 73.9738, 30.4439 ], [ 73.9265, 30.4389 ], [ 73.9346, 30.4901 ], [ 74.0723, 30.5229 ], [ 74.4164, 30.9403 ], [ 74.7024, 31.0917 ], [ 74.5103, 31.132 ], [ 74.5516, 31.3644 ], [ 74.6546, 31.4259 ], [ 74.4866, 31.7151 ], [ 74.6078, 31.89 ], [ 74.8189, 31.9587 ], [ 74.8794, 32.0538 ], [ 75.2612, 32.1016 ], [ 75.3725, 32.226 ], [ 75.3414, 32.3461 ], [ 75.5334, 32.2777 ], [ 75.8387, 32.5127 ] ] ] } },
{ "type": "Feature", "properties": { }, "geometry": { "type": "Polygon", "coordinates": [ [ [ 73.9726, 30.1981 ], [ 73.8947, 29.9738 ], [ 74.5272, 29.9428 ], [ 74.561, 29.8696 ], [ 74.4738, 29.7683 ], [ 74.6161, 29.7522 ], [ 74.6219, 29.5222 ], [ 74.5346, 29.4477 ], [ 74.5992, 29.3275 ], [ 74.8505, 29.4036 ], [ 75.0755, 29.2297 ], [ 75.4105, 29.2557 ], [ 75.3715, 29.1381 ], [ 75.5218, 29.0039 ], [ 75.4734, 28.9234 ], [ 75.5615, 28.6132 ], [ 75.7768, 28.4004 ], [ 75.9182, 28.372 ], [ 76.0954, 28.1509 ], [ 75.9453, 28.1063 ], [ 76.0408, 28.074 ], [ 75.9324, 27.9301 ], [ 75.9811, 27.8454 ], [ 76.2177, 27.8172 ], [ 76.1578, 27.989 ], [ 76.1804, 28.0545 ], [ 76.3423, 28.0306 ], [ 76.2923, 28.1792 ], [ 76.4757, 28.1486 ], [ 76.4547, 28.0423 ], [ 76.5438, 28.0342 ], [ 76.5447, 27.9637 ], [ 76.8084, 28.2109 ], [ 76.9705, 28.1384 ], [ 76.9105, 27.6547 ], [ 77.0857, 27.7381 ], [ 77.0448, 27.8218 ], [ 77.3029, 27.7941 ], [ 77.34, 27.5266 ], [ 77.44, 27.3903 ], [ 77.6227, 27.3362 ], [ 77.6811, 27.1944 ], [ 77.5193, 27.0666 ], [ 77.7595, 27.018 ], [ 77.4273, 26.8641 ], [ 77.4546, 26.7419 ], [ 77.5012, 26.8444 ], [ 77.6103, 26.8286 ], [ 77.7606, 26.9326 ], [ 78.0265, 26.8495 ], [ 78.1245, 26.9493 ], [ 78.2723, 26.9192 ], [ 78.1841, 26.784 ], [ 78.1061, 26.79 ], [ 78.0927, 26.6763 ], [ 77.9036, 26.659 ], [ 77.8236, 26.5504 ], [ 77.03, 26.1717 ], [ 76.791, 25.9431 ], [ 76.5823, 25.8702 ], [ 76.4731, 25.7092 ], [ 76.5558, 25.4526 ], [ 76.7293, 25.3285 ], [ 77.2092, 25.3062 ], [ 77.2912, 25.4227 ], [ 77.3709, 25.4084 ], [ 77.4066, 25.1117 ], [ 76.8569, 25.0025 ], [ 76.9496, 24.8694 ], [ 76.8026, 24.8093 ], [ 77.0307, 24.7122 ], [ 77.0713, 24.5724 ], [ 76.9778, 24.4612 ], [ 76.9176, 24.5434 ], [ 76.8164, 24.5336 ], [ 76.8415, 24.3225 ], [ 76.9471, 24.201 ], [ 76.9008, 24.1272 ], [ 76.6989, 24.1684 ], [ 76.6954, 24.2843 ], [ 76.5276, 24.157 ], [ 76.4705, 24.2259 ], [ 76.2125, 24.2098 ], [ 76.1854, 24.3293 ], [ 76.1271, 24.088 ], [ 75.9635, 24.0187 ], [ 75.9814, 23.9289 ], [ 75.7821, 23.8488 ], [ 75.706, 23.8993 ], [ 75.6869, 23.7553 ], [ 75.5835, 23.7947 ], [ 75.4739, 23.982 ], [ 75.7175, 23.9669 ], [ 75.8368, 24.057 ], [ 75.751, 24.1434 ], [ 75.8303, 24.2334 ], [ 75.7278, 24.3905 ], [ 75.7894, 24.4716 ], [ 75.8388, 24.4141 ], [ 75.9092, 24.455 ], [ 75.8363, 24.7278 ], [ 75.2194, 24.7025 ], [ 75.2242, 24.844 ], [ 75.3111, 24.8009 ], [ 75.4257, 24.8688 ], [ 75.2634, 24.8748 ], [ 75.3343, 25.0411 ], [ 75.1658, 25.0476 ], [ 75.1168, 24.8779 ], [ 75.034, 24.8446 ], [ 74.8431, 24.969 ], [ 74.8493, 24.7759 ], [ 75.0163, 24.7319 ], [ 74.8888, 24.6336 ], [ 74.7999, 24.7791 ], [ 74.8136, 24.6495 ], [ 74.7087, 24.4864 ], [ 74.8542, 24.4445 ], [ 74.7471, 24.2534 ], [ 74.8968, 24.2271 ], [ 74.9824, 24.0257 ], [ 74.9025, 23.8732 ], [ 74.9365, 23.6286 ], [ 74.6041, 23.4575 ], [ 74.5142, 23.3282 ], [ 74.7415, 23.2084 ], [ 74.3292, 23.0612 ], [ 73.9624, 23.3808 ], [ 73.8919, 23.334 ], [ 73.8287, 23.4476 ], [ 73.6272, 23.4485 ], [ 73.6557, 23.6212 ], [ 73.5231, 23.6068 ], [ 73.5074, 23.703 ], [ 73.3519, 23.7913 ], [ 73.4208, 23.9307 ], [ 73.362, 24.1046 ], [ 73.2428, 24.0022 ], [ 73.0675, 24.1946 ], [ 73.2193, 24.3638 ], [ 73.0765, 24.3965 ], [ 73.0872, 24.498 ], [ 72.9107, 24.3371 ], [ 72.7309, 24.3642 ], [ 72.539, 24.5195 ], [ 72.4573, 24.4147 ], [ 72.4414, 24.515 ], [ 72.2464, 24.5855 ], [ 72.3474, 24.6284 ], [ 72.1648, 24.6212 ], [ 72.0613, 24.712 ], [ 71.9399, 24.6337 ], [ 71.8718, 24.6816 ], [ 71.8522, 24.6092 ], [ 71.7915, 24.6772 ], [ 71.2876, 24.6158 ], [ 71.112, 24.6757 ], [ 70.8882, 25.1483 ], [ 70.6645, 25.3971 ], [ 70.6598, 25.7022 ], [ 70.2684, 25.7138 ], [ 70.0995, 25.9383 ], [ 70.174, 26.5514 ], [ 69.7917, 26.5983 ], [ 69.4842, 26.8049 ], [ 69.5869, 27.1835 ], [ 70.0257, 27.5629 ], [ 70.1322, 27.8056 ], [ 70.3719, 28.0118 ], [ 70.5892, 28.0104 ], [ 70.7395, 27.7419 ], [ 70.8716, 27.7056 ], [ 71.8983, 27.9615 ], [ 71.9277, 28.1216 ], [ 72.2061, 28.3941 ], [ 72.3922, 28.7719 ], [ 72.9452, 29.0277 ], [ 73.2824, 29.572 ], [ 73.397, 29.9459 ], [ 73.8062, 30.0677 ], [ 73.9726, 30.1981 ] ] ] } },
{ "type": "Feature", "properties": { }, "geometry": { "type": "Polygon", "coordinates": [ [ [ 88.6128, 28.1282 ], [ 88.8362, 28.015 ], [ 88.8828, 27.8911 ], [ 88.7638, 27.5648 ], [ 88.9079, 27.2772 ], [ 88.7388, 27.1363 ], [ 88.5413, 27.1818 ], [ 88.4306, 27.0794 ], [ 88.0962, 27.1334 ], [ 88.0135, 27.2175 ], [ 88.0443, 27.4965 ], [ 88.1981, 27.7907 ], [ 88.1291, 27.9495 ], [ 88.3987, 27.9779 ], [ 88.6128, 28.1282 ] ] ] } },
{ "type": "Feature", "properties": { }, "geometry": { "type": "Polygon", "coordinates": [ [ [ 92.168, 24.5275 ], [ 92.2581, 24.3894 ], [ 92.1923, 24.2433 ], [ 92.332, 24.1797 ], [ 92.3166, 23.8645 ], [ 92.2275, 23.6528 ], [ 92.1293, 23.7358 ], [ 92.0426, 23.6464 ], [ 91.9584, 23.7386 ], [ 91.9474, 23.4308 ], [ 91.8636, 23.4083 ], [ 91.8655, 23.4462 ], [ 91.8011, 23.5178 ], [ 91.7985, 23.5062 ], [ 91.8424, 23.3889 ], [ 91.7599, 23.2828 ], [ 91.8351, 23.0932 ], [ 91.6189, 22.9392 ], [ 91.4087, 23.2853 ], [ 91.4172, 23.065 ], [ 91.3469, 23.1024 ], [ 91.3235, 23.363 ], [ 91.1608, 23.5945 ], [ 91.157, 23.6704 ], [ 91.2145, 23.6566 ], [ 91.1568, 23.7421 ], [ 91.2275, 23.7534 ], [ 91.2802, 23.9823 ], [ 91.3793, 23.9745 ], [ 91.3761, 24.1058 ], [ 91.581, 24.0744 ], [ 91.6623, 24.2319 ], [ 91.7563, 24.1418 ], [ 91.7466, 24.2453 ], [ 91.9183, 24.1155 ], [ 91.9224, 24.3384 ], [ 92.1635, 24.4189 ], [ 92.168, 24.5275 ] ] ] } },
{ "type": "Feature", "properties": { }, "geometry": { "type": "Polygon", "coordinates": [ [ [ 79.0719, 31.4561 ], [ 79.4264, 31.024 ], [ 79.6011, 30.9332 ], [ 79.8648, 30.9727 ], [ 80.236, 30.7593 ], [ 80.2126, 30.5842 ], [ 80.6072, 30.4717 ], [ 81.0452, 30.211 ], [ 80.9074, 30.2227 ], [ 80.744, 30.0045 ], [ 80.368, 29.7486 ], [ 80.4092, 29.5975 ], [ 80.2421, 29.4427 ], [ 80.2979, 29.2052 ], [ 80.1446, 29.1026 ], [ 80.0252, 28.7465 ], [ 79.9542, 28.7229 ], [ 79.8881, 28.8367 ], [ 79.8102, 28.7984 ], [ 79.818, 28.8879 ], [ 79.4256, 28.8665 ], [ 79.3724, 28.9875 ], [ 79.1711, 29.0119 ], [ 79.1535, 29.1152 ], [ 79.0394, 29.1686 ], [ 78.9066, 29.1249 ], [ 78.8745, 29.2303 ], [ 78.8076, 29.2366 ], [ 78.765, 29.2794 ], [ 78.7227, 29.2994 ], [ 78.7186, 29.3067 ], [ 78.9423, 29.4386 ], [ 78.6177, 29.5581 ], [ 78.501, 29.733 ], [ 78.3357, 29.7967 ], [ 77.9675, 29.5801 ], [ 77.953, 29.7074 ], [ 77.799, 29.6862 ], [ 77.7143, 29.8695 ], [ 77.8012, 30.0955 ], [ 77.9617, 30.2424 ], [ 77.5723, 30.408 ], [ 77.8273, 30.5292 ], [ 77.7024, 30.746 ], [ 77.7582, 30.8769 ], [ 77.8057, 30.8533 ], [ 77.7488, 30.9523 ], [ 77.8383, 30.9543 ], [ 77.8113, 31.0592 ], [ 77.9013, 31.1519 ], [ 78.3703, 31.2864 ], [ 78.4837, 31.199 ], [ 78.8099, 31.1984 ], [ 78.8854, 31.0988 ], [ 79.0089, 31.11 ], [ 78.8812, 31.2843 ], [ 79.0719, 31.4561 ] ] ] } },
{ "type": "Feature", "properties": { }, "geometry": { "type": "Polygon", "coordinates": [ [ [ 78.3231, 19.9168 ], [ 78.4903, 19.7927 ], [ 78.841, 19.7619 ], [ 78.8519, 19.6584 ], [ 78.9556, 19.6558 ], [ 78.9405, 19.5519 ], [ 79.1897, 19.4591 ], [ 79.2436, 19.6167 ], [ 79.4714, 19.5002 ], [ 79.7535, 19.6076 ], [ 79.9149, 19.4959 ], [ 79.9797, 19.3894 ], [ 79.9457, 19.169 ], [ 79.8584, 19.1024 ], [ 79.9403, 19.0326 ], [ 79.9211, 18.8103 ], [ 80.1181, 18.6805 ], [ 80.2784, 18.7216 ], [ 80.3466, 18.5951 ], [ 80.5147, 18.6194 ], [ 80.7348, 18.4129 ], [ 80.7942, 18.2569 ], [ 80.7368, 18.1772 ], [ 80.8367, 18.2423 ], [ 80.8667, 18.1403 ], [ 80.979, 18.1788 ], [ 81.0082, 17.7983 ], [ 81.1043, 17.7721 ], [ 80.8855, 17.7357 ], [ 80.8554, 17.6019 ], [ 81.1273, 17.5265 ], [ 81.3226, 17.3746 ], [ 81.1904, 17.3249 ], [ 81.174, 17.2304 ], [ 80.9189, 17.2198 ], [ 80.8453, 17.04 ], [ 80.58, 17.1531 ], [ 80.4649, 17.0301 ], [ 80.409, 17.0915 ], [ 80.3634, 16.9761 ], [ 80.6019, 16.9186 ], [ 80.5702, 16.7681 ], [ 80.3804, 16.8175 ], [ 80.1965, 17.0441 ], [ 80.0174, 16.915 ], [ 80.0706, 16.8017 ], [ 79.9616, 16.6426 ], [ 79.774, 16.7308 ], [ 79.2591, 16.567 ], [ 79.2134, 16.2247 ], [ 79.0095, 16.2402 ], [ 78.7409, 16.0087 ], [ 78.621, 16.0881 ], [ 78.2625, 16.0267 ], [ 78.2517, 15.9352 ], [ 78.099, 15.836 ], [ 78.0319, 15.9074 ], [ 77.5135, 15.9268 ], [ 77.4901, 16.2552 ], [ 77.5954, 16.3422 ], [ 77.2359, 16.4727 ], [ 77.4674, 16.5989 ], [ 77.4189, 16.6686 ], [ 77.5026, 17.0141 ], [ 77.3802, 17.2225 ], [ 77.513, 17.4309 ], [ 77.6924, 17.4969 ], [ 77.4432, 17.584 ], [ 77.6559, 17.9688 ], [ 77.5477, 18.0561 ], [ 77.6055, 18.2813 ], [ 77.5275, 18.4421 ], [ 77.5964, 18.5489 ], [ 77.7385, 18.5568 ], [ 77.7535, 18.701 ], [ 77.9483, 18.8291 ], [ 77.7618, 19.033 ], [ 77.8504, 19.0886 ], [ 77.8635, 19.3042 ], [ 77.9451, 19.3424 ], [ 78.0416, 19.2434 ], [ 78.1753, 19.2376 ], [ 78.1762, 19.4123 ], [ 78.3044, 19.4561 ], [ 78.2627, 19.6651 ], [ 78.3637, 19.7758 ], [ 78.2861, 19.8479 ], [ 78.3231, 19.9168 ] ] ] } },
{ "type": "Feature", "properties": { }, "geometry": { "type": "Polygon", "coordinates": [ [ [ 84.1085, 27.5213 ], [ 84.2941, 27.3824 ], [ 84.6202, 27.3393 ], [ 84.6914, 27.2149 ], [ 84.6428, 27.0468 ], [ 84.9622, 26.9606 ], [ 85.0231, 26.8552 ], [ 85.1905, 26.8702 ], [ 85.2112, 26.7582 ], [ 85.6352, 26.8724 ], [ 85.8499, 26.5685 ], [ 86.0273, 26.6663 ], [ 86.3328, 26.6195 ], [ 86.7302, 26.4225 ], [ 87.0707, 26.5865 ], [ 87.0911, 26.4508 ], [ 87.3402, 26.3477 ], [ 87.4637, 26.4402 ], [ 87.6053, 26.3809 ], [ 87.8884, 26.4868 ], [ 88.0192, 26.3638 ], [ 88.0981, 26.5475 ], [ 88.2309, 26.5725 ], [ 88.1826, 26.5042 ], [ 88.2997, 26.3488 ], [ 88.0732, 26.1752 ], [ 87.9751, 26.1431 ], [ 87.8108, 25.928 ], [ 88.0497, 25.7022 ], [ 88.0732, 25.4837 ], [ 87.9271, 25.539 ], [ 87.787, 25.4493 ], [ 87.8185, 25.242 ], [ 87.584, 25.3495 ], [ 87.4874, 25.2973 ], [ 87.4781, 25.1944 ], [ 87.3275, 25.2236 ], [ 87.2955, 25.0886 ], [ 87.1458, 25.0193 ], [ 87.0511, 24.6086 ], [ 86.9398, 24.6526 ], [ 86.9164, 24.5452 ], [ 86.6034, 24.6082 ], [ 86.4453, 24.3679 ], [ 86.2761, 24.4659 ], [ 86.3228, 24.5869 ], [ 86.1246, 24.6113 ], [ 86.0553, 24.7797 ], [ 85.9453, 24.733 ], [ 85.7367, 24.8208 ], [ 85.668, 24.579 ], [ 85.3708, 24.5553 ], [ 85.1526, 24.4552 ], [ 85.1739, 24.4206 ], [ 85.1232, 24.402 ], [ 85.1039, 24.3773 ], [ 85.0888, 24.3723 ], [ 85.0795, 24.4335 ], [ 84.9039, 24.3722 ], [ 84.8022, 24.5306 ], [ 84.6653, 24.391 ], [ 84.5675, 24.4092 ], [ 84.4962, 24.2863 ], [ 84.2974, 24.449 ], [ 84.2972, 24.5605 ], [ 84.1083, 24.4775 ], [ 84.0084, 24.6428 ], [ 83.8727, 24.5322 ], [ 83.5033, 24.5254 ], [ 83.548, 24.6233 ], [ 83.3931, 24.783 ], [ 83.3202, 25.0173 ], [ 83.3573, 25.1997 ], [ 83.8464, 25.4344 ], [ 84.1045, 25.721 ], [ 84.2765, 25.6594 ], [ 84.3366, 25.7436 ], [ 84.4992, 25.6749 ], [ 84.6347, 25.728 ], [ 84.534, 25.8763 ], [ 84.1701, 25.9877 ], [ 84.056, 26.1001 ], [ 84.0123, 26.2323 ], [ 84.1663, 26.2411 ], [ 84.1769, 26.3707 ], [ 83.9081, 26.4471 ], [ 84.0865, 26.6392 ], [ 84.4199, 26.6264 ], [ 84.2407, 26.7388 ], [ 84.2541, 26.8566 ], [ 84.0603, 26.8882 ], [ 84.0304, 27.0977 ], [ 83.9465, 27.0909 ], [ 83.9942, 27.1752 ], [ 83.9331, 27.3111 ], [ 83.8368, 27.3223 ], [ 83.8481, 27.4488 ], [ 84.0163, 27.4372 ], [ 84.1085, 27.5213 ] ], [ [ 88.2756, 26.3326 ], [ 88.2742, 26.3308 ], [ 88.2757, 26.3324 ], [ 88.2756, 26.3326 ] ] ] } },
{ "type": "Feature", "properties": { }, "geometry": { "type": "Polygon", "coordinates": [ [ [ 74.9896, 12.7955 ], [ 75.0466, 12.6668 ], [ 75.1525, 12.6823 ], [ 75.2203, 12.5682 ], [ 75.3262, 12.5937 ], [ 75.2697, 12.5496 ], [ 75.3363, 12.4642 ], [ 75.4158, 12.5005 ], [ 75.4141, 12.2896 ], [ 75.577, 12.1569 ], [ 75.8027, 12.0795 ], [ 75.8701, 11.952 ], [ 76.1125, 11.9788 ], [ 76.12, 11.8504 ], [ 76.414, 11.7602 ], [ 76.4434, 11.6437 ], [ 76.2343, 11.5714 ], [ 76.2472, 11.468 ], [ 76.5478, 11.359 ], [ 76.4584, 11.1878 ], [ 76.7345, 11.2181 ], [ 76.7002, 11.1536 ], [ 76.8008, 11.054 ], [ 76.6591, 10.9306 ], [ 76.9073, 10.7834 ], [ 76.8821, 10.639 ], [ 76.8101, 10.6238 ], [ 76.8299, 10.3032 ], [ 76.9836, 10.2197 ], [ 77.2353, 10.3529 ], [ 77.2953, 10.2185 ], [ 77.2012, 10.1072 ], [ 77.2728, 9.9643 ], [ 77.1658, 9.6129 ], [ 77.3611, 9.6024 ], [ 77.4123, 9.5091 ], [ 77.147, 9.0214 ], [ 77.2583, 8.875 ], [ 77.17, 8.7419 ], [ 77.2838, 8.5469 ], [ 77.2013, 8.501 ], [ 77.1756, 8.32 ], [ 76.9797, 8.3821 ], [ 76.5468, 8.9042 ], [ 75.8302, 11.1167 ], [ 75.5444, 11.7048 ], [ 75.5246, 11.7083 ], [ 75.4731, 11.7692 ], [ 75.4539, 11.7717 ], [ 75.3863, 11.8564 ], [ 75.3564, 11.8603 ], [ 75.2503, 12.0098 ], [ 75.2012, 12.0064 ], [ 74.8677, 12.7514 ], [ 74.9896, 12.7955 ] ], [ [ 75.5555, 11.7217 ], [ 75.5416, 11.7388 ], [ 75.5266, 11.7261 ], [ 75.5312, 11.7084 ], [ 75.5555, 11.7217 ] ] ] } },
{ "type": "Feature", "properties": { }, "geometry": { "type": "Polygon", "coordinates": [ [ [ 78.3586, 26.8692 ], [ 78.5762, 26.7488 ], [ 78.7256, 26.7959 ], [ 79.0048, 26.6734 ], [ 79.1388, 26.3375 ], [ 79.0634, 26.2259 ], [ 78.9917, 26.239 ], [ 78.9489, 26.1287 ], [ 79.0119, 26.0827 ], [ 78.7529, 25.7509 ], [ 78.8118, 25.6208 ], [ 78.4436, 25.5632 ], [ 78.3053, 25.3767 ], [ 78.4583, 25.1637 ], [ 78.169, 24.8626 ], [ 78.2767, 24.663 ], [ 78.2258, 24.5201 ], [ 78.3896, 24.2627 ], [ 78.5186, 24.3878 ], [ 78.8064, 24.1784 ], [ 78.9715, 24.3476 ], [ 78.8832, 24.6413 ], [ 78.752, 24.6002 ], [ 78.7898, 24.811 ], [ 78.6317, 24.9577 ], [ 78.578, 25.2533 ], [ 78.435, 25.2842 ], [ 78.6582, 25.441 ], [ 78.7746, 25.353 ], [ 78.7483, 25.4098 ], [ 78.8214, 25.4225 ], [ 78.7353, 25.4914 ], [ 78.8466, 25.4287 ], [ 78.8934, 25.5553 ], [ 78.9893, 25.374 ], [ 78.8802, 25.3859 ], [ 78.7923, 25.3081 ], [ 78.8497, 25.2288 ], [ 78.882, 25.3436 ], [ 78.9606, 25.3451 ], [ 78.8819, 25.1569 ], [ 79.0059, 25.195 ], [ 79.0132, 25.274 ], [ 79.031, 25.1384 ], [ 79.0906, 25.1911 ], [ 79.124, 25.111 ], [ 79.283, 25.1173 ], [ 79.2794, 25.2447 ], [ 79.3385, 25.198 ], [ 79.3521, 25.2122 ], [ 79.263, 25.2722 ], [ 79.2998, 25.3377 ], [ 79.4945, 25.2669 ], [ 79.4053, 25.1062 ], [ 79.4915, 25.0796 ], [ 79.5692, 25.1718 ], [ 79.8512, 25.0942 ], [ 79.8514, 25.2356 ], [ 80.2639, 25.4241 ], [ 80.4317, 25.1776 ], [ 80.2858, 25.056 ], [ 80.3306, 24.9923 ], [ 80.4485, 25.0787 ], [ 80.502, 25.0366 ], [ 80.449, 25.0406 ], [ 80.4373, 24.9943 ], [ 80.5493, 25.0021 ], [ 80.4796, 25.0964 ], [ 80.6132, 25.0657 ], [ 80.5924, 25.0902 ], [ 80.6019, 25.1505 ], [ 80.6796, 25.0486 ], [ 80.7762, 25.0548 ], [ 80.7044, 25.1284 ], [ 80.8299, 25.1 ], [ 80.8382, 25.1806 ], [ 80.8847, 25.188 ], [ 80.8122, 24.9225 ], [ 80.9467, 24.9663 ], [ 81.1396, 24.8875 ], [ 81.2197, 24.9286 ], [ 81.2776, 25.166 ], [ 81.4912, 25.0723 ], [ 81.5733, 25.1921 ], [ 81.6117, 25.0563 ], [ 81.9071, 25.0062 ], [ 81.9653, 24.8271 ], [ 82.2036, 24.8192 ], [ 82.1775, 24.7323 ], [ 82.2508, 24.7699 ], [ 82.2967, 24.6058 ], [ 82.4161, 24.5912 ], [ 82.4295, 24.7027 ], [ 82.5391, 24.6478 ], [ 82.671, 24.697 ], [ 82.8034, 24.597 ], [ 82.7193, 24.5525 ], [ 82.7728, 24.3076 ], [ 82.7281, 24.1356 ], [ 82.6645, 24.1283 ], [ 82.8103, 23.9624 ], [ 82.6353, 23.8377 ], [ 82.5234, 23.7837 ], [ 81.9215, 23.8709 ], [ 81.8156, 23.8064 ], [ 81.609, 23.9032 ], [ 81.6959, 23.7214 ], [ 81.5767, 23.5854 ], [ 81.627, 23.4821 ], [ 81.7466, 23.5698 ], [ 81.9233, 23.5327 ], [ 81.9853, 23.4145 ], [ 82.1939, 23.3239 ], [ 82.1613, 23.1432 ], [ 81.9422, 23.079 ], [ 81.9463, 22.9568 ], [ 81.7757, 22.8745 ], [ 81.7685, 22.6643 ], [ 81.6219, 22.538 ], [ 81.4067, 22.441 ], [ 81.3265, 22.5262 ], [ 81.1112, 22.4376 ], [ 81.0062, 22.0632 ], [ 80.9079, 22.1096 ], [ 80.8197, 21.748 ], [ 80.7261, 21.7137 ], [ 80.6713, 21.3385 ], [ 80.4123, 21.3766 ], [ 80.2533, 21.6248 ], [ 79.8912, 21.518 ], [ 79.7376, 21.6039 ], [ 79.5406, 21.5427 ], [ 79.4962, 21.674 ], [ 79.2312, 21.7223 ], [ 79.2239, 21.6486 ], [ 78.9141, 21.589 ], [ 78.9367, 21.4857 ], [ 78.4514, 21.4965 ], [ 78.3874, 21.6148 ], [ 77.9411, 21.3857 ], [ 77.4886, 21.3742 ], [ 77.4256, 21.5378 ], [ 77.6118, 21.5385 ], [ 77.5438, 21.7038 ], [ 77.4791, 21.77 ], [ 77.2898, 21.7602 ], [ 76.7952, 21.5939 ], [ 76.7858, 21.465 ], [ 76.6215, 21.3322 ], [ 76.6232, 21.1849 ], [ 76.4924, 21.1935 ], [ 76.3762, 21.073 ], [ 76.1666, 21.0789 ], [ 76.0956, 21.3711 ], [ 75.2171, 21.4086 ], [ 74.9018, 21.6292 ], [ 74.5542, 21.6813 ], [ 74.4317, 22.0302 ], [ 74.281, 21.933 ], [ 74.1442, 21.9531 ], [ 74.0921, 22.015 ], [ 74.1786, 22.0855 ], [ 74.0649, 22.3545 ], [ 74.1902, 22.3202 ], [ 74.2911, 22.3939 ], [ 74.1906, 22.4759 ], [ 74.1194, 22.4188 ], [ 74.0412, 22.5417 ], [ 74.3791, 22.6346 ], [ 74.4766, 22.8555 ], [ 74.3189, 23.0588 ], [ 74.7415, 23.2084 ], [ 74.5142, 23.3282 ], [ 74.6041, 23.4575 ], [ 74.9365, 23.6286 ], [ 74.9025, 23.8732 ], [ 74.9824, 24.0257 ], [ 74.8968, 24.2271 ], [ 74.7471, 24.2534 ], [ 74.8542, 24.4445 ], [ 74.7087, 24.4864 ], [ 74.8136, 24.6495 ], [ 74.7999, 24.7791 ], [ 74.8888, 24.6336 ], [ 75.0163, 24.7319 ], [ 74.8493, 24.7759 ], [ 74.8336, 24.9596 ], [ 75.034, 24.8446 ], [ 75.1168, 24.8779 ], [ 75.1658, 25.0476 ], [ 75.3343, 25.0411 ], [ 75.2634, 24.8748 ], [ 75.4257, 24.8688 ], [ 75.3111, 24.8009 ], [ 75.2242, 24.844 ], [ 75.2194, 24.7025 ], [ 75.8363, 24.7278 ], [ 75.9092, 24.455 ], [ 75.8388, 24.4141 ], [ 75.7894, 24.4716 ], [ 75.7278, 24.3905 ], [ 75.8303, 24.2334 ], [ 75.751, 24.1434 ], [ 75.8368, 24.057 ], [ 75.7175, 23.9669 ], [ 75.4739, 23.982 ], [ 75.5835, 23.7947 ], [ 75.6869, 23.7553 ], [ 75.706, 23.8993 ], [ 75.7821, 23.8488 ], [ 75.9814, 23.9289 ], [ 75.9635, 24.0187 ], [ 76.1271, 24.088 ], [ 76.1854, 24.3293 ], [ 76.2125, 24.2098 ], [ 76.4705, 24.2259 ], [ 76.5276, 24.157 ], [ 76.6954, 24.2843 ], [ 76.6989, 24.1684 ], [ 76.9008, 24.1272 ], [ 76.9471, 24.201 ], [ 76.8415, 24.3225 ], [ 76.8164, 24.5336 ], [ 76.9176, 24.5434 ], [ 76.9778, 24.4612 ], [ 77.0713, 24.5724 ], [ 77.0307, 24.7122 ], [ 76.8026, 24.8093 ], [ 76.9496, 24.8694 ], [ 76.8569, 25.0025 ], [ 77.4066, 25.1117 ], [ 77.3709, 25.4084 ], [ 77.2912, 25.4227 ], [ 77.2092, 25.3062 ], [ 76.7293, 25.3285 ], [ 76.5558, 25.4526 ], [ 76.4741, 25.7112 ], [ 76.9011, 26.0932 ], [ 77.8236, 26.5504 ], [ 77.9036, 26.659 ], [ 78.0897, 26.6745 ], [ 78.112, 26.7949 ], [ 78.3586, 26.8692 ] ], [ [ 79.3561, 25.0405 ], [ 79.4259, 25.0586 ], [ 79.3603, 25.1443 ], [ 79.3561, 25.0405 ] ], [ [ 79.3545, 25.1759 ], [ 79.3726, 25.18 ], [ 79.3595, 25.1886 ], [ 79.3545, 25.1759 ] ] ] } },
{ "type": "Feature", "properties": { }, "geometry": { "type": "MultiPolygon", "coordinates": [ [ [ [ 93.8985, 7.082 ], [ 93.8984, 7.0826 ], [ 93.9, 7.0824 ], [ 93.8985, 7.082 ] ] ], [ [ [ 93.8337, 7.2905 ], [ 93.8374, 7.2917 ], [ 93.8372, 7.2911 ], [ 93.8337, 7.2905 ] ] ], [ [ [ 93.7097, 7.2141 ], [ 93.7073, 7.2083 ], [ 93.6982, 7.2321 ], [ 93.7097, 7.2141 ] ] ], [ [ [ 93.6227, 7.3285 ], [ 93.6193, 7.3258 ], [ 93.6167, 7.3312 ], [ 93.6227, 7.3285 ] ] ], [ [ [ 93.7592, 7.4014 ], [ 93.7566, 7.3966 ], [ 93.7503, 7.4006 ], [ 93.7592, 7.4014 ] ] ], [ [ [ 93.6746, 7.4005 ], [ 93.671, 7.4097 ], [ 93.6785, 7.4118 ], [ 93.6746, 7.4005 ] ] ], [ [ [ 93.8803, 7.0902 ], [ 93.9429, 6.9989 ], [ 93.8239, 6.7544 ], [ 93.6451, 7.1271 ], [ 93.8372, 7.2402 ], [ 93.8803, 7.0902 ] ] ], [ [ [ 93.7431, 7.3624 ], [ 93.636, 7.2444 ], [ 93.6206, 7.3733 ], [ 93.707, 7.3846 ], [ 93.7, 7.4457 ], [ 93.7431, 7.3624 ] ] ], [ [ [ 93.6404, 7.4761 ], [ 93.6401, 7.4727 ], [ 93.6325, 7.4736 ], [ 93.6404, 7.4761 ] ] ], [ [ [ 93.6217, 7.4787 ], [ 93.6219, 7.4791 ], [ 93.6224, 7.4789 ], [ 93.6217, 7.4787 ] ] ], [ [ [ 93.6197, 7.4807 ], [ 93.6197, 7.4833 ], [ 93.622, 7.4823 ], [ 93.6197, 7.4807 ] ] ], [ [ [ 93.534, 7.5195 ], [ 93.5293, 7.5147 ], [ 93.5206, 7.5273 ], [ 93.534, 7.5195 ] ] ], [ [ [ 93.4548, 8.1296 ], [ 93.4549, 8.1299 ], [ 93.4551, 8.1298 ], [ 93.4548, 8.1296 ] ] ], [ [ [ 93.5142, 8.0696 ], [ 93.5142, 8.07 ], [ 93.5146, 8.0698 ], [ 93.5142, 8.0696 ] ] ], [ [ [ 93.5128, 8.0757 ], [ 93.5135, 8.0762 ], [ 93.5139, 8.0756 ], [ 93.5128, 8.0757 ] ] ], [ [ [ 93.5785, 8.0956 ], [ 93.5784, 8.096 ], [ 93.5788, 8.096 ], [ 93.5785, 8.0956 ] ] ], [ [ [ 93.5791, 8.0971 ], [ 93.5796, 8.0983 ], [ 93.5799, 8.098 ], [ 93.5791, 8.0971 ] ] ], [ [ [ 93.5779, 8.0973 ], [ 93.5778, 8.0975 ], [ 93.5785, 8.0978 ], [ 93.5779, 8.0973 ] ] ], [ [ [ 93.4546, 8.1305 ], [ 93.4548, 8.1308 ], [ 93.455, 8.1306 ], [ 93.4546, 8.1305 ] ] ], [ [ [ 93.4568, 8.1314 ], [ 93.4566, 8.1317 ], [ 93.4572, 8.1319 ], [ 93.4568, 8.1314 ] ] ], [ [ [ 93.4539, 8.1315 ], [ 93.4538, 8.1317 ], [ 93.4544, 8.1318 ], [ 93.4539, 8.1315 ] ] ], [ [ [ 93.4565, 8.1319 ], [ 93.4562, 8.1319 ], [ 93.4563, 8.1321 ], [ 93.4565, 8.1319 ] ] ], [ [ [ 93.4532, 8.1328 ], [ 93.4537, 8.1336 ], [ 93.4539, 8.1331 ], [ 93.4532, 8.1328 ] ] ], [ [ [ 93.4559, 8.1331 ], [ 93.456, 8.1333 ], [ 93.4563, 8.1333 ], [ 93.4559, 8.1331 ] ] ], [ [ [ 93.453, 8.1385 ], [ 93.4524, 8.1387 ], [ 93.4539, 8.1395 ], [ 93.453, 8.1385 ] ] ], [ [ [ 93.4544, 8.1397 ], [ 93.4559, 8.1406 ], [ 93.4558, 8.1402 ], [ 93.4544, 8.1397 ] ] ], [ [ [ 93.4523, 7.9365 ], [ 93.4536, 7.8753 ], [ 93.3101, 7.9327 ], [ 93.3713, 8.0219 ], [ 93.4523, 7.9365 ] ] ], [ [ [ 93.5725, 7.9941 ], [ 93.5674, 7.9315 ], [ 93.4984, 7.9864 ], [ 93.5725, 7.9941 ] ] ], [ [ [ 93.4948, 8.0486 ], [ 93.4934, 8.0474 ], [ 93.493, 8.0489 ], [ 93.4948, 8.0486 ] ] ], [ [ [ 93.5134, 8.0651 ], [ 93.5135, 8.0654 ], [ 93.5138, 8.0653 ], [ 93.5134, 8.0651 ] ] ], [ [ [ 93.5779, 8.1144 ], [ 93.5806, 8.0994 ], [ 93.5723, 8.0972 ], [ 93.5904, 8.0506 ], [ 93.5835, 8.0401 ], [ 93.5531, 8.1201 ], [ 93.5779, 8.1144 ] ] ], [ [ [ 93.1165, 8.2761 ], [ 93.1905, 8.1973 ], [ 93.0767, 8.2741 ], [ 93.1168, 8.3566 ], [ 93.1165, 8.2761 ] ] ], [ [ [ 93.6433, 8.3897 ], [ 93.6335, 8.395 ], [ 93.6342, 8.3959 ], [ 93.6433, 8.3897 ] ] ], [ [ [ 93.2285, 8.224 ], [ 93.2289, 8.2246 ], [ 93.2293, 8.2241 ], [ 93.2285, 8.224 ] ] ], [ [ [ 93.2406, 8.2306 ], [ 93.2287, 8.2247 ], [ 93.2105, 8.2495 ], [ 93.2406, 8.2306 ] ] ], [ [ [ 93.6252, 8.3976 ], [ 93.6246, 8.397 ], [ 93.6243, 8.3982 ], [ 93.6252, 8.3976 ] ] ], [ [ [ 93.0264, 8.4509 ], [ 93.0329, 8.4721 ], [ 93.0472, 8.4603 ], [ 93.0264, 8.4509 ] ] ], [ [ [ 93.6318, 8.4684 ], [ 93.6122, 8.4241 ], [ 93.6199, 8.489 ], [ 93.6076, 8.572 ], [ 93.6318, 8.4684 ] ] ], [ [ [ 93.6322, 8.3952 ], [ 93.6327, 8.3946 ], [ 93.6309, 8.3953 ], [ 93.6322, 8.3952 ] ] ], [ [ [ 93.599, 8.5824 ], [ 93.5983, 8.5808 ], [ 93.5966, 8.5834 ], [ 93.599, 8.5824 ] ] ], [ [ [ 92.8263, 9.1401 ], [ 92.7281, 9.1267 ], [ 92.7203, 9.2186 ], [ 92.7924, 9.2387 ], [ 92.8263, 9.1401 ] ] ], [ [ [ 92.5685, 10.5784 ], [ 92.3885, 10.5331 ], [ 92.3783, 10.7826 ], [ 92.5206, 10.8978 ], [ 92.5685, 10.5784 ] ] ], [ [ [ 92.6074, 10.9308 ], [ 92.6046, 10.9375 ], [ 92.6181, 10.932 ], [ 92.6074, 10.9308 ] ] ], [ [ [ 92.2236, 10.9784 ], [ 92.2133, 10.9758 ], [ 92.2109, 10.9814 ], [ 92.2236, 10.9784 ] ] ], [ [ [ 92.6585, 10.9898 ], [ 92.666, 10.9919 ], [ 92.6678, 10.9859 ], [ 92.6585, 10.9898 ] ] ], [ [ [ 92.7216, 11.1436 ], [ 92.7241, 11.1439 ], [ 92.7246, 11.1426 ], [ 92.7216, 11.1436 ] ] ], [ [ [ 92.7289, 11.142 ], [ 92.7254, 11.1453 ], [ 92.7308, 11.1493 ], [ 92.7289, 11.142 ] ] ], [ [ [ 92.6754, 11.1776 ], [ 92.6741, 11.1901 ], [ 92.6747, 11.1851 ], [ 92.6754, 11.1776 ] ] ], [ [ [ 92.6921, 11.2809 ], [ 92.7044, 11.2899 ], [ 92.7048, 11.2641 ], [ 92.6921, 11.2809 ] ] ], [ [ [ 92.7076, 11.2996 ], [ 92.6953, 11.31 ], [ 92.7211, 11.3337 ], [ 92.7076, 11.2996 ] ] ], [ [ [ 92.5447, 11.396 ], [ 92.5497, 11.3974 ], [ 92.5497, 11.3954 ], [ 92.5447, 11.396 ] ] ], [ [ [ 92.5591, 11.3926 ], [ 92.5551, 11.3916 ], [ 92.5569, 11.397 ], [ 92.5591, 11.3926 ] ] ], [ [ [ 93.5358, 8.2033 ], [ 93.488, 8.145 ], [ 93.5391, 8.0834 ], [ 93.5396, 8.0377 ], [ 93.4909, 7.9996 ], [ 93.5251, 8.0817 ], [ 93.5024, 8.0873 ], [ 93.4755, 8.0534 ], [ 93.48, 8.0927 ], [ 93.4449, 8.1677 ], [ 93.5358, 8.2033 ] ] ], [ [ [ 92.268, 11.5858 ], [ 92.268, 11.5232 ], [ 92.2115, 11.5302 ], [ 92.268, 11.5858 ] ] ], [ [ [ 93.0781, 11.7864 ], [ 93.0849, 11.7886 ], [ 93.0848, 11.7854 ], [ 93.0781, 11.7864 ] ] ], [ [ [ 93.062, 11.8445 ], [ 93.0703, 11.8359 ], [ 93.0475, 11.8132 ], [ 93.062, 11.8445 ] ] ], [ [ [ 92.5959, 11.9117 ], [ 92.5951, 11.9064 ], [ 92.5945, 11.9153 ], [ 92.5992, 11.9184 ], [ 92.5959, 11.9117 ] ] ], [ [ [ 92.7235, 11.91 ], [ 92.7178, 11.9027 ], [ 92.7147, 11.926 ], [ 92.7235, 11.91 ] ] ], [ [ [ 92.6014, 11.9356 ], [ 92.6031, 11.9363 ], [ 92.6046, 11.9349 ], [ 92.6014, 11.9356 ] ] ], [ [ [ 92.7243, 11.9419 ], [ 92.7252, 11.9561 ], [ 92.7319, 11.9602 ], [ 92.7243, 11.9419 ] ] ], [ [ [ 92.6079, 11.9435 ], [ 92.6052, 11.9367 ], [ 92.6019, 11.9371 ], [ 92.5977, 11.9283 ], [ 92.5954, 11.9764 ], [ 92.6079, 11.9435 ] ] ], [ [ [ 92.7224, 11.9545 ], [ 92.7244, 11.9542 ], [ 92.7241, 11.9533 ], [ 92.7224, 11.9545 ] ] ], [ [ [ 92.583, 11.9781 ], [ 92.5809, 11.9774 ], [ 92.5799, 11.9784 ], [ 92.583, 11.9781 ] ] ], [ [ [ 92.7593, 11.9494 ], [ 92.7352, 11.9522 ], [ 92.742, 11.9621 ], [ 92.7593, 11.9494 ] ] ], [ [ [ 92.7419, 11.9677 ], [ 92.7439, 11.967 ], [ 92.7431, 11.966 ], [ 92.7419, 11.9677 ] ] ], [ [ [ 92.7264, 11.9881 ], [ 92.7217, 11.983 ], [ 92.723, 11.992 ], [ 92.7264, 11.9881 ] ] ], [ [ [ 92.7247, 11.9957 ], [ 92.7254, 11.9964 ], [ 92.7255, 11.996 ], [ 92.7247, 11.9957 ] ] ], [ [ [ 92.7737, 12.0127 ], [ 92.7706, 12.0136 ], [ 92.7701, 12.0171 ], [ 92.7737, 12.0127 ] ] ], [ [ [ 92.6263, 11.545 ], [ 92.6277, 11.5482 ], [ 92.6279, 11.5471 ], [ 92.6263, 11.545 ] ] ], [ [ [ 92.6051, 11.5325 ], [ 92.6047, 11.5219 ], [ 92.6013, 11.5378 ], [ 92.6051, 11.5325 ] ] ], [ [ [ 92.6996, 11.6594 ], [ 92.6921, 11.6608 ], [ 92.6947, 11.6634 ], [ 92.6996, 11.6594 ] ] ], [ [ [ 92.762, 11.6696 ], [ 92.761, 11.6694 ], [ 92.7597, 11.677 ], [ 92.762, 11.6696 ] ] ], [ [ [ 92.7223, 11.6866 ], [ 92.7222, 11.688 ], [ 92.726, 11.6873 ], [ 92.7223, 11.6866 ] ] ], [ [ [ 92.6172, 11.56 ], [ 92.6157, 11.5362 ], [ 92.6092, 11.5315 ], [ 92.6172, 11.56 ] ] ], [ [ [ 92.5736, 11.5629 ], [ 92.5717, 11.5627 ], [ 92.5756, 11.5709 ], [ 92.5736, 11.5629 ] ] ], [ [ [ 92.5639, 11.5694 ], [ 92.5663, 11.5707 ], [ 92.5665, 11.5703 ], [ 92.5639, 11.5694 ] ] ], [ [ [ 92.5965, 11.5492 ], [ 92.5944, 11.5333 ], [ 92.5831, 11.5489 ], [ 92.5914, 11.5778 ], [ 92.5965, 11.5492 ] ] ], [ [ [ 92.6137, 11.5631 ], [ 92.5996, 11.5676 ], [ 92.6008, 11.5859 ], [ 92.6137, 11.5631 ] ] ], [ [ [ 92.5643, 11.5737 ], [ 92.5289, 11.5552 ], [ 92.5312, 11.5957 ], [ 92.5643, 11.5737 ] ] ], [ [ [ 92.576, 11.5843 ], [ 92.5777, 11.5851 ], [ 92.5784, 11.5837 ], [ 92.576, 11.5843 ] ] ], [ [ [ 92.5921, 11.5898 ], [ 92.5922, 11.5906 ], [ 92.5935, 11.5897 ], [ 92.5921, 11.5898 ] ] ], [ [ [ 93.1228, 12.1409 ], [ 93.1153, 12.1304 ], [ 93.1091, 12.1417 ], [ 93.1228, 12.1409 ] ] ], [ [ [ 93.0963, 12.1353 ], [ 93.0969, 12.1372 ], [ 93.0983, 12.1368 ], [ 93.0963, 12.1353 ] ] ], [ [ [ 93.092, 12.2187 ], [ 93.093, 12.2236 ], [ 93.0932, 12.2206 ], [ 93.092, 12.2187 ] ] ], [ [ [ 93.0915, 12.2253 ], [ 93.0899, 12.2262 ], [ 93.0922, 12.2253 ], [ 93.0915, 12.2253 ] ] ], [ [ [ 93.0076, 12.0199 ], [ 93.0436, 11.8846 ], [ 92.9251, 11.9956 ], [ 93.0076, 12.0199 ] ] ], [ [ [ 93.0046, 12.0485 ], [ 92.9952, 12.0419 ], [ 92.9541, 12.0802 ], [ 93.0046, 12.0485 ] ] ], [ [ [ 92.6786, 12.2193 ], [ 92.6814, 12.224 ], [ 92.6823, 12.2167 ], [ 92.6786, 12.2193 ] ] ], [ [ [ 92.7241, 12.1852 ], [ 92.7291, 12.1895 ], [ 92.7301, 12.1881 ], [ 92.7241, 12.1852 ] ] ], [ [ [ 92.7385, 12.1111 ], [ 92.7403, 12.1133 ], [ 92.7405, 12.1119 ], [ 92.7385, 12.1111 ] ] ], [ [ [ 92.9483, 12.0911 ], [ 92.9467, 12.1169 ], [ 92.9557, 12.1018 ], [ 92.9483, 12.0911 ] ] ], [ [ [ 93.05, 12.0797 ], [ 93.0439, 12.046 ], [ 93.0059, 12.0796 ], [ 93.0257, 12.1456 ], [ 93.05, 12.0797 ] ] ], [ [ [ 93.0576, 12.1171 ], [ 93.0532, 12.1093 ], [ 93.0487, 12.1168 ], [ 93.0576, 12.1171 ] ] ], [ [ [ 92.753, 12.1459 ], [ 92.7561, 12.15 ], [ 92.7574, 12.1464 ], [ 92.753, 12.1459 ] ] ], [ [ [ 93.0027, 12.1122 ], [ 92.9773, 12.1083 ], [ 92.952, 12.1473 ], [ 93.0027, 12.1122 ] ] ], [ [ [ 92.7583, 12.167 ], [ 92.7583, 12.1648 ], [ 92.7575, 12.1657 ], [ 92.7584, 12.177 ], [ 92.7545, 12.1811 ], [ 92.7622, 12.1789 ], [ 92.7583, 12.167 ] ] ], [ [ [ 92.9386, 12.216 ], [ 92.9321, 12.1963 ], [ 92.924, 12.2153 ], [ 92.9386, 12.216 ] ] ], [ [ [ 93.094, 12.1431 ], [ 93.074, 12.0838 ], [ 93.0666, 12.1318 ], [ 93.0483, 12.1194 ], [ 93.0356, 12.1325 ], [ 93.0718, 12.2105 ], [ 93.094, 12.1431 ] ] ], [ [ [ 93.0184, 12.2243 ], [ 93.0199, 12.2244 ], [ 93.02, 12.224 ], [ 93.0184, 12.2243 ] ] ], [ [ [ 92.6084, 11.5075 ], [ 92.6144, 11.5108 ], [ 92.612, 11.5086 ], [ 92.6084, 11.5075 ] ] ], [ [ [ 92.643, 11.5144 ], [ 92.6444, 11.5152 ], [ 92.6445, 11.5145 ], [ 92.643, 11.5144 ] ] ], [ [ [ 92.6903, 11.3752 ], [ 92.5983, 11.3468 ], [ 92.5863, 11.4009 ], [ 92.6389, 11.5105 ], [ 92.6903, 11.3752 ] ] ], [ [ [ 92.5674, 11.5276 ], [ 92.5652, 11.5175 ], [ 92.5515, 11.5315 ], [ 92.5674, 11.5276 ] ] ], [ [ [ 93.0734, 12.3254 ], [ 93.0638, 12.3257 ], [ 93.068, 12.328 ], [ 93.0734, 12.3254 ] ] ], [ [ [ 92.684, 12.5395 ], [ 92.6771, 12.5219 ], [ 92.668, 12.5336 ], [ 92.684, 12.5395 ] ] ], [ [ [ 92.8398, 12.423 ], [ 92.8417, 12.4161 ], [ 92.8288, 12.4262 ], [ 92.8398, 12.423 ] ] ], [ [ [ 92.7228, 12.6214 ], [ 92.7233, 12.6204 ], [ 92.7226, 12.6207 ], [ 92.7199, 12.6188 ], [ 92.7228, 12.6214 ] ] ], [ [ [ 92.7002, 12.6396 ], [ 92.7014, 12.641 ], [ 92.7022, 12.6402 ], [ 92.7002, 12.6396 ] ] ], [ [ [ 92.7252, 12.6548 ], [ 92.7245, 12.6541 ], [ 92.725, 12.6557 ], [ 92.7252, 12.6548 ] ] ], [ [ [ 92.9578, 12.418 ], [ 92.9299, 12.3587 ], [ 92.9246, 12.4043 ], [ 92.9578, 12.418 ] ] ], [ [ [ 92.8425, 12.4163 ], [ 92.8432, 12.4182 ], [ 92.8454, 12.4169 ], [ 92.8425, 12.4163 ] ] ], [ [ [ 92.8576, 12.4172 ], [ 92.8674, 12.4205 ], [ 92.8681, 12.4143 ], [ 92.8576, 12.4172 ] ] ], [ [ [ 92.8837, 12.3766 ], [ 92.8437, 12.3955 ], [ 92.8508, 12.4087 ], [ 92.8837, 12.3766 ] ] ], [ [ [ 92.8966, 12.4097 ], [ 92.8973, 12.4121 ], [ 92.8979, 12.4118 ], [ 92.8966, 12.4097 ] ] ], [ [ [ 92.898, 12.4218 ], [ 92.8984, 12.4258 ], [ 92.9006, 12.4263 ], [ 92.898, 12.4218 ] ] ], [ [ [ 92.91, 12.3338 ], [ 92.9106, 12.3357 ], [ 92.9116, 12.3338 ], [ 92.91, 12.3338 ] ] ], [ [ [ 92.9041, 12.3389 ], [ 92.9037, 12.3411 ], [ 92.9051, 12.3402 ], [ 92.9041, 12.3389 ] ] ], [ [ [ 92.9169, 12.3506 ], [ 92.9095, 12.3382 ], [ 92.909, 12.3506 ], [ 92.9169, 12.3506 ] ] ], [ [ [ 92.6537, 12.7717 ], [ 92.6552, 12.7743 ], [ 92.6553, 12.7736 ], [ 92.6537, 12.7717 ] ] ], [ [ [ 92.715, 12.6897 ], [ 92.7104, 12.6803 ], [ 92.7082, 12.6921 ], [ 92.715, 12.6897 ] ] ], [ [ [ 92.7207, 12.6896 ], [ 92.7164, 12.6859 ], [ 92.7193, 12.6966 ], [ 92.7207, 12.6896 ] ] ], [ [ [ 92.7287, 12.7308 ], [ 92.7269, 12.7273 ], [ 92.7217, 12.7378 ], [ 92.7287, 12.7308 ] ] ], [ [ [ 92.7236, 12.8322 ], [ 92.7262, 12.839 ], [ 92.7265, 12.837 ], [ 92.7236, 12.8322 ] ] ], [ [ [ 92.7796, 12.85 ], [ 92.7805, 12.8399 ], [ 92.7845, 12.8324 ], [ 92.7833, 12.8246 ], [ 92.7673, 12.8519 ], [ 92.7796, 12.85 ] ] ], [ [ [ 92.7654, 12.8498 ], [ 92.7649, 12.848 ], [ 92.7649, 12.8421 ], [ 92.7656, 12.8383 ], [ 92.765, 12.8364 ], [ 92.7624, 12.8524 ], [ 92.7654, 12.8498 ] ] ], [ [ [ 92.711, 12.7773 ], [ 92.7246, 12.7485 ], [ 92.7163, 12.7193 ], [ 92.6934, 12.7978 ], [ 92.711, 12.7773 ] ] ], [ [ [ 92.7232, 12.7676 ], [ 92.7237, 12.7622 ], [ 92.7163, 12.7883 ], [ 92.7232, 12.7676 ] ] ], [ [ [ 92.7654, 12.8566 ], [ 92.7631, 12.8558 ], [ 92.7599, 12.8686 ], [ 92.7654, 12.8566 ] ] ], [ [ [ 92.7197, 12.8405 ], [ 92.711, 12.8322 ], [ 92.7133, 12.8557 ], [ 92.7197, 12.8405 ] ] ], [ [ [ 92.7305, 12.8565 ], [ 92.7285, 12.8549 ], [ 92.7281, 12.8559 ], [ 92.7305, 12.8565 ] ] ], [ [ [ 92.7054, 13.0714 ], [ 92.6998, 13.0712 ], [ 92.6952, 13.0963 ], [ 92.7054, 13.0714 ] ] ], [ [ [ 92.728, 13.0934 ], [ 92.7302, 13.0956 ], [ 92.7308, 13.0948 ], [ 92.728, 13.0934 ] ] ], [ [ [ 92.7927, 13.1693 ], [ 92.7931, 13.1711 ], [ 92.7955, 13.1705 ], [ 92.7927, 13.1693 ] ] ], [ [ [ 93.0572, 13.2238 ], [ 93.0568, 13.2265 ], [ 93.0581, 13.2259 ], [ 93.0572, 13.2238 ] ] ], [ [ [ 93.0588, 13.2272 ], [ 93.0594, 13.2284 ], [ 93.0607, 13.2278 ], [ 93.0588, 13.2272 ] ] ], [ [ [ 92.9134, 13.0611 ], [ 92.9147, 13.0632 ], [ 92.9167, 13.0604 ], [ 92.9134, 13.0611 ] ] ], [ [ [ 92.9123, 13.0637 ], [ 92.9129, 13.0674 ], [ 92.9143, 13.0642 ], [ 92.9123, 13.0637 ] ] ], [ [ [ 93.0772, 13.3009 ], [ 93.0706, 13.2984 ], [ 93.0693, 13.3002 ], [ 93.0772, 13.3009 ] ] ], [ [ [ 92.9643, 13.3358 ], [ 92.9674, 13.3377 ], [ 92.9656, 13.3347 ], [ 92.9643, 13.3358 ] ] ], [ [ [ 92.9962, 13.3003 ], [ 93.0076, 13.321 ], [ 93.0078, 13.3164 ], [ 92.9962, 13.3003 ] ] ], [ [ [ 93.0195, 13.3166 ], [ 93.0208, 13.304 ], [ 93.0136, 13.3088 ], [ 93.0195, 13.3166 ] ] ], [ [ [ 93.0068, 13.3369 ], [ 93.008, 13.337 ], [ 93.0075, 13.3361 ], [ 93.0068, 13.3369 ] ] ], [ [ [ 93.0136, 13.3375 ], [ 93.0124, 13.3375 ], [ 93.0129, 13.339 ], [ 93.0136, 13.3375 ] ] ], [ [ [ 93.0192, 13.3383 ], [ 93.0172, 13.3368 ], [ 93.0153, 13.3427 ], [ 93.0192, 13.3383 ] ] ], [ [ [ 92.9855, 13.0003 ], [ 92.9876, 13.0012 ], [ 92.9878, 12.9996 ], [ 92.9855, 13.0003 ] ] ], [ [ [ 92.9131, 13.0432 ], [ 92.916, 13.0483 ], [ 92.9179, 13.0428 ], [ 92.9131, 13.0432 ] ] ], [ [ [ 92.9307, 13.0518 ], [ 92.931, 13.0536 ], [ 92.9323, 13.0518 ], [ 92.9307, 13.0518 ] ] ], [ [ [ 92.9388, 13.0251 ], [ 92.9421, 12.9972 ], [ 92.9165, 13.0077 ], [ 92.9388, 13.0251 ] ] ], [ [ [ 93.1009, 13.435 ], [ 93.1019, 13.4306 ], [ 93.0967, 13.4319 ], [ 93.1009, 13.435 ] ] ], [ [ [ 93.0903, 13.4119 ], [ 93.0935, 13.4185 ], [ 93.0936, 13.4198 ], [ 93.0942, 13.4161 ], [ 93.0903, 13.4119 ] ] ], [ [ [ 93.0547, 13.645 ], [ 93.0456, 13.6214 ], [ 93.0423, 13.638 ], [ 93.0547, 13.645 ] ] ], [ [ [ 93.0277, 13.6286 ], [ 93.0121, 13.6491 ], [ 92.9856, 13.6425 ], [ 92.976, 13.6538 ], [ 93.0188, 13.6711 ], [ 93.0277, 13.6286 ] ] ], [ [ [ 93.0885, 13.3361 ], [ 93.0639, 13.3043 ], [ 93.0386, 13.3229 ], [ 93.0885, 13.3361 ] ] ], [ [ [ 93.0755, 13.3636 ], [ 93.0728, 13.3653 ], [ 93.0743, 13.3661 ], [ 93.0755, 13.3636 ] ] ], [ [ [ 93.0796, 13.3686 ], [ 93.0807, 13.3695 ], [ 93.0813, 13.3684 ], [ 93.0796, 13.3686 ] ] ], [ [ [ 93.079, 13.377 ], [ 93.0791, 13.3766 ], [ 93.0784, 13.3766 ], [ 93.079, 13.377 ] ] ], [ [ [ 93.06, 13.3853 ], [ 93.0623, 13.3864 ], [ 93.0624, 13.3857 ], [ 93.06, 13.3853 ] ] ], [ [ [ 92.8176, 13.4166 ], [ 92.8133, 13.4038 ], [ 92.8112, 13.4198 ], [ 92.8176, 13.4166 ] ] ], [ [ [ 92.8728, 13.5063 ], [ 92.8709, 13.5024 ], [ 92.8663, 13.5037 ], [ 92.8654, 13.5053 ], [ 92.8728, 13.5063 ] ] ], [ [ [ 93.077, 13.4332 ], [ 93.0758, 13.433 ], [ 93.0758, 13.4333 ], [ 93.077, 13.4332 ] ] ], [ [ [ 92.8768, 13.5379 ], [ 92.8747, 13.5356 ], [ 92.8731, 13.5386 ], [ 92.8768, 13.5379 ] ] ], [ [ [ 93.051, 13.5645 ], [ 93.0554, 13.5663 ], [ 93.0552, 13.5626 ], [ 93.051, 13.5645 ] ] ], [ [ [ 92.9062, 13.5371 ], [ 92.9114, 13.5344 ], [ 92.9086, 13.5322 ], [ 92.9062, 13.5371 ] ] ], [ [ [ 92.9163, 13.5078 ], [ 92.9132, 13.5073 ], [ 92.9172, 13.5157 ], [ 92.9163, 13.5078 ] ] ], [ [ [ 93.0861, 13.416 ], [ 93.0918, 13.4199 ], [ 93.0926, 13.4171 ], [ 93.0861, 13.416 ] ] ], [ [ [ 93.0688, 13.4227 ], [ 93.0688, 13.4133 ], [ 93.066, 13.4227 ], [ 93.0688, 13.4227 ] ] ], [ [ [ 92.8341, 13.4206 ], [ 92.8217, 13.4214 ], [ 92.8246, 13.4391 ], [ 92.8341, 13.4206 ] ] ], [ [ [ 92.9977, 13.5703 ], [ 92.9998, 13.5727 ], [ 93.0022, 13.5712 ], [ 92.9977, 13.5703 ] ] ], [ [ [ 92.9021, 13.5965 ], [ 92.8836, 13.575 ], [ 92.8896, 13.5979 ], [ 92.9021, 13.5965 ] ] ], [ [ [ 92.7479, 12.8941 ], [ 92.7493, 12.8974 ], [ 92.7522, 12.8936 ], [ 92.7479, 12.8941 ] ] ], [ [ [ 92.7552, 12.8926 ], [ 92.752, 12.8898 ], [ 92.7539, 12.9146 ], [ 92.7552, 12.8926 ] ] ], [ [ [ 92.7204, 12.8897 ], [ 92.6671, 12.7832 ], [ 92.6469, 12.8619 ], [ 92.6946, 12.9915 ], [ 92.7204, 12.8897 ] ] ], [ [ [ 92.9082, 12.9145 ], [ 92.9106, 12.9167 ], [ 92.9104, 12.9145 ], [ 92.9082, 12.9145 ] ] ], [ [ [ 92.9337, 12.9112 ], [ 92.9287, 12.917 ], [ 92.9339, 12.9205 ], [ 92.9337, 12.9112 ] ] ], [ [ [ 92.8905, 12.8975 ], [ 92.8913, 12.8993 ], [ 92.8928, 12.8989 ], [ 92.8905, 12.8975 ] ] ], [ [ [ 92.7812, 12.8842 ], [ 92.7822, 12.8931 ], [ 92.791, 12.8913 ], [ 92.7897, 12.89 ], [ 92.7812, 12.8842 ] ] ], [ [ [ 92.8626, 12.914 ], [ 92.8627, 12.9145 ], [ 92.8635, 12.9139 ], [ 92.8626, 12.914 ] ] ], [ [ [ 92.7661, 12.9173 ], [ 92.7668, 12.918 ], [ 92.7672, 12.9169 ], [ 92.7661, 12.9173 ] ] ], [ [ [ 92.7612, 12.9219 ], [ 92.7653, 12.9265 ], [ 92.7664, 12.9217 ], [ 92.7612, 12.9219 ] ] ], [ [ [ 92.8001, 12.8977 ], [ 92.7914, 12.8922 ], [ 92.7733, 12.9115 ], [ 92.8001, 12.8977 ] ] ], [ [ [ 92.8732, 12.9321 ], [ 92.8845, 12.9241 ], [ 92.8639, 12.9179 ], [ 92.8732, 12.9321 ] ] ], [ [ [ 92.7754, 12.9276 ], [ 92.7716, 12.9176 ], [ 92.7685, 12.9247 ], [ 92.7754, 12.9276 ] ] ], [ [ [ 92.668, 12.9527 ], [ 92.6665, 12.9533 ], [ 92.6684, 12.9562 ], [ 92.668, 12.9527 ] ] ], [ [ [ 92.6681, 12.9512 ], [ 92.6682, 12.9496 ], [ 92.666, 12.9503 ], [ 92.6681, 12.9512 ] ] ], [ [ [ 92.6706, 12.9502 ], [ 92.6687, 12.9506 ], [ 92.6692, 12.952 ], [ 92.6706, 12.9502 ] ] ], [ [ [ 92.6699, 12.9482 ], [ 92.6708, 12.9484 ], [ 92.6706, 12.9481 ], [ 92.6699, 12.9482 ] ] ], [ [ [ 92.6746, 12.9485 ], [ 92.6719, 12.949 ], [ 92.6744, 12.9499 ], [ 92.6746, 12.9485 ] ] ], [ [ [ 92.6719, 12.9497 ], [ 92.6717, 12.9485 ], [ 92.6692, 12.9488 ], [ 92.6719, 12.9497 ] ] ], [ [ [ 92.6679, 12.9519 ], [ 92.6679, 12.9516 ], [ 92.6668, 12.9519 ], [ 92.6679, 12.9519 ] ] ], [ [ [ 92.6686, 12.9528 ], [ 92.6692, 12.9533 ], [ 92.6697, 12.9529 ], [ 92.6686, 12.9528 ] ] ], [ [ [ 92.7657, 12.9287 ], [ 92.7629, 12.9258 ], [ 92.7589, 12.9354 ], [ 92.7657, 12.9287 ] ] ], [ [ [ 92.8912, 12.9366 ], [ 92.8877, 12.9345 ], [ 92.8889, 12.9379 ], [ 92.8912, 12.9366 ] ] ], [ [ [ 92.9692, 12.9454 ], [ 92.95, 12.9406 ], [ 92.9574, 12.9491 ], [ 92.9692, 12.9454 ] ] ], [ [ [ 92.9694, 12.9624 ], [ 92.9863, 12.9566 ], [ 92.9781, 12.9331 ], [ 92.9694, 12.9624 ] ] ], [ [ [ 92.9887, 13.4275 ], [ 93.0674, 13.3972 ], [ 92.9451, 13.3512 ], [ 92.9736, 13.2821 ], [ 93.0644, 13.2724 ], [ 93.0308, 13.1782 ], [ 93.0333, 13.0819 ], [ 92.9593, 13.0158 ], [ 92.9447, 13.1224 ], [ 92.9218, 13.057 ], [ 92.8985, 13.0958 ], [ 92.887, 13.0934 ], [ 92.8922, 13.101 ], [ 92.8893, 13.1137 ], [ 92.8832, 13.1282 ], [ 92.8764, 13.136 ], [ 92.875, 13.1358 ], [ 92.873, 13.1036 ], [ 92.9119, 13.0669 ], [ 92.8578, 13.08 ], [ 92.846, 13.0753 ], [ 92.8435, 13.0508 ], [ 92.9368, 12.9748 ], [ 92.8424, 12.9567 ], [ 92.8472, 12.9125 ], [ 92.8751, 12.9059 ], [ 92.8412, 12.877 ], [ 92.8433, 12.8877 ], [ 92.8406, 12.8926 ], [ 92.8007, 12.9001 ], [ 92.7896, 12.9619 ], [ 92.822, 12.9772 ], [ 92.8369, 13.0232 ], [ 92.7877, 13.0197 ], [ 92.8305, 13.2427 ], [ 92.8528, 13.2354 ], [ 92.8507, 13.2287 ], [ 92.8549, 13.2191 ], [ 92.8476, 13.2129 ], [ 92.848, 13.2088 ], [ 92.8491, 13.2076 ], [ 92.854, 13.2092 ], [ 92.8583, 13.2063 ], [ 92.8611, 13.2065 ], [ 92.858, 13.201 ], [ 92.8589, 13.1996 ], [ 92.8627, 13.1966 ], [ 92.857, 13.1964 ], [ 92.8559, 13.1953 ], [ 92.8552, 13.1909 ], [ 92.8557, 13.1892 ], [ 92.8578, 13.1878 ], [ 92.8589, 13.1888 ], [ 92.8591, 13.1923 ], [ 92.8602, 13.1919 ], [ 92.8607, 13.1857 ], [ 92.8615, 13.1845 ], [ 92.8629, 13.185 ], [ 92.8605, 13.192 ], [ 92.8586, 13.1926 ], [ 92.8577, 13.1884 ], [ 92.8555, 13.1908 ], [ 92.8636, 13.1963 ], [ 92.8619, 13.2068 ], [ 92.8544, 13.2099 ], [ 92.8487, 13.2086 ], [ 92.8558, 13.2198 ], [ 92.8515, 13.2611 ], [ 92.8214, 13.2797 ], [ 92.8419, 13.4031 ], [ 92.8709, 13.4126 ], [ 92.8729, 13.4023 ], [ 92.8782, 13.3969 ], [ 92.8824, 13.3953 ], [ 92.8791, 13.3923 ], [ 92.88, 13.3891 ], [ 92.886, 13.3985 ], [ 92.8887, 13.3948 ], [ 92.8902, 13.3945 ], [ 92.8923, 13.3959 ], [ 92.8945, 13.3922 ], [ 92.8985, 13.3913 ], [ 92.8984, 13.3889 ], [ 92.9024, 13.3906 ], [ 92.9021, 13.3878 ], [ 92.9062, 13.3826 ], [ 92.9153, 13.3821 ], [ 92.9177, 13.3847 ], [ 92.9178, 13.3863 ], [ 92.9194, 13.3858 ], [ 92.9186, 13.3859 ], [ 92.9182, 13.3847 ], [ 92.9192, 13.3833 ], [ 92.9205, 13.3835 ], [ 92.9237, 13.3847 ], [ 92.8706, 13.4724 ], [ 93.0298, 13.5685 ], [ 92.9887, 13.4275 ] ] ], [ [ [ 92.6946, 12.2466 ], [ 92.6963, 12.2504 ], [ 92.6981, 12.2481 ], [ 92.6946, 12.2466 ] ] ], [ [ [ 92.8803, 12.2399 ], [ 92.8814, 12.2419 ], [ 92.882, 12.2408 ], [ 92.8803, 12.2399 ] ] ], [ [ [ 92.7608, 12.2288 ], [ 92.7628, 12.1831 ], [ 92.7283, 12.1979 ], [ 92.7222, 12.1885 ], [ 92.7346, 12.2398 ], [ 92.7608, 12.2288 ] ] ], [ [ [ 92.8535, 12.2814 ], [ 92.8487, 12.3022 ], [ 92.872, 12.3019 ], [ 92.8574, 12.2448 ], [ 92.8698, 12.213 ], [ 92.884, 12.1983 ], [ 92.7632, 12.0639 ], [ 92.7748, 12.2428 ], [ 92.7409, 12.2456 ], [ 92.7874, 12.2804 ], [ 92.7705, 12.3132 ], [ 92.7948, 12.3038 ], [ 92.8535, 12.2814 ] ] ], [ [ [ 92.9143, 12.22 ], [ 92.8783, 12.2079 ], [ 92.8695, 12.2457 ], [ 92.8803, 12.2399 ], [ 92.8832, 12.2384 ], [ 92.9143, 12.22 ] ] ], [ [ [ 93.0853, 12.2273 ], [ 93.0816, 12.2255 ], [ 93.0838, 12.2289 ], [ 93.0853, 12.2273 ] ] ], [ [ [ 93.0989, 12.2048 ], [ 93.1022, 12.2458 ], [ 93.0801, 12.2258 ], [ 93.0621, 12.23 ], [ 93.104, 12.2505 ], [ 93.0989, 12.2048 ] ] ], [ [ [ 92.8605, 12.2428 ], [ 92.8638, 12.2509 ], [ 92.8682, 12.2487 ], [ 92.8605, 12.2428 ] ] ], [ [ [ 92.7035, 12.1379 ], [ 92.7562, 12.1772 ], [ 92.7336, 12.1034 ], [ 92.734, 12.0835 ], [ 92.7822, 12.0484 ], [ 92.7268, 12.0448 ], [ 92.7683, 11.9975 ], [ 92.7344, 11.9771 ], [ 92.7383, 11.9975 ], [ 92.7212, 12.0059 ], [ 92.7132, 11.994 ], [ 92.7113, 11.8207 ], [ 92.7453, 11.9323 ], [ 92.7911, 11.886 ], [ 92.7541, 11.7014 ], [ 92.7058, 11.701 ], [ 92.6612, 11.6538 ], [ 92.7554, 11.6647 ], [ 92.7101, 11.4782 ], [ 92.5143, 11.8484 ], [ 92.5615, 11.947 ], [ 92.6138, 11.8311 ], [ 92.696, 12.2391 ], [ 92.7035, 12.1379 ] ] ], [ [ [ 92.7209, 12.2555 ], [ 92.7212, 12.2565 ], [ 92.7238, 12.2563 ], [ 92.7209, 12.2555 ] ] ], [ [ [ 93.0209, 12.2759 ], [ 93.0282, 12.2799 ], [ 93.0284, 12.2787 ], [ 93.0209, 12.2759 ] ] ], [ [ [ 92.8983, 12.2596 ], [ 92.8992, 12.2626 ], [ 92.8999, 12.2618 ], [ 92.8983, 12.2596 ] ] ], [ [ [ 92.8787, 12.2462 ], [ 92.8784, 12.2508 ], [ 92.8811, 12.2484 ], [ 92.8787, 12.2462 ] ] ], [ [ [ 92.7406, 12.2558 ], [ 92.7325, 12.2467 ], [ 92.739, 12.2835 ], [ 92.7406, 12.2558 ] ] ], [ [ [ 92.752, 12.278 ], [ 92.761, 12.2941 ], [ 92.767, 12.2855 ], [ 92.752, 12.278 ] ] ], [ [ [ 92.7337, 12.2884 ], [ 92.7361, 12.293 ], [ 92.737, 12.2912 ], [ 92.7337, 12.2884 ] ] ], [ [ [ 92.7657, 12.2897 ], [ 92.7696, 12.2953 ], [ 92.7708, 12.2937 ], [ 92.7657, 12.2897 ] ] ], [ [ [ 92.7522, 12.2929 ], [ 92.7512, 12.293 ], [ 92.7526, 12.2948 ], [ 92.7522, 12.2929 ] ] ], [ [ [ 92.7229, 12.2912 ], [ 92.7097, 12.2298 ], [ 92.6987, 12.2746 ], [ 92.7229, 12.2912 ] ] ], [ [ [ 92.8707, 12.3289 ], [ 92.886, 12.3325 ], [ 92.8998, 12.3237 ], [ 92.858, 12.3143 ], [ 92.8616, 12.3213 ], [ 92.86, 12.3203 ], [ 92.8609, 12.3239 ], [ 92.8569, 12.3285 ], [ 92.8582, 12.33 ], [ 92.8548, 12.3322 ], [ 92.8562, 12.3335 ], [ 92.857, 12.3403 ], [ 92.8583, 12.3389 ], [ 92.857, 12.3374 ], [ 92.8577, 12.335 ], [ 92.8707, 12.3289 ] ] ], [ [ [ 92.9411, 12.2766 ], [ 92.9217, 12.2294 ], [ 92.9007, 12.2884 ], [ 92.9411, 12.2766 ] ] ], [ [ [ 92.8652, 12.304 ], [ 92.8633, 12.3032 ], [ 92.863, 12.3045 ], [ 92.8652, 12.304 ] ] ], [ [ [ 92.8764, 12.2969 ], [ 92.8786, 12.2981 ], [ 92.8793, 12.2966 ], [ 92.8764, 12.2969 ] ] ], [ [ [ 92.7625, 12.2976 ], [ 92.7647, 12.2996 ], [ 92.7648, 12.2978 ], [ 92.7625, 12.2976 ] ] ], [ [ [ 92.9684, 12.4966 ], [ 92.9104, 12.4062 ], [ 92.8983, 12.4525 ], [ 92.8354, 12.5014 ], [ 92.8985, 12.4171 ], [ 92.8156, 12.4548 ], [ 92.7956, 12.4381 ], [ 92.7993, 12.4648 ], [ 92.7855, 12.4749 ], [ 92.7893, 12.4773 ], [ 92.7905, 12.4809 ], [ 92.7904, 12.4828 ], [ 92.7898, 12.4837 ], [ 92.7864, 12.4841 ], [ 92.7716, 12.4712 ], [ 92.787, 12.4373 ], [ 92.8294, 12.4284 ], [ 92.8147, 12.4251 ], [ 92.8337, 12.4107 ], [ 92.8155, 12.4172 ], [ 92.8039, 12.4119 ], [ 92.8031, 12.4047 ], [ 92.8022, 12.4049 ], [ 92.8015, 12.4061 ], [ 92.8011, 12.4061 ], [ 92.7994, 12.4045 ], [ 92.7989, 12.4009 ], [ 92.8382, 12.4088 ], [ 92.8228, 12.3744 ], [ 92.8421, 12.392 ], [ 92.8987, 12.3339 ], [ 92.8793, 12.345 ], [ 92.8712, 12.3301 ], [ 92.8568, 12.3454 ], [ 92.8476, 12.3437 ], [ 92.8312, 12.3029 ], [ 92.7702, 12.3339 ], [ 92.7192, 12.3003 ], [ 92.6838, 12.6092 ], [ 92.7223, 12.6155 ], [ 92.773, 12.6706 ], [ 92.7617, 12.6249 ], [ 92.7787, 12.5802 ], [ 92.7989, 12.6615 ], [ 92.7868, 12.667 ], [ 92.7968, 12.6753 ], [ 92.7888, 12.7042 ], [ 92.7766, 12.7173 ], [ 92.7825, 12.7199 ], [ 92.7792, 12.7285 ], [ 92.7823, 12.7332 ], [ 92.7811, 12.7353 ], [ 92.7318, 12.675 ], [ 92.7456, 12.723 ], [ 92.722, 12.8261 ], [ 92.7828, 12.7634 ], [ 92.7899, 12.8895 ], [ 92.8219, 12.896 ], [ 92.8412, 12.891 ], [ 92.8388, 12.8773 ], [ 92.8473, 12.876 ], [ 92.8957, 12.898 ], [ 92.8966, 12.9269 ], [ 92.9684, 12.4966 ] ] ] ] } },
{ "type": "Feature", "properties": { }, "geometry": { "type": "MultiPolygon", "coordinates": [ [ [ [ 69.3352, 22.3864 ], [ 69.3328, 22.3726 ], [ 69.3234, 22.3811 ], [ 69.3352, 22.3864 ] ] ], [ [ [ 71.1537, 20.7601 ], [ 71.1509, 20.7596 ], [ 71.1514, 20.7634 ], [ 71.1537, 20.7601 ] ] ], [ [ [ 72.3623, 22.0291 ], [ 72.4446, 21.9634 ], [ 72.3535, 21.7973 ], [ 72.2925, 21.9675 ], [ 72.3623, 22.0291 ] ] ], [ [ [ 71.5257, 20.9035 ], [ 71.5284, 20.9041 ], [ 71.5325, 20.9028 ], [ 71.5257, 20.9035 ] ] ], [ [ [ 71.5128, 20.9109 ], [ 71.5246, 20.9048 ], [ 71.51, 20.9038 ], [ 71.5128, 20.9109 ] ] ], [ [ [ 69.5904, 22.4305 ], [ 69.6569, 22.4268 ], [ 69.6366, 22.4055 ], [ 69.5904, 22.4305 ] ] ], [ [ [ 72.0593, 24.712 ], [ 72.1648, 24.6212 ], [ 72.3474, 24.6284 ], [ 72.2464, 24.5855 ], [ 72.4414, 24.515 ], [ 72.4573, 24.4147 ], [ 72.539, 24.5195 ], [ 72.7309, 24.3642 ], [ 72.9114, 24.3372 ], [ 72.9911, 24.4778 ], [ 73.0899, 24.4963 ], [ 73.0765, 24.3965 ], [ 73.2193, 24.3638 ], [ 73.0675, 24.1946 ], [ 73.2428, 24.0022 ], [ 73.362, 24.1046 ], [ 73.4208, 23.9307 ], [ 73.3519, 23.7913 ], [ 73.5074, 23.703 ], [ 73.5231, 23.6068 ], [ 73.6557, 23.6212 ], [ 73.6272, 23.4485 ], [ 73.8287, 23.4476 ], [ 73.8919, 23.334 ], [ 73.9624, 23.3808 ], [ 74.1069, 23.2937 ], [ 74.1278, 23.176 ], [ 74.2471, 23.1844 ], [ 74.3395, 22.9528 ], [ 74.4766, 22.8555 ], [ 74.3791, 22.6346 ], [ 74.0384, 22.5347 ], [ 74.1194, 22.4188 ], [ 74.1906, 22.4759 ], [ 74.2911, 22.3939 ], [ 74.1902, 22.3202 ], [ 74.0649, 22.3545 ], [ 74.1786, 22.0855 ], [ 74.0921, 22.015 ], [ 74.1471, 21.9484 ], [ 73.7957, 21.8246 ], [ 73.8917, 21.6917 ], [ 73.7802, 21.6282 ], [ 73.852, 21.4978 ], [ 74.2949, 21.569 ], [ 74.3206, 21.4984 ], [ 73.9387, 21.4048 ], [ 73.942, 21.2991 ], [ 73.8227, 21.2707 ], [ 73.8157, 21.1739 ], [ 73.5772, 21.1706 ], [ 73.9011, 20.9821 ], [ 73.9422, 20.7423 ], [ 73.7447, 20.5648 ], [ 73.4496, 20.7176 ], [ 73.392, 20.646 ], [ 73.4939, 20.5382 ], [ 73.3798, 20.3934 ], [ 73.4215, 20.2065 ], [ 73.2995, 20.2095 ], [ 73.2491, 20.1227 ], [ 73.1685, 20.2082 ], [ 73.0605, 20.1618 ], [ 73.1671, 20.2885 ], [ 73.0964, 20.3604 ], [ 73.0347, 20.2914 ], [ 72.917, 20.2813 ], [ 72.9188, 20.257 ], [ 72.958, 20.234 ], [ 72.9632, 20.2085 ], [ 72.7367, 20.1348 ], [ 72.7776, 20.3368 ], [ 72.8967, 20.3798 ], [ 72.9037, 20.5759 ], [ 72.7545, 21.0524 ], [ 72.6239, 21.0908 ], [ 72.598, 21.3173 ], [ 72.7366, 21.5388 ], [ 72.6122, 21.5852 ], [ 72.8073, 21.6578 ], [ 72.5278, 21.6782 ], [ 72.667, 21.9555 ], [ 72.5582, 21.8789 ], [ 72.5079, 21.9342 ], [ 72.5804, 22.1974 ], [ 72.7582, 22.1742 ], [ 72.9133, 22.2404 ], [ 72.9396, 22.3093 ], [ 72.7558, 22.2317 ], [ 72.5158, 22.3211 ], [ 72.4273, 22.2095 ], [ 72.3733, 22.3158 ], [ 72.2247, 22.0575 ], [ 72.2415, 21.8237 ], [ 72.1623, 21.8073 ], [ 72.3086, 21.6251 ], [ 72.1121, 21.1985 ], [ 71.5569, 20.9699 ], [ 71.4373, 20.8691 ], [ 70.827, 20.6906 ], [ 70.1588, 21.0552 ], [ 68.9364, 22.3114 ], [ 68.984, 22.4119 ], [ 69.0682, 22.4812 ], [ 69.0357, 22.39 ], [ 69.1948, 22.4217 ], [ 69.1565, 22.1951 ], [ 69.3328, 22.3276 ], [ 69.6554, 22.3594 ], [ 69.7307, 22.4844 ], [ 69.7538, 22.4165 ], [ 69.7646, 22.4753 ], [ 69.8707, 22.4277 ], [ 69.9755, 22.5427 ], [ 70.1253, 22.5528 ], [ 70.3761, 22.9084 ], [ 70.4266, 22.9044 ], [ 70.4272, 22.842 ], [ 70.3914, 22.8395 ], [ 70.3829, 22.795 ], [ 70.4621, 22.8402 ], [ 70.5193, 22.9349 ], [ 70.4324, 22.9674 ], [ 70.5414, 22.9599 ], [ 70.7117, 23.2143 ], [ 70.3123, 23.2154 ], [ 70.0358, 22.9529 ], [ 70.0729, 22.9432 ], [ 70.0803, 22.9198 ], [ 69.6825, 22.7998 ], [ 69.4169, 22.8107 ], [ 69.4718, 22.7736 ], [ 68.7595, 23.0796 ], [ 68.5839, 23.2237 ], [ 68.6345, 23.3005 ], [ 68.5401, 23.2483 ], [ 68.6206, 23.3284 ], [ 68.5809, 23.3709 ], [ 68.3998, 23.4201 ], [ 68.4804, 23.5179 ], [ 68.3264, 23.4961 ], [ 68.2993, 23.5932 ], [ 68.095, 23.653 ], [ 68.2084, 23.875 ], [ 68.3584, 23.98 ], [ 68.7529, 23.9712 ], [ 68.8082, 24.3137 ], [ 68.8647, 24.2127 ], [ 68.9455, 24.3026 ], [ 69.0034, 24.223 ], [ 69.5942, 24.2928 ], [ 69.7315, 24.1709 ], [ 70.0252, 24.171 ], [ 70.11, 24.2948 ], [ 70.5731, 24.422 ], [ 70.5711, 24.2514 ], [ 70.806, 24.2206 ], [ 71.1217, 24.4057 ], [ 70.9985, 24.4441 ], [ 70.9874, 24.5433 ], [ 71.0966, 24.6894 ], [ 71.2876, 24.6158 ], [ 71.7915, 24.6772 ], [ 71.8522, 24.6092 ], [ 71.8718, 24.6816 ], [ 71.9399, 24.6337 ], [ 72.0593, 24.712 ] ], [ [ 72.9528, 20.3153 ], [ 72.983, 20.3185 ], [ 72.9786, 20.3319 ], [ 72.9528, 20.3153 ] ] ], [ [ [ 69.094, 22.4607 ], [ 69.1448, 22.4503 ], [ 69.0845, 22.422 ], [ 69.094, 22.4607 ] ] ], [ [ [ 69.8186, 22.5046 ], [ 69.802, 22.4772 ], [ 69.7852, 22.4894 ], [ 69.8186, 22.5046 ] ] ], [ [ [ 70.0021, 22.5523 ], [ 70.0038, 22.5494 ], [ 69.9961, 22.549 ], [ 70.0021, 22.5523 ] ] ], [ [ [ 68.4976, 23.3327 ], [ 68.5544, 23.3291 ], [ 68.5202, 23.2887 ], [ 68.4976, 23.3327 ] ] ], [ [ [ 70.0006, 22.554 ], [ 69.9794, 22.5705 ], [ 69.973, 22.579 ], [ 69.973, 22.5816 ], [ 70.0006, 22.554 ] ] ], [ [ [ 69.9854, 22.5884 ], [ 70.0387, 22.5736 ], [ 70.0017, 22.5545 ], [ 69.9854, 22.5884 ] ] ] ] } },
{ "type": "Feature", "properties": { }, "geometry": { "type": "MultiPolygon", "coordinates": [ [ [ [ 73.0107, 8.2766 ], [ 73.012, 8.2771 ], [ 73.0117, 8.2763 ], [ 73.0107, 8.2766 ] ] ], [ [ [ 73.0784, 8.3243 ], [ 73.0428, 8.264 ], [ 73.0215, 8.2685 ], [ 73.0178, 8.2754 ], [ 73.0784, 8.3243 ] ] ], [ [ [ 72.2887, 10.0456 ], [ 72.2855, 10.0463 ], [ 72.2905, 10.0532 ], [ 72.2887, 10.0456 ] ] ], [ [ [ 73.014, 8.3023 ], [ 73.0136, 8.3021 ], [ 73.0137, 8.3024 ], [ 73.014, 8.3023 ] ] ], [ [ [ 73.6479, 10.0813 ], [ 73.6412, 10.0572 ], [ 73.6513, 10.102 ], [ 73.6479, 10.0813 ] ] ], [ [ [ 72.3361, 10.1075 ], [ 72.3357, 10.1022 ], [ 72.3343, 10.1009 ], [ 72.3361, 10.1075 ] ] ], [ [ [ 73.6527, 10.1092 ], [ 73.6521, 10.1087 ], [ 73.6522, 10.1095 ], [ 73.6527, 10.1092 ] ] ], [ [ [ 73.6601, 10.1292 ], [ 73.6643, 10.1411 ], [ 73.6614, 10.1299 ], [ 73.6601, 10.1292 ] ] ], [ [ [ 72.6406, 10.5793 ], [ 72.6497, 10.5636 ], [ 72.6172, 10.5422 ], [ 72.6406, 10.5793 ] ] ], [ [ [ 73.6718, 10.804 ], [ 73.6995, 10.8164 ], [ 73.7018, 10.8143 ], [ 73.6718, 10.804 ] ] ], [ [ [ 72.1667, 10.8147 ], [ 72.1689, 10.8129 ], [ 72.1649, 10.813 ], [ 72.1667, 10.8147 ] ] ], [ [ [ 72.1701, 10.8182 ], [ 72.2028, 10.8694 ], [ 72.1797, 10.8289 ], [ 72.1701, 10.8182 ] ] ], [ [ [ 72.2847, 10.9376 ], [ 72.2935, 10.9461 ], [ 72.2896, 10.9357 ], [ 72.2847, 10.9376 ] ] ], [ [ [ 72.3171, 10.9497 ], [ 72.3206, 10.9461 ], [ 72.3154, 10.9436 ], [ 72.3171, 10.9497 ] ] ], [ [ [ 72.3331, 10.9529 ], [ 72.3315, 10.9506 ], [ 72.3304, 10.9515 ], [ 72.3331, 10.9529 ] ] ], [ [ [ 72.333, 10.955 ], [ 72.3344, 10.9535 ], [ 72.3339, 10.9531 ], [ 72.333, 10.955 ] ] ], [ [ [ 72.3354, 10.9579 ], [ 72.3344, 10.9564 ], [ 72.3342, 10.9593 ], [ 72.3354, 10.9579 ] ] ], [ [ [ 72.7313, 11.1257 ], [ 72.7186, 11.1273 ], [ 72.7337, 11.1364 ], [ 72.7313, 11.1257 ] ] ], [ [ [ 72.7771, 11.2174 ], [ 72.7795, 11.2426 ], [ 72.7903, 11.2605 ], [ 72.7771, 11.2174 ] ] ], [ [ [ 73.0099, 11.4875 ], [ 72.9981, 11.4971 ], [ 72.9995, 11.4983 ], [ 73.0099, 11.4875 ] ] ], [ [ [ 72.1884, 11.6012 ], [ 72.1867, 11.5987 ], [ 72.1853, 11.6017 ], [ 72.1884, 11.6012 ] ] ], [ [ [ 72.7174, 11.6947 ], [ 72.7057, 11.6825 ], [ 72.7166, 11.7039 ], [ 72.7174, 11.6947 ] ] ], [ [ [ 72.3318, 10.133 ], [ 72.3274, 10.1298 ], [ 72.3281, 10.1387 ], [ 72.3318, 10.133 ] ] ], [ [ [ 73.6311, 10.0682 ], [ 73.6309, 10.0679 ], [ 73.6308, 10.068 ], [ 73.6311, 10.0682 ] ] ], [ [ [ 73.6302, 10.0681 ], [ 73.6305, 10.068 ], [ 73.6302, 10.0679 ], [ 73.6302, 10.0681 ] ] ], [ [ [ 73.6347, 10.0723 ], [ 73.6339, 10.0714 ], [ 73.6337, 10.0722 ], [ 73.6347, 10.0723 ] ] ], [ [ [ 73.6286, 10.0742 ], [ 73.628, 10.0725 ], [ 73.6263, 10.0725 ], [ 73.6278, 10.0742 ], [ 73.6286, 10.0742 ] ] ], [ [ [ 73.6305, 10.0746 ], [ 73.6299, 10.0745 ], [ 73.6305, 10.075 ], [ 73.6305, 10.0746 ] ] ], [ [ [ 73.6324, 10.0689 ], [ 73.6321, 10.0687 ], [ 73.6322, 10.0689 ], [ 73.6324, 10.0689 ] ] ], [ [ [ 73.6318, 10.0692 ], [ 73.6318, 10.069 ], [ 73.6314, 10.069 ], [ 73.6318, 10.0692 ] ] ], [ [ [ 73.6307, 10.0691 ], [ 73.6306, 10.0688 ], [ 73.6304, 10.0689 ], [ 73.6307, 10.0691 ] ] ], [ [ [ 73.6331, 10.07 ], [ 73.633, 10.0688 ], [ 73.6324, 10.069 ], [ 73.6331, 10.07 ] ] ], [ [ [ 73.6321, 10.0684 ], [ 73.6316, 10.0683 ], [ 73.632, 10.0685 ], [ 73.6321, 10.0684 ] ] ], [ [ [ 73.6302, 10.0685 ], [ 73.6301, 10.0682 ], [ 73.6299, 10.0683 ], [ 73.6302, 10.0685 ] ] ], [ [ [ 73.6314, 10.0683 ], [ 73.6305, 10.0686 ], [ 73.6318, 10.0687 ], [ 73.6314, 10.0683 ] ] ] ] } },
{ "type": "Feature", "properties": { }, "geometry": { "type": "Polygon", "coordinates": [ [ [ 86.8054, 20.733 ], [ 87.0221, 20.7703 ], [ 87.0556, 20.715 ], [ 86.7522, 20.518 ], [ 86.7097, 20.3963 ], [ 86.7856, 20.3838 ], [ 86.7967, 20.4927 ], [ 86.7831, 20.33 ], [ 86.5238, 20.1735 ], [ 86.3929, 19.9581 ], [ 85.3461, 19.5848 ], [ 84.7651, 19.0769 ], [ 84.6688, 19.1669 ], [ 84.5934, 19.1333 ], [ 84.6687, 19.0772 ], [ 84.5988, 19.0257 ], [ 84.419, 19.0229 ], [ 84.436, 18.9218 ], [ 84.3307, 18.883 ], [ 84.319, 18.788 ], [ 83.8912, 18.8154 ], [ 83.6241, 19.1636 ], [ 83.5353, 19.0117 ], [ 83.501, 19.0205 ], [ 83.5118, 19.0701 ], [ 83.4661, 19.094 ], [ 83.4599, 18.9557 ], [ 83.3088, 18.9998 ], [ 83.4039, 18.8433 ], [ 83.2106, 18.7315 ], [ 83.1372, 18.7863 ], [ 83.0113, 18.647 ], [ 83.0932, 18.5476 ], [ 83.0191, 18.4572 ], [ 83.0527, 18.3807 ], [ 82.8014, 18.45 ], [ 82.636, 18.2375 ], [ 82.4811, 18.5494 ], [ 82.3625, 18.4223 ], [ 82.3906, 18.2987 ], [ 82.3092, 18.2048 ], [ 82.3707, 18.1489 ], [ 82.2645, 17.9956 ], [ 82.0307, 18.07 ], [ 81.6172, 17.8231 ], [ 81.391, 17.8165 ], [ 81.5255, 18.2581 ], [ 81.7503, 18.3536 ], [ 81.9636, 18.5905 ], [ 81.8938, 18.6575 ], [ 82.085, 18.7186 ], [ 82.246, 18.9191 ], [ 82.1661, 19.1327 ], [ 82.1894, 19.4276 ], [ 82.029, 19.5077 ], [ 82.0655, 19.7907 ], [ 81.8531, 19.9185 ], [ 81.8709, 20.0442 ], [ 81.9464, 20.1052 ], [ 82.0325, 20.0158 ], [ 82.2375, 20.0035 ], [ 82.3453, 19.8359 ], [ 82.446, 19.9102 ], [ 82.6034, 19.867 ], [ 82.5918, 19.7759 ], [ 82.7073, 19.8351 ], [ 82.7154, 19.9947 ], [ 82.3992, 20.0566 ], [ 82.438, 20.4342 ], [ 82.3321, 20.5621 ], [ 82.3508, 20.8895 ], [ 82.4654, 20.8278 ], [ 82.6405, 21.1548 ], [ 82.965, 21.1932 ], [ 83.1314, 21.1058 ], [ 83.2688, 21.3785 ], [ 83.4063, 21.3512 ], [ 83.338, 21.502 ], [ 83.3827, 21.6202 ], [ 83.4897, 21.6314 ], [ 83.4181, 21.6799 ], [ 83.4689, 21.7873 ], [ 83.5909, 21.8512 ], [ 83.5627, 22.103 ], [ 83.6496, 22.2233 ], [ 84.0104, 22.3715 ], [ 84.0474, 22.4692 ], [ 83.9872, 22.526 ], [ 84.2915, 22.3429 ], [ 85.0672, 22.4843 ], [ 85.117, 22.2944 ], [ 84.9869, 22.0826 ], [ 85.0985, 22.1059 ], [ 85.2381, 22.0093 ], [ 85.371, 22.161 ], [ 85.6852, 22.0545 ], [ 85.8074, 22.1161 ], [ 85.766, 21.9949 ], [ 85.9073, 21.9703 ], [ 86.0313, 22.19 ], [ 85.9571, 22.4648 ], [ 86.0469, 22.5673 ], [ 86.4327, 22.3065 ], [ 86.4969, 22.3472 ], [ 86.7253, 22.2188 ], [ 86.7218, 22.1468 ], [ 86.965, 22.0859 ], [ 87.0377, 21.8681 ], [ 87.2359, 21.9571 ], [ 87.2765, 21.8052 ], [ 87.4444, 21.7682 ], [ 87.4842, 21.6027 ], [ 87.1478, 21.5087 ], [ 86.9491, 21.3586 ], [ 86.8408, 21.1578 ], [ 86.9718, 20.7939 ], [ 86.8054, 20.733 ] ] ] } },
{ "type": "Feature", "properties": { }, "geometry": { "type": "MultiPolygon", "coordinates": [ [ [ [ 73.1685, 20.2082 ], [ 73.1923, 20.0495 ], [ 73.0396, 20.0671 ], [ 72.9122, 20.2755 ], [ 73.0968, 20.3603 ], [ 73.1671, 20.2885 ], [ 73.0605, 20.1618 ], [ 73.1685, 20.2082 ] ] ], [ [ [ 72.8324, 20.4464 ], [ 72.8967, 20.3798 ], [ 72.8212, 20.3677 ], [ 72.8324, 20.4464 ] ] ], [ [ [ 70.8761, 20.7091 ], [ 70.9814, 20.7225 ], [ 70.9994, 20.7419 ], [ 71.0075, 20.7374 ], [ 70.9768, 20.7021 ], [ 70.8761, 20.7091 ] ] ] ] } },
{ "type": "Feature", "properties": { }, "geometry": { "type": "Polygon", "coordinates": [ [ [ 74.4726, 35.1157 ], [ 74.5762, 34.8993 ], [ 74.7437, 34.8289 ], [ 74.928, 34.7753 ], [ 75.071, 34.8283 ], [ 75.0762, 34.9044 ], [ 75.2323, 34.802 ], [ 75.2075, 34.6389 ], [ 75.3633, 34.5381 ], [ 75.3953, 34.293 ], [ 75.6872, 34.1974 ], [ 75.8326, 33.9569 ], [ 76.0246, 33.9806 ], [ 76.2654, 33.7465 ], [ 76.225, 33.5477 ], [ 76.3065, 33.6097 ], [ 76.4488, 33.5638 ], [ 76.7793, 33.2391 ], [ 76.6495, 33.1625 ], [ 76.4101, 33.1865 ], [ 75.9539, 32.8734 ], [ 75.8423, 32.9293 ], [ 75.8013, 32.8857 ], [ 75.9305, 32.6319 ], [ 75.5334, 32.2777 ], [ 75.0269, 32.4965 ], [ 74.688, 32.486 ], [ 74.6377, 32.6133 ], [ 74.7046, 32.8418 ], [ 74.635, 32.7503 ], [ 74.3699, 32.7587 ], [ 73.6271, 33.0895 ], [ 73.6569, 33.2077 ], [ 73.5578, 33.3681 ], [ 73.6323, 33.5331 ], [ 73.5606, 33.6211 ], [ 73.5891, 33.8839 ], [ 73.3901, 34.3742 ], [ 73.4421, 34.5649 ], [ 73.6501, 34.5678 ], [ 73.7493, 34.7867 ], [ 74.0287, 34.8765 ], [ 74.0943, 35.097 ], [ 74.2687, 35.035 ], [ 74.4726, 35.1157 ] ] ] } },
{ "type": "Feature", "properties": { }, "geometry": { "type": "Polygon", "coordinates": [ [ [ 83.3247, 24.1042 ], [ 83.5157, 24.0272 ], [ 83.5712, 23.8622 ], [ 83.7053, 23.8208 ], [ 83.7753, 23.609 ], [ 83.9377, 23.569 ], [ 83.9319, 23.6205 ], [ 84.0166, 23.6344 ], [ 83.9623, 23.3854 ], [ 84.051, 23.3746 ], [ 84.0747, 23.3333 ], [ 84.0374, 23.1399 ], [ 84.1334, 23.0831 ], [ 84.1495, 22.9654 ], [ 84.1858, 23.0271 ], [ 84.3752, 22.9785 ], [ 84.3806, 22.8772 ], [ 84.2203, 22.6673 ], [ 84.0116, 22.576 ], [ 84.0104, 22.3715 ], [ 83.6274, 22.2037 ], [ 83.5368, 22.0434 ], [ 83.5909, 21.8512 ], [ 83.4689, 21.7873 ], [ 83.4181, 21.6799 ], [ 83.4897, 21.6314 ], [ 83.3827, 21.6202 ], [ 83.338, 21.502 ], [ 83.4069, 21.352 ], [ 83.379, 21.3445 ], [ 83.2842, 21.3802 ], [ 83.2688, 21.3785 ], [ 83.1922, 21.1391 ], [ 82.6405, 21.1548 ], [ 82.4654, 20.8278 ], [ 82.3508, 20.8895 ], [ 82.3321, 20.5621 ], [ 82.438, 20.4342 ], [ 82.3992, 20.0566 ], [ 82.7154, 19.9947 ], [ 82.7181, 19.8536 ], [ 82.5918, 19.7759 ], [ 82.5971, 19.8727 ], [ 82.446, 19.9102 ], [ 82.3453, 19.8359 ], [ 82.2375, 20.0035 ], [ 82.0325, 20.0158 ], [ 81.9464, 20.1052 ], [ 81.876, 20.0521 ], [ 81.8531, 19.9185 ], [ 82.0655, 19.7907 ], [ 82.029, 19.5077 ], [ 82.1894, 19.4276 ], [ 82.1661, 19.1327 ], [ 82.246, 18.9191 ], [ 82.085, 18.7186 ], [ 81.8938, 18.6575 ], [ 81.9636, 18.5905 ], [ 81.7503, 18.3536 ], [ 81.5255, 18.2581 ], [ 81.3933, 17.7947 ], [ 81.1661, 17.8577 ], [ 81.019, 17.7909 ], [ 80.979, 18.1788 ], [ 80.8667, 18.1403 ], [ 80.8367, 18.2423 ], [ 80.7449, 18.1703 ], [ 80.7941, 18.2593 ], [ 80.7348, 18.4129 ], [ 80.5147, 18.6194 ], [ 80.3448, 18.5962 ], [ 80.2443, 18.7563 ], [ 80.3529, 18.8192 ], [ 80.273, 18.9913 ], [ 80.3939, 19.2448 ], [ 80.5732, 19.4023 ], [ 80.6127, 19.3094 ], [ 80.757, 19.2896 ], [ 80.8984, 19.4818 ], [ 80.6654, 19.6117 ], [ 80.6764, 19.6994 ], [ 80.5463, 19.8183 ], [ 80.4017, 19.7961 ], [ 80.5058, 19.8705 ], [ 80.4113, 19.9384 ], [ 80.5299, 19.9393 ], [ 80.5568, 20.0717 ], [ 80.4018, 20.1473 ], [ 80.3953, 20.2449 ], [ 80.6264, 20.3325 ], [ 80.6319, 20.5984 ], [ 80.481, 20.6184 ], [ 80.5877, 20.6846 ], [ 80.5461, 20.9349 ], [ 80.4243, 21.0084 ], [ 80.4447, 21.1219 ], [ 80.6796, 21.2988 ], [ 80.7261, 21.7137 ], [ 80.8197, 21.748 ], [ 80.9079, 22.1096 ], [ 81.0062, 22.0632 ], [ 81.1112, 22.4376 ], [ 81.3265, 22.5262 ], [ 81.4067, 22.441 ], [ 81.6219, 22.538 ], [ 81.7685, 22.6643 ], [ 81.7757, 22.8745 ], [ 81.9463, 22.9568 ], [ 81.9422, 23.079 ], [ 82.1613, 23.1432 ], [ 82.1939, 23.3239 ], [ 81.9853, 23.4145 ], [ 81.9233, 23.5327 ], [ 81.7466, 23.5698 ], [ 81.627, 23.4821 ], [ 81.5767, 23.5854 ], [ 81.6959, 23.7214 ], [ 81.609, 23.9032 ], [ 81.7911, 23.8094 ], [ 81.9289, 23.8708 ], [ 82.5244, 23.7838 ], [ 82.8017, 23.9617 ], [ 82.9479, 23.8714 ], [ 83.1415, 23.8849 ], [ 83.3247, 24.1042 ] ] ] } },
{ "type": "Feature", "properties": { }, "geometry": { "type": "Polygon", "coordinates": [ [ [ 76.9483, 28.8154 ], [ 77.2142, 28.8558 ], [ 77.3311, 28.7131 ], [ 77.3474, 28.5184 ], [ 77.2166, 28.4097 ], [ 77.0947, 28.5138 ], [ 76.8425, 28.5561 ], [ 76.9437, 28.6282 ], [ 76.9483, 28.8154 ] ] ] } },
{ "type": "Feature", "properties": { }, "geometry": { "type": "Polygon", "coordinates": [ [ [ 73.8565, 15.8008 ], [ 73.9908, 15.6115 ], [ 74.252, 15.6543 ], [ 74.3365, 15.295 ], [ 74.2514, 15.2586 ], [ 74.2966, 15.0412 ], [ 74.2014, 14.9254 ], [ 74.044, 14.9175 ], [ 73.9121, 15.0857 ], [ 73.8842, 15.3545 ], [ 73.7838, 15.409 ], [ 73.9401, 15.4102 ], [ 73.7879, 15.4625 ], [ 73.6754, 15.727 ], [ 73.8565, 15.8008 ] ] ] } },
{ "type": "Feature", "properties": { }, "geometry": { "type": "Polygon", "coordinates": [ [ [ 76.7774, 30.8967 ], [ 77.1672, 30.684 ], [ 77.1228, 30.5633 ], [ 77.2107, 30.4648 ], [ 77.4565, 30.4557 ], [ 77.4432, 30.3954 ], [ 77.5232, 30.4435 ], [ 77.6043, 30.3685 ], [ 77.4208, 30.1016 ], [ 77.2778, 30.0419 ], [ 77.1198, 29.7601 ], [ 77.134, 29.096 ], [ 77.2281, 28.8812 ], [ 76.9508, 28.8183 ], [ 76.9437, 28.6282 ], [ 76.8389, 28.573 ], [ 76.8839, 28.5007 ], [ 77.0947, 28.5138 ], [ 77.1744, 28.4047 ], [ 77.3454, 28.5133 ], [ 77.4776, 28.4191 ], [ 77.5504, 28.2424 ], [ 77.4743, 28.0867 ], [ 77.545, 27.9536 ], [ 77.2417, 27.7844 ], [ 77.0448, 27.8218 ], [ 77.0857, 27.7381 ], [ 77.0001, 27.737 ], [ 76.9791, 27.6536 ], [ 76.8891, 27.6972 ], [ 76.9705, 28.1384 ], [ 76.8681, 28.2198 ], [ 76.5481, 27.9639 ], [ 76.5438, 28.0342 ], [ 76.4547, 28.0423 ], [ 76.4757, 28.1486 ], [ 76.2923, 28.1792 ], [ 76.3423, 28.0306 ], [ 76.1804, 28.0545 ], [ 76.1578, 27.989 ], [ 76.2173, 27.8168 ], [ 75.9714, 27.852 ], [ 75.9324, 27.9301 ], [ 76.0408, 28.074 ], [ 75.9456, 28.1072 ], [ 76.0954, 28.1509 ], [ 75.9182, 28.372 ], [ 75.7768, 28.4004 ], [ 75.5615, 28.6132 ], [ 75.4734, 28.9234 ], [ 75.5218, 29.0039 ], [ 75.3715, 29.1381 ], [ 75.4105, 29.2557 ], [ 75.0755, 29.2297 ], [ 74.8505, 29.4036 ], [ 74.5992, 29.3275 ], [ 74.5346, 29.4477 ], [ 74.6219, 29.5222 ], [ 74.6161, 29.7522 ], [ 74.4738, 29.7683 ], [ 74.561, 29.8696 ], [ 74.5317, 29.9492 ], [ 74.6468, 29.9043 ], [ 74.8124, 29.9923 ], [ 74.9909, 29.8677 ], [ 75.0987, 29.9128 ], [ 75.151, 29.7755 ], [ 75.2103, 29.8329 ], [ 75.2413, 29.7505 ], [ 75.1676, 29.6695 ], [ 75.2353, 29.5421 ], [ 75.4595, 29.8075 ], [ 75.58, 29.7394 ], [ 75.7788, 29.8224 ], [ 76.0434, 29.7427 ], [ 76.2438, 29.8524 ], [ 76.1719, 29.9263 ], [ 76.2535, 30.089 ], [ 76.2076, 30.1566 ], [ 76.3217, 30.0951 ], [ 76.4227, 30.1923 ], [ 76.5462, 30.0759 ], [ 76.6561, 30.1852 ], [ 76.5567, 30.2625 ], [ 76.7461, 30.3496 ], [ 76.741, 30.4263 ], [ 76.9375, 30.387 ], [ 76.926, 30.6101 ], [ 76.8315, 30.6648 ], [ 76.857, 30.7948 ], [ 76.7774, 30.8967 ] ] ] } },
{ "type": "Feature", "properties": { }, "geometry": { "type": "Polygon", "coordinates": [ [ [ 76.7927, 33.2566 ], [ 76.933, 33.0285 ], [ 77.1497, 32.9781 ], [ 77.3388, 32.8168 ], [ 77.6825, 32.9887 ], [ 78.0158, 32.6198 ], [ 78.3877, 32.7569 ], [ 78.4052, 32.6194 ], [ 78.2946, 32.5041 ], [ 78.4545, 32.5014 ], [ 78.5348, 32.4144 ], [ 78.4548, 32.2422 ], [ 78.6085, 32.2143 ], [ 78.6128, 32.1176 ], [ 78.7811, 31.9935 ], [ 78.7053, 31.776 ], [ 78.8469, 31.608 ], [ 78.7224, 31.513 ], [ 78.7977, 31.4435 ], [ 78.7496, 31.3662 ], [ 79.0089, 31.11 ], [ 78.8854, 31.0988 ], [ 78.8099, 31.1984 ], [ 78.4837, 31.199 ], [ 78.3703, 31.2864 ], [ 77.9013, 31.1519 ], [ 77.8113, 31.0592 ], [ 77.8376, 30.9532 ], [ 77.749, 30.9535 ], [ 77.8057, 30.8533 ], [ 77.7038, 30.7652 ], [ 77.8268, 30.5278 ], [ 77.581, 30.3777 ], [ 77.5232, 30.4435 ], [ 77.4432, 30.3954 ], [ 77.4565, 30.4557 ], [ 77.2107, 30.4648 ], [ 77.1228, 30.5633 ], [ 77.1612, 30.691 ], [ 77.0205, 30.7401 ], [ 76.9168, 30.9008 ], [ 76.6247, 30.9988 ], [ 76.6418, 31.2227 ], [ 76.4397, 31.279 ], [ 76.3752, 31.437 ], [ 76.3226, 31.3217 ], [ 76.1798, 31.3066 ], [ 75.9104, 31.9502 ], [ 75.5947, 32.0702 ], [ 75.6731, 32.1588 ], [ 75.6179, 32.2367 ], [ 75.9365, 32.3974 ], [ 75.8333, 32.5133 ], [ 75.9261, 32.7456 ], [ 75.8013, 32.8857 ], [ 75.9539, 32.8734 ], [ 76.4101, 33.1865 ], [ 76.7469, 33.1792 ], [ 76.7927, 33.2566 ] ] ] } },
{ "type": "Feature", "properties": { }, "geometry": { "type": "Polygon", "coordinates": [ [ [ 87.5844, 25.3491 ], [ 87.7787, 25.2505 ], [ 87.7957, 25.0873 ], [ 87.9623, 24.9378 ], [ 87.8177, 24.7609 ], [ 87.9078, 24.7213 ], [ 87.9088, 24.5858 ], [ 87.7717, 24.5837 ], [ 87.8013, 24.3832 ], [ 87.6388, 24.2548 ], [ 87.6951, 24.1492 ], [ 87.4975, 24.1179 ], [ 87.46, 23.9842 ], [ 87.2454, 24.0451 ], [ 87.2953, 23.9021 ], [ 87.2407, 23.8258 ], [ 86.8054, 23.8375 ], [ 86.7993, 23.689 ], [ 86.4618, 23.6298 ], [ 86.3101, 23.4118 ], [ 86.0518, 23.5863 ], [ 86.0541, 23.4869 ], [ 85.8631, 23.4625 ], [ 85.9026, 23.3985 ], [ 85.8197, 23.2685 ], [ 85.8942, 23.1553 ], [ 86.0437, 23.1449 ], [ 86.223, 22.9948 ], [ 86.547, 22.9894 ], [ 86.4358, 22.9259 ], [ 86.4194, 22.791 ], [ 86.635, 22.6656 ], [ 86.6585, 22.5757 ], [ 86.7658, 22.5757 ], [ 86.7511, 22.4558 ], [ 86.8871, 22.2576 ], [ 86.7511, 22.2111 ], [ 86.4969, 22.3472 ], [ 86.4397, 22.3032 ], [ 86.0454, 22.5675 ], [ 85.9571, 22.4648 ], [ 86.0313, 22.19 ], [ 85.9083, 21.9708 ], [ 85.766, 21.9949 ], [ 85.8098, 22.1158 ], [ 85.6852, 22.0545 ], [ 85.3978, 22.1632 ], [ 85.2367, 22.0094 ], [ 85.0985, 22.1059 ], [ 84.9844, 22.0859 ], [ 85.117, 22.2944 ], [ 85.0672, 22.4843 ], [ 84.2915, 22.3429 ], [ 84.0087, 22.5254 ], [ 84.2334, 22.6808 ], [ 84.3959, 22.9389 ], [ 84.1858, 23.0271 ], [ 84.1495, 22.9654 ], [ 84.1334, 23.0831 ], [ 84.0374, 23.1399 ], [ 84.0747, 23.3333 ], [ 83.9623, 23.3854 ], [ 84.0166, 23.6344 ], [ 83.9377, 23.569 ], [ 83.7753, 23.609 ], [ 83.7053, 23.8208 ], [ 83.5712, 23.8622 ], [ 83.5157, 24.0272 ], [ 83.3296, 24.1018 ], [ 83.4573, 24.3646 ], [ 83.4015, 24.5035 ], [ 83.8727, 24.5322 ], [ 84.0084, 24.6428 ], [ 84.1083, 24.4775 ], [ 84.2972, 24.5605 ], [ 84.2974, 24.449 ], [ 84.4962, 24.2863 ], [ 84.5675, 24.4092 ], [ 84.6653, 24.391 ], [ 84.8022, 24.5306 ], [ 84.9039, 24.3722 ], [ 85.0795, 24.4335 ], [ 85.0888, 24.3723 ], [ 85.3708, 24.5553 ], [ 85.668, 24.579 ], [ 85.7367, 24.8208 ], [ 85.9453, 24.733 ], [ 86.0553, 24.7797 ], [ 86.1246, 24.6113 ], [ 86.3228, 24.5869 ], [ 86.2761, 24.4659 ], [ 86.4453, 24.3679 ], [ 86.6034, 24.6082 ], [ 86.9164, 24.5452 ], [ 86.9398, 24.6526 ], [ 87.0511, 24.6086 ], [ 87.1503, 25.0261 ], [ 87.2955, 25.0886 ], [ 87.3275, 25.2236 ], [ 87.4781, 25.1944 ], [ 87.4874, 25.2973 ], [ 87.5844, 25.3491 ] ] ] } },
{ "type": "Feature", "properties": { }, "geometry": { "type": "MultiPolygon", "coordinates": [ [ [ [ 79.7965, 11.895 ], [ 79.7806, 11.8628 ], [ 79.7691, 11.9007 ], [ 79.7965, 11.895 ] ] ], [ [ [ 79.2403, 9.2424 ], [ 79.2378, 9.2356 ], [ 79.2289, 9.2419 ], [ 79.2403, 9.2424 ] ] ], [ [ [ 79.0909, 9.1948 ], [ 79.0567, 9.1969 ], [ 79.0688, 9.2095 ], [ 79.0909, 9.1948 ] ] ], [ [ [ 79.1233, 9.2135 ], [ 79.1226, 9.2138 ], [ 79.1227, 9.214 ], [ 79.1233, 9.2135 ] ] ], [ [ [ 79.2047, 9.226 ], [ 79.1749, 9.2398 ], [ 79.1914, 9.257 ], [ 79.2047, 9.226 ] ] ], [ [ [ 79.1578, 9.2368 ], [ 79.1586, 9.2388 ], [ 79.161, 9.2383 ], [ 79.1578, 9.2368 ] ] ], [ [ [ 79.1438, 9.2384 ], [ 79.146, 9.2428 ], [ 79.1506, 9.24 ], [ 79.1438, 9.2384 ] ] ], [ [ [ 79.1442, 9.2315 ], [ 79.1461, 9.2346 ], [ 79.1485, 9.2332 ], [ 79.1442, 9.2315 ] ] ], [ [ [ 79.1376, 9.2359 ], [ 79.1394, 9.2383 ], [ 79.1422, 9.2364 ], [ 79.1376, 9.2359 ] ] ], [ [ [ 79.1394, 9.2118 ], [ 79.1388, 9.2125 ], [ 79.1414, 9.2134 ], [ 79.1394, 9.2118 ] ] ], [ [ [ 79.129, 9.2137 ], [ 79.1329, 9.2153 ], [ 79.134, 9.2151 ], [ 79.1294, 9.2129 ], [ 79.129, 9.2137 ] ] ], [ [ [ 79.1649, 9.214 ], [ 79.1646, 9.209 ], [ 79.1237, 9.2183 ], [ 79.1649, 9.214 ] ] ], [ [ [ 79.1352, 9.2536 ], [ 79.1373, 9.2559 ], [ 79.1398, 9.2537 ], [ 79.1352, 9.2536 ] ] ], [ [ [ 78.6979, 9.1584 ], [ 78.6987, 9.1587 ], [ 78.6988, 9.1585 ], [ 78.6979, 9.1584 ] ] ], [ [ [ 78.8239, 9.1667 ], [ 78.8285, 9.1737 ], [ 78.829, 9.1706 ], [ 78.8239, 9.1667 ] ] ], [ [ [ 78.9032, 9.1784 ], [ 78.8972, 9.1796 ], [ 78.9433, 9.1873 ], [ 78.9032, 9.1784 ] ] ], [ [ [ 78.8252, 9.159 ], [ 78.8245, 9.1596 ], [ 78.8257, 9.16 ], [ 78.8252, 9.159 ] ] ], [ [ [ 78.8221, 9.1605 ], [ 78.8223, 9.16 ], [ 78.8189, 9.1603 ], [ 78.8221, 9.1605 ] ] ], [ [ [ 78.8151, 9.16 ], [ 78.8148, 9.1607 ], [ 78.8162, 9.1603 ], [ 78.8151, 9.16 ] ] ], [ [ [ 78.8191, 9.1608 ], [ 78.8167, 9.1601 ], [ 78.8194, 9.1657 ], [ 78.8191, 9.1608 ] ] ], [ [ [ 78.7019, 9.1858 ], [ 78.7018, 9.1861 ], [ 78.7035, 9.1851 ], [ 78.7019, 9.1858 ] ] ], [ [ [ 78.969, 9.1826 ], [ 78.9692, 9.184 ], [ 78.9699, 9.1833 ], [ 78.969, 9.1826 ] ] ], [ [ [ 78.9684, 9.1859 ], [ 78.9674, 9.1826 ], [ 78.9665, 9.1867 ], [ 78.9684, 9.1859 ] ] ], [ [ [ 78.91, 9.1862 ], [ 78.91, 9.1866 ], [ 78.9104, 9.1865 ], [ 78.91, 9.1862 ] ] ], [ [ [ 77.3171, 8.1216 ], [ 77.3173, 8.1219 ], [ 77.3174, 8.1218 ], [ 77.3171, 8.1216 ] ] ], [ [ [ 77.3229, 8.1224 ], [ 77.3225, 8.122 ], [ 77.3224, 8.1224 ], [ 77.3229, 8.1224 ] ] ], [ [ [ 77.3245, 8.1232 ], [ 77.3246, 8.1236 ], [ 77.3251, 8.1236 ], [ 77.3245, 8.1232 ] ] ], [ [ [ 77.3079, 8.1262 ], [ 77.3051, 8.129 ], [ 77.3098, 8.1269 ], [ 77.3079, 8.1262 ] ] ], [ [ [ 77.3014, 8.1403 ], [ 77.3014, 8.1406 ], [ 77.3018, 8.1405 ], [ 77.3014, 8.1403 ] ] ], [ [ [ 77.3111, 8.1255 ], [ 77.3108, 8.125 ], [ 77.3102, 8.1254 ], [ 77.3111, 8.1255 ] ] ], [ [ [ 77.3233, 8.126 ], [ 77.3248, 8.1266 ], [ 77.3249, 8.1259 ], [ 77.3233, 8.126 ] ] ], [ [ [ 77.2503, 8.1682 ], [ 77.2507, 8.1688 ], [ 77.2512, 8.1685 ], [ 77.2503, 8.1682 ] ] ], [ [ [ 77.3009, 8.1414 ], [ 77.3012, 8.142 ], [ 77.3015, 8.1416 ], [ 77.3009, 8.1414 ] ] ], [ [ [ 77.2451, 8.1697 ], [ 77.2433, 8.1708 ], [ 77.246, 8.1722 ], [ 77.2451, 8.1697 ] ] ], [ [ [ 77.3006, 8.1407 ], [ 77.3009, 8.1411 ], [ 77.3013, 8.1411 ], [ 77.3006, 8.1407 ] ] ], [ [ [ 77.3015, 8.1408 ], [ 77.3016, 8.141 ], [ 77.3017, 8.1409 ], [ 77.3015, 8.1408 ] ] ], [ [ [ 77.3015, 8.1412 ], [ 77.3016, 8.1415 ], [ 77.3018, 8.1413 ], [ 77.3015, 8.1412 ] ] ], [ [ [ 77.2398, 8.1765 ], [ 77.2403, 8.1745 ], [ 77.2356, 8.1756 ], [ 77.2398, 8.1765 ] ] ], [ [ [ 77.2268, 8.1875 ], [ 77.2271, 8.1883 ], [ 77.2274, 8.188 ], [ 77.2268, 8.1875 ] ] ], [ [ [ 78.165, 8.798 ], [ 78.1655, 8.7983 ], [ 78.1658, 8.7979 ], [ 78.165, 8.798 ] ] ], [ [ [ 78.2278, 8.8679 ], [ 78.2265, 8.8664 ], [ 78.2207, 8.8726 ], [ 78.2278, 8.8679 ] ] ], [ [ [ 78.2185, 8.8799 ], [ 78.2178, 8.8851 ], [ 78.2235, 8.8841 ], [ 78.2185, 8.8799 ] ] ], [ [ [ 78.2722, 8.9411 ], [ 78.2724, 8.9417 ], [ 78.2726, 8.9414 ], [ 78.2722, 8.9411 ] ] ], [ [ [ 78.4866, 9.0886 ], [ 78.4902, 9.0943 ], [ 78.4964, 9.0909 ], [ 78.4866, 9.0886 ] ] ], [ [ [ 78.2503, 8.951 ], [ 78.2501, 8.9514 ], [ 78.2505, 8.9515 ], [ 78.2503, 8.951 ] ] ], [ [ [ 78.2553, 8.9549 ], [ 78.2548, 8.9485 ], [ 78.2512, 8.9498 ], [ 78.2553, 8.9549 ] ] ], [ [ [ 78.2691, 8.9368 ], [ 78.2668, 8.9373 ], [ 78.2666, 8.9394 ], [ 78.2691, 8.9368 ] ] ], [ [ [ 78.2047, 8.8321 ], [ 78.2039, 8.8373 ], [ 78.2095, 8.8363 ], [ 78.2047, 8.8321 ] ] ], [ [ [ 78.2111, 8.835 ], [ 78.2081, 8.8401 ], [ 78.2126, 8.838 ], [ 78.2111, 8.835 ] ] ], [ [ [ 78.5349, 9.1026 ], [ 78.5389, 9.1062 ], [ 78.5392, 9.1043 ], [ 78.5349, 9.1026 ] ] ], [ [ [ 78.5884, 9.1071 ], [ 78.5706, 9.1015 ], [ 78.5793, 9.1129 ], [ 78.5884, 9.1071 ] ] ], [ [ [ 79.4918, 9.1241 ], [ 79.4965, 9.1249 ], [ 79.4965, 9.1233 ], [ 79.4918, 9.1241 ] ] ], [ [ [ 79.4882, 9.1265 ], [ 79.487, 9.1273 ], [ 79.4882, 9.1282 ], [ 79.4882, 9.1265 ] ] ], [ [ [ 79.4816, 9.1288 ], [ 79.4797, 9.1298 ], [ 79.4806, 9.1307 ], [ 79.4816, 9.1288 ] ] ], [ [ [ 79.4822, 9.1319 ], [ 79.4815, 9.133 ], [ 79.4828, 9.1344 ], [ 79.4822, 9.1319 ] ] ], [ [ [ 79.4734, 9.1367 ], [ 79.4697, 9.1395 ], [ 79.4728, 9.1393 ], [ 79.4734, 9.1367 ] ] ], [ [ [ 79.4674, 9.1406 ], [ 79.4651, 9.1434 ], [ 79.4674, 9.1435 ], [ 79.4674, 9.1406 ] ] ], [ [ [ 79.4537, 9.144 ], [ 79.4541, 9.1457 ], [ 79.4546, 9.1454 ], [ 79.4537, 9.144 ] ] ], [ [ [ 79.4561, 9.1467 ], [ 79.455, 9.1472 ], [ 79.4557, 9.1477 ], [ 79.4561, 9.1467 ] ] ], [ [ [ 79.4445, 9.1524 ], [ 79.4455, 9.1539 ], [ 79.4457, 9.1522 ], [ 79.4445, 9.1524 ] ] ], [ [ [ 78.6937, 9.1527 ], [ 78.6962, 9.1559 ], [ 78.6969, 9.1528 ], [ 78.6937, 9.1527 ] ] ], [ [ [ 78.7542, 9.1534 ], [ 78.7528, 9.1534 ], [ 78.7535, 9.1541 ], [ 78.7542, 9.1534 ] ] ], [ [ [ 79.4526, 9.1465 ], [ 79.45, 9.1481 ], [ 79.4523, 9.1499 ], [ 79.4526, 9.1465 ] ] ], [ [ [ 77.2444, 8.1737 ], [ 77.2441, 8.1742 ], [ 77.2447, 8.1744 ], [ 77.2444, 8.1737 ] ] ], [ [ [ 79.4476, 9.154 ], [ 79.4472, 9.1528 ], [ 79.4435, 9.1567 ], [ 79.4476, 9.154 ] ] ], [ [ [ 78.7309, 9.1522 ], [ 78.7279, 9.153 ], [ 78.731, 9.1559 ], [ 78.7309, 9.1522 ] ] ], [ [ [ 78.7515, 9.1557 ], [ 78.7509, 9.1568 ], [ 78.7521, 9.1572 ], [ 78.7515, 9.1557 ] ] ], [ [ [ 80.3447, 13.2762 ], [ 80.1502, 12.4365 ], [ 79.8406, 11.9558 ], [ 79.7502, 11.9199 ], [ 79.7476, 12.0078 ], [ 79.6738, 11.8916 ], [ 79.8081, 11.8453 ], [ 79.7123, 11.7916 ], [ 79.7958, 11.7855 ], [ 79.7572, 11.5575 ], [ 79.8431, 11.3512 ], [ 79.8544, 10.9833 ], [ 79.7471, 11.003 ], [ 79.7187, 10.956 ], [ 79.8285, 10.8838 ], [ 79.8527, 10.8269 ], [ 79.881, 10.3043 ], [ 79.2968, 10.2624 ], [ 79.2282, 10.1474 ], [ 79.266, 10.0393 ], [ 78.8984, 9.4896 ], [ 79.0665, 9.298 ], [ 79.3294, 9.3202 ], [ 79.4328, 9.1609 ], [ 79.2086, 9.2817 ], [ 78.9646, 9.274 ], [ 78.4117, 9.1125 ], [ 78.1903, 8.9284 ], [ 78.0664, 8.3738 ], [ 77.5559, 8.0766 ], [ 77.3314, 8.1274 ], [ 77.3237, 8.1266 ], [ 77.3233, 8.126 ], [ 77.3231, 8.1258 ], [ 77.323, 8.1229 ], [ 77.3222, 8.1225 ], [ 77.3153, 8.1222 ], [ 77.2987, 8.1465 ], [ 77.0977, 8.2936 ], [ 77.2838, 8.5469 ], [ 77.17, 8.7419 ], [ 77.2583, 8.875 ], [ 77.147, 9.0214 ], [ 77.4123, 9.5091 ], [ 77.3611, 9.6024 ], [ 77.1658, 9.6129 ], [ 77.2728, 9.9643 ], [ 77.2012, 10.1072 ], [ 77.2953, 10.2185 ], [ 77.2353, 10.3529 ], [ 76.9836, 10.2197 ], [ 76.8299, 10.3032 ], [ 76.8101, 10.6238 ], [ 76.8821, 10.639 ], [ 76.9073, 10.7834 ], [ 76.6591, 10.9306 ], [ 76.8008, 11.054 ], [ 76.7002, 11.1536 ], [ 76.7345, 11.2181 ], [ 76.4386, 11.199 ], [ 76.5478, 11.359 ], [ 76.2472, 11.468 ], [ 76.2338, 11.5707 ], [ 76.5111, 11.7051 ], [ 76.5767, 11.6146 ], [ 76.8469, 11.5946 ], [ 76.908, 11.7954 ], [ 77.0129, 11.8147 ], [ 77.1177, 11.7212 ], [ 77.2498, 11.8131 ], [ 77.4272, 11.761 ], [ 77.4948, 11.944 ], [ 77.6756, 11.9521 ], [ 77.7755, 12.1185 ], [ 77.472, 12.2499 ], [ 77.6168, 12.3683 ], [ 77.5989, 12.6672 ], [ 77.7399, 12.673 ], [ 77.836, 12.8704 ], [ 77.9293, 12.891 ], [ 77.9952, 12.8059 ], [ 78.0535, 12.8538 ], [ 78.2309, 12.7607 ], [ 78.2106, 12.6861 ], [ 78.4649, 12.6241 ], [ 78.7145, 13.0687 ], [ 79.1631, 13.0203 ], [ 79.2349, 13.1709 ], [ 79.3072, 13.1056 ], [ 79.4384, 13.1882 ], [ 79.4454, 13.3013 ], [ 79.3819, 13.3075 ], [ 79.4354, 13.3517 ], [ 79.5792, 13.2578 ], [ 79.6826, 13.2959 ], [ 79.755, 13.2065 ], [ 79.7337, 13.2888 ], [ 79.938, 13.3555 ], [ 80.0466, 13.4937 ], [ 80.0042, 13.5449 ], [ 80.2418, 13.4707 ], [ 80.2688, 13.5653 ], [ 80.3447, 13.2762 ] ], [ [ 79.6614, 12.0123 ], [ 79.6569, 11.9916 ], [ 79.7196, 11.9922 ], [ 79.6614, 12.0123 ] ], [ [ 79.8053, 12.0245 ], [ 79.7893, 12.0277 ], [ 79.7883, 12.0192 ], [ 79.8053, 12.0245 ] ], [ [ 79.6264, 12.0319 ], [ 79.6321, 11.9013 ], [ 79.6705, 11.9298 ], [ 79.6427, 11.9421 ], [ 79.6264, 12.0319 ] ], [ [ 79.6622, 11.9691 ], [ 79.6545, 11.9537 ], [ 79.6846, 11.9534 ], [ 79.6622, 11.9691 ] ], [ [ 79.602, 11.8578 ], [ 79.6634, 11.8613 ], [ 79.6411, 11.8866 ], [ 79.602, 11.8578 ] ], [ [ 79.6971, 11.874 ], [ 79.696, 11.8604 ], [ 79.6991, 11.8613 ], [ 79.6971, 11.874 ] ], [ [ 79.6463, 11.8163 ], [ 79.6712, 11.8149 ], [ 79.6617, 11.8393 ], [ 79.6463, 11.8163 ] ], [ [ 79.692, 11.8142 ], [ 79.7026, 11.8135 ], [ 79.7003, 11.8217 ], [ 79.692, 11.8142 ] ], [ [ 79.6746, 11.8036 ], [ 79.6813, 11.7963 ], [ 79.6905, 11.8085 ], [ 79.6746, 11.8036 ] ], [ [ 79.7202, 10.9361 ], [ 79.7216, 10.935 ], [ 79.7226, 10.9371 ], [ 79.7202, 10.9361 ] ], [ [ 79.7397, 10.9202 ], [ 79.7394, 10.9214 ], [ 79.7393, 10.9207 ], [ 79.7397, 10.9202 ] ], [ [ 79.8099, 10.8784 ], [ 79.8097, 10.8805 ], [ 79.806, 10.8797 ], [ 79.8099, 10.8784 ] ] ] ] } },
{ "type": "Feature", "properties": { }, "geometry": { "type": "MultiPolygon", "coordinates": [ [ [ [ 79.3726, 25.18 ], [ 79.3545, 25.1759 ], [ 79.3595, 25.1886 ], [ 79.3726, 25.18 ] ] ], [ [ [ 79.3651, 25.1445 ], [ 79.4259, 25.0586 ], [ 79.413, 25.0353 ], [ 79.3561, 25.0405 ], [ 79.3651, 25.1445 ] ] ], [ [ [ 77.6017, 30.3998 ], [ 77.9617, 30.2424 ], [ 77.7333, 29.956 ], [ 77.799, 29.6862 ], [ 77.947, 29.7125 ], [ 77.9333, 29.6006 ], [ 78.0216, 29.5809 ], [ 78.3357, 29.7967 ], [ 78.501, 29.733 ], [ 78.6177, 29.5581 ], [ 78.9423, 29.4386 ], [ 78.7186, 29.3067 ], [ 78.8745, 29.2303 ], [ 78.9064, 29.1251 ], [ 79.1269, 29.1327 ], [ 79.1711, 29.0119 ], [ 79.3724, 28.9875 ], [ 79.4256, 28.8665 ], [ 79.818, 28.8879 ], [ 79.8088, 28.8001 ], [ 79.8882, 28.8366 ], [ 79.9542, 28.7229 ], [ 80.1185, 28.828 ], [ 80.5164, 28.5523 ], [ 80.506, 28.6704 ], [ 80.5866, 28.6816 ], [ 81.2115, 28.3602 ], [ 81.3179, 28.1334 ], [ 81.4256, 28.1712 ], [ 81.8846, 27.8569 ], [ 82.0699, 27.9233 ], [ 82.4492, 27.6797 ], [ 82.7084, 27.723 ], [ 82.7351, 27.5027 ], [ 83.1883, 27.4539 ], [ 83.3179, 27.3305 ], [ 83.3882, 27.4794 ], [ 83.6149, 27.4693 ], [ 83.9258, 27.3215 ], [ 84.0603, 26.8882 ], [ 84.2541, 26.8566 ], [ 84.2407, 26.7388 ], [ 84.4199, 26.6269 ], [ 84.0865, 26.6392 ], [ 84.0478, 26.5363 ], [ 83.9081, 26.5191 ], [ 83.9081, 26.4471 ], [ 84.1769, 26.3707 ], [ 84.1663, 26.2411 ], [ 84.019, 26.2389 ], [ 84.0095, 26.1755 ], [ 84.1701, 25.9877 ], [ 84.534, 25.8763 ], [ 84.6347, 25.728 ], [ 84.4992, 25.6749 ], [ 84.3366, 25.7436 ], [ 84.2765, 25.6594 ], [ 84.1045, 25.721 ], [ 83.8464, 25.4344 ], [ 83.3573, 25.1997 ], [ 83.3576, 24.8706 ], [ 83.548, 24.6229 ], [ 83.397, 24.4969 ], [ 83.4573, 24.3646 ], [ 83.2079, 23.9214 ], [ 82.9479, 23.8714 ], [ 82.6655, 24.1243 ], [ 82.7443, 24.1656 ], [ 82.7738, 24.6418 ], [ 82.4295, 24.7027 ], [ 82.4161, 24.5912 ], [ 82.2985, 24.605 ], [ 82.2508, 24.7699 ], [ 82.1775, 24.7323 ], [ 82.2036, 24.8192 ], [ 81.9653, 24.8271 ], [ 81.9071, 25.0062 ], [ 81.6117, 25.0563 ], [ 81.5787, 25.1908 ], [ 81.4912, 25.0723 ], [ 81.2776, 25.166 ], [ 81.2197, 24.9286 ], [ 81.1396, 24.8875 ], [ 80.9467, 24.9663 ], [ 80.8122, 24.9225 ], [ 80.8847, 25.188 ], [ 80.8299, 25.1 ], [ 80.7044, 25.1284 ], [ 80.7762, 25.0548 ], [ 80.6796, 25.0486 ], [ 80.6066, 25.1504 ], [ 80.6132, 25.0657 ], [ 80.4827, 25.1002 ], [ 80.5495, 25.0025 ], [ 80.4789, 24.974 ], [ 80.4497, 25.0785 ], [ 80.3873, 25.0043 ], [ 80.2737, 25.026 ], [ 80.4317, 25.1776 ], [ 80.2639, 25.4241 ], [ 79.8514, 25.2356 ], [ 79.8615, 25.0962 ], [ 79.5692, 25.1718 ], [ 79.4915, 25.0796 ], [ 79.4053, 25.1062 ], [ 79.4945, 25.2669 ], [ 79.2998, 25.3377 ], [ 79.3136, 25.1361 ], [ 79.131, 25.1094 ], [ 79.0906, 25.1911 ], [ 79.0294, 25.1406 ], [ 79.0132, 25.274 ], [ 79.0059, 25.195 ], [ 78.8804, 25.1576 ], [ 78.9606, 25.3451 ], [ 78.882, 25.3436 ], [ 78.8497, 25.2288 ], [ 78.7878, 25.296 ], [ 78.8802, 25.3859 ], [ 78.9893, 25.374 ], [ 78.9089, 25.4424 ], [ 78.9394, 25.5572 ], [ 78.835, 25.5058 ], [ 78.8662, 25.4657 ], [ 78.8441, 25.4278 ], [ 78.738, 25.4948 ], [ 78.8214, 25.4225 ], [ 78.7483, 25.4098 ], [ 78.7746, 25.353 ], [ 78.6582, 25.441 ], [ 78.435, 25.2842 ], [ 78.578, 25.2533 ], [ 78.6317, 24.9577 ], [ 78.7898, 24.811 ], [ 78.752, 24.6002 ], [ 78.8832, 24.6413 ], [ 78.9715, 24.3476 ], [ 78.7928, 24.1768 ], [ 78.5186, 24.3878 ], [ 78.4116, 24.2716 ], [ 78.3479, 24.2995 ], [ 78.169, 24.8626 ], [ 78.4583, 25.1637 ], [ 78.3053, 25.3767 ], [ 78.4436, 25.5632 ], [ 78.8118, 25.6208 ], [ 78.7529, 25.7509 ], [ 78.939, 25.9427 ], [ 78.9894, 26.235 ], [ 79.1186, 26.3004 ], [ 79.1352, 26.4401 ], [ 79.0526, 26.4537 ], [ 79.0048, 26.6734 ], [ 78.7256, 26.7959 ], [ 78.5762, 26.7488 ], [ 78.3629, 26.8688 ], [ 78.2603, 26.8138 ], [ 78.225, 26.9463 ], [ 78.0265, 26.8495 ], [ 77.7598, 26.9325 ], [ 77.6103, 26.8286 ], [ 77.5012, 26.8444 ], [ 77.5026, 26.7687 ], [ 77.4604, 26.7418 ], [ 77.3979, 26.8304 ], [ 77.763, 27.0068 ], [ 77.5193, 27.0666 ], [ 77.6811, 27.1944 ], [ 77.6227, 27.3362 ], [ 77.4395, 27.3907 ], [ 77.3171, 27.6068 ], [ 77.2829, 27.7998 ], [ 77.5366, 27.9342 ], [ 77.4743, 28.0875 ], [ 77.5504, 28.2424 ], [ 77.4776, 28.4191 ], [ 77.3, 28.5598 ], [ 77.3311, 28.7131 ], [ 77.1994, 28.7981 ], [ 77.2343, 28.9115 ], [ 77.1341, 29.0952 ], [ 77.1574, 29.3874 ], [ 77.0839, 29.5891 ], [ 77.188, 29.9114 ], [ 77.4226, 30.1035 ], [ 77.6017, 30.3998 ] ] ] ] } },
{ "type": "Feature", "properties": { }, "geometry": { "type": "MultiPolygon", "coordinates": [ [ [ [ 88.0528, 21.5134 ], [ 88.0449, 21.5084 ], [ 88.0496, 21.5162 ], [ 88.0528, 21.5134 ] ] ], [ [ [ 88.0749, 21.5171 ], [ 88.0594, 21.5112 ], [ 88.0733, 21.5311 ], [ 88.0749, 21.5171 ] ] ], [ [ [ 88.2428, 21.505 ], [ 88.2054, 21.5034 ], [ 88.2156, 21.5406 ], [ 88.2428, 21.505 ] ] ], [ [ [ 88.1279, 21.9933 ], [ 88.0968, 22.0003 ], [ 88.1342, 22.0162 ], [ 88.1279, 21.9933 ] ] ], [ [ [ 89.4874, 25.9307 ], [ 89.4928, 25.9329 ], [ 89.4901, 25.9293 ], [ 89.4893, 25.9288 ], [ 89.4874, 25.9307 ] ] ], [ [ [ 89.5861, 25.9624 ], [ 89.5766, 25.9325 ], [ 89.5647, 25.9481 ], [ 89.5861, 25.9624 ] ] ], [ [ [ 89.5022, 25.9597 ], [ 89.5033, 25.9488 ], [ 89.4946, 25.9547 ], [ 89.5022, 25.9597 ] ] ], [ [ [ 89.6234, 26.1537 ], [ 89.6252, 26.1484 ], [ 89.6207, 26.1542 ], [ 89.6234, 26.1537 ] ] ], [ [ [ 89.6187, 26.1267 ], [ 89.6159, 26.1229 ], [ 89.6152, 26.1275 ], [ 89.6187, 26.1267 ] ] ], [ [ [ 89.6096, 26.1311 ], [ 89.6081, 26.1282 ], [ 89.6056, 26.1306 ], [ 89.6096, 26.1311 ] ] ], [ [ [ 89.661, 26.1702 ], [ 89.6642, 26.1659 ], [ 89.6604, 26.1681 ], [ 89.661, 26.1702 ] ] ], [ [ [ 88.9758, 26.1965 ], [ 88.9724, 26.1957 ], [ 88.9729, 26.1984 ], [ 88.9758, 26.1965 ] ] ], [ [ [ 88.951, 26.2031 ], [ 88.9489, 26.2022 ], [ 88.9488, 26.2032 ], [ 88.951, 26.2031 ] ] ], [ [ [ 88.9622, 26.2049 ], [ 88.9583, 26.2024 ], [ 88.9577, 26.2048 ], [ 88.9622, 26.2049 ] ] ], [ [ [ 88.9562, 26.2147 ], [ 88.9599, 26.2127 ], [ 88.9542, 26.2134 ], [ 88.9562, 26.2147 ] ] ], [ [ [ 89.0554, 26.2438 ], [ 89.0541, 26.2429 ], [ 89.0542, 26.2439 ], [ 89.0554, 26.2438 ] ] ], [ [ [ 89.0576, 26.2438 ], [ 89.0565, 26.2432 ], [ 89.0564, 26.2437 ], [ 89.0576, 26.2438 ] ] ], [ [ [ 89.0743, 26.2504 ], [ 89.0856, 26.2475 ], [ 89.0742, 26.2483 ], [ 89.0743, 26.2504 ] ] ], [ [ [ 89.0735, 26.2814 ], [ 89.0711, 26.2781 ], [ 89.0697, 26.2829 ], [ 89.0735, 26.2814 ] ] ], [ [ [ 89.0767, 26.2962 ], [ 89.0765, 26.2925 ], [ 89.0756, 26.296 ], [ 89.0767, 26.2962 ] ] ], [ [ [ 89.0138, 26.3027 ], [ 89.0126, 26.3015 ], [ 89.0131, 26.3028 ], [ 89.0138, 26.3027 ] ] ], [ [ [ 89.0502, 26.3101 ], [ 89.053, 26.3062 ], [ 89.048, 26.3062 ], [ 89.0502, 26.3101 ] ] ], [ [ [ 89.0675, 26.3115 ], [ 89.0648, 26.3091 ], [ 89.0647, 26.3129 ], [ 89.0675, 26.3115 ] ] ], [ [ [ 89.0591, 26.2951 ], [ 89.0679, 26.3045 ], [ 89.0688, 26.298 ], [ 89.0591, 26.2951 ] ] ], [ [ [ 89.0701, 26.3053 ], [ 89.0685, 26.3081 ], [ 89.0702, 26.3083 ], [ 89.0701, 26.3053 ] ] ], [ [ [ 89.0164, 26.3165 ], [ 89.022, 26.3143 ], [ 89.0172, 26.311 ], [ 89.0164, 26.3165 ] ] ], [ [ [ 89.0353, 26.3209 ], [ 89.0333, 26.3169 ], [ 89.0273, 26.3189 ], [ 89.0353, 26.3209 ] ] ], [ [ [ 89.057, 26.3253 ], [ 89.0698, 26.3132 ], [ 89.0549, 26.3223 ], [ 89.057, 26.3253 ] ] ], [ [ [ 89.0007, 26.3205 ], [ 88.9974, 26.3184 ], [ 88.9979, 26.3224 ], [ 89.0007, 26.3205 ] ] ], [ [ [ 89.009, 26.3279 ], [ 89.0057, 26.3247 ], [ 89.0057, 26.3298 ], [ 89.009, 26.3279 ] ] ], [ [ [ 88.2753, 26.3313 ], [ 88.2745, 26.332 ], [ 88.2756, 26.3326 ], [ 88.2753, 26.3313 ] ] ], [ [ [ 89.0054, 26.3389 ], [ 89.018, 26.3332 ], [ 89.0108, 26.331 ], [ 89.0054, 26.3389 ] ] ], [ [ [ 88.9923, 26.3454 ], [ 88.9976, 26.3415 ], [ 88.9904, 26.3431 ], [ 88.9923, 26.3454 ] ] ], [ [ [ 88.9818, 26.3566 ], [ 88.9861, 26.3548 ], [ 88.9806, 26.3548 ], [ 88.9818, 26.3566 ] ] ], [ [ [ 88.9287, 26.3775 ], [ 88.932, 26.3664 ], [ 88.9213, 26.3736 ], [ 88.9287, 26.3775 ] ] ], [ [ [ 89.0545, 26.3761 ], [ 89.0534, 26.3735 ], [ 89.0532, 26.3781 ], [ 89.0545, 26.3761 ] ] ], [ [ [ 89.0798, 26.3896 ], [ 89.0789, 26.3887 ], [ 89.0783, 26.3897 ], [ 89.0798, 26.3896 ] ] ], [ [ [ 89.0772, 26.3662 ], [ 89.0745, 26.3669 ], [ 89.076, 26.3677 ], [ 89.0772, 26.3662 ] ] ], [ [ [ 89.0527, 26.3723 ], [ 89.053, 26.3681 ], [ 89.0518, 26.3682 ], [ 89.0527, 26.3723 ] ] ], [ [ [ 89.0496, 26.3757 ], [ 89.0477, 26.373 ], [ 89.0479, 26.3763 ], [ 89.0496, 26.3757 ] ] ], [ [ [ 88.9857, 26.394 ], [ 88.9819, 26.392 ], [ 88.9832, 26.3958 ], [ 88.9857, 26.394 ] ] ], [ [ [ 89.0148, 26.4091 ], [ 89.0158, 26.4042 ], [ 89.0119, 26.4052 ], [ 89.0148, 26.4091 ] ] ], [ [ [ 88.992, 26.4124 ], [ 88.9858, 26.41 ], [ 88.9863, 26.4137 ], [ 88.992, 26.4124 ] ] ], [ [ [ 88.9685, 26.4126 ], [ 88.9646, 26.4108 ], [ 88.9655, 26.4144 ], [ 88.9685, 26.4126 ] ] ], [ [ [ 88.9499, 26.4268 ], [ 88.954, 26.4019 ], [ 88.9495, 26.4011 ], [ 88.9499, 26.4268 ] ] ], [ [ [ 88.9695, 26.4311 ], [ 88.965, 26.4317 ], [ 88.9684, 26.4336 ], [ 88.9695, 26.4311 ] ] ], [ [ [ 88.9761, 26.4422 ], [ 88.9785, 26.4438 ], [ 88.9779, 26.4409 ], [ 88.9761, 26.4422 ] ] ], [ [ [ 88.9713, 26.4122 ], [ 88.9801, 26.4089 ], [ 88.9825, 26.403 ], [ 88.9713, 26.4122 ] ] ], [ [ [ 88.9661, 26.418 ], [ 88.9693, 26.4199 ], [ 88.9735, 26.418 ], [ 88.9661, 26.418 ] ] ], [ [ [ 88.5194, 21.9359 ], [ 88.5142, 21.9184 ], [ 88.5153, 21.9373 ], [ 88.5194, 21.9359 ] ] ], [ [ [ 88.7499, 21.9587 ], [ 88.7294, 21.9393 ], [ 88.7277, 21.9799 ], [ 88.7471, 21.9782 ], [ 88.7499, 21.9587 ] ] ], [ [ [ 89.1249, 21.5915 ], [ 89.137, 21.5884 ], [ 89.1231, 21.5859 ], [ 89.1249, 21.5915 ] ] ], [ [ [ 88.6009, 21.5849 ], [ 88.5955, 21.5778 ], [ 88.5949, 21.5825 ], [ 88.6009, 21.5849 ] ] ], [ [ [ 88.5943, 21.5614 ], [ 88.5855, 21.5626 ], [ 88.5935, 21.5662 ], [ 88.5943, 21.5614 ] ] ], [ [ [ 88.3412, 21.5576 ], [ 88.3303, 21.5463 ], [ 88.3396, 21.5729 ], [ 88.3412, 21.5576 ] ] ], [ [ [ 88.0827, 21.5828 ], [ 88.0776, 21.5739 ], [ 88.0759, 21.5882 ], [ 88.0827, 21.5828 ] ] ], [ [ [ 87.9918, 21.513 ], [ 88.048, 21.5811 ], [ 88.0546, 21.5505 ], [ 87.9918, 21.513 ] ] ], [ [ [ 88.4857, 21.5579 ], [ 88.5348, 21.5781 ], [ 88.5434, 21.5313 ], [ 88.4857, 21.5579 ] ] ], [ [ [ 88.1895, 21.5784 ], [ 88.1727, 21.5534 ], [ 88.1636, 21.5975 ], [ 88.1895, 21.5784 ] ] ], [ [ [ 88.3534, 21.5878 ], [ 88.3439, 21.5822 ], [ 88.3448, 21.5931 ], [ 88.3534, 21.5878 ] ] ], [ [ [ 88.09, 21.5887 ], [ 88.0823, 21.5871 ], [ 88.0834, 21.5925 ], [ 88.09, 21.5887 ] ] ], [ [ [ 87.8968, 21.7615 ], [ 87.8804, 21.7575 ], [ 87.9017, 21.7723 ], [ 87.8968, 21.7615 ] ] ], [ [ [ 87.91, 21.703 ], [ 87.902, 21.6869 ], [ 87.908, 21.704 ], [ 87.91, 21.703 ] ] ], [ [ [ 87.9405, 21.713 ], [ 87.9232, 21.7097 ], [ 87.9408, 21.7234 ], [ 87.9405, 21.713 ] ] ], [ [ [ 88.2792, 21.7855 ], [ 88.2705, 21.7801 ], [ 88.2677, 21.7877 ], [ 88.2792, 21.7855 ] ] ], [ [ [ 88.1818, 21.7928 ], [ 88.1758, 21.7826 ], [ 88.1753, 21.7989 ], [ 88.1818, 21.7928 ] ] ], [ [ [ 88.4986, 21.8155 ], [ 88.4574, 21.808 ], [ 88.4864, 21.8355 ], [ 88.4986, 21.8155 ] ] ], [ [ [ 88.329, 21.8601 ], [ 88.3569, 21.7973 ], [ 88.3382, 21.8016 ], [ 88.2913, 21.7784 ], [ 88.2622, 21.8053 ], [ 88.329, 21.8601 ] ] ], [ [ [ 87.9502, 21.5923 ], [ 87.9741, 21.6823 ], [ 87.9859, 21.687 ], [ 87.9901, 21.623 ], [ 87.9502, 21.5923 ] ] ], [ [ [ 89.0085, 21.7087 ], [ 88.9912, 21.6586 ], [ 88.9916, 21.7005 ], [ 88.9755, 21.724 ], [ 89.0085, 21.7087 ] ] ], [ [ [ 88.8331, 21.5535 ], [ 88.8925, 21.5814 ], [ 88.9044, 21.5473 ], [ 88.8331, 21.5535 ] ] ], [ [ [ 88.7185, 21.6358 ], [ 88.7931, 21.5827 ], [ 88.7121, 21.5785 ], [ 88.7185, 21.6358 ] ] ], [ [ [ 88.5652, 21.6249 ], [ 88.549, 21.5648 ], [ 88.5214, 21.6516 ], [ 88.5652, 21.6249 ] ] ], [ [ [ 88.0821, 21.6138 ], [ 88.0743, 21.6133 ], [ 88.0774, 21.6217 ], [ 88.0821, 21.6138 ] ] ], [ [ [ 88.1936, 21.6842 ], [ 88.2274, 21.6526 ], [ 88.2121, 21.5958 ], [ 88.1799, 21.6713 ], [ 88.2071, 21.7091 ], [ 88.1936, 21.6842 ] ] ], [ [ [ 88.9608, 21.6423 ], [ 88.9859, 21.6416 ], [ 88.9901, 21.6197 ], [ 88.9402, 21.6408 ], [ 88.9515, 21.6739 ], [ 88.9608, 21.6423 ] ] ], [ [ [ 88.3533, 21.6159 ], [ 88.3442, 21.6083 ], [ 88.3503, 21.622 ], [ 88.3533, 21.6159 ] ] ], [ [ [ 88.6033, 21.6325 ], [ 88.5595, 21.6413 ], [ 88.5737, 21.6887 ], [ 88.6033, 21.6325 ] ] ], [ [ [ 88.3493, 21.6802 ], [ 88.305, 21.6211 ], [ 88.3119, 21.7067 ], [ 88.3493, 21.6802 ] ] ], [ [ [ 88.6416, 21.6712 ], [ 88.6271, 21.6582 ], [ 88.6411, 21.6784 ], [ 88.6416, 21.6712 ] ] ], [ [ [ 88.4063, 21.7328 ], [ 88.4095, 21.6537 ], [ 88.4302, 21.6255 ], [ 88.399, 21.5889 ], [ 88.4063, 21.7328 ] ] ], [ [ [ 88.5216, 21.7167 ], [ 88.5659, 21.6769 ], [ 88.5464, 21.6408 ], [ 88.5216, 21.7167 ] ] ], [ [ [ 88.7103, 21.6746 ], [ 88.6861, 21.6784 ], [ 88.6907, 21.7178 ], [ 88.7103, 21.6746 ] ] ], [ [ [ 88.9251, 21.7206 ], [ 88.9847, 21.6593 ], [ 89.014, 21.652 ], [ 89.0201, 21.5992 ], [ 88.9251, 21.7206 ] ] ], [ [ [ 88.9204, 21.6311 ], [ 88.8671, 21.701 ], [ 88.882, 21.7411 ], [ 88.9369, 21.7008 ], [ 88.9204, 21.6311 ] ] ], [ [ [ 89.0148, 21.7781 ], [ 89.0928, 21.6522 ], [ 89.0713, 21.6118 ], [ 89.0377, 21.611 ], [ 89.0124, 21.7141 ], [ 88.9561, 21.7597 ], [ 89.0148, 21.7781 ] ] ], [ [ [ 88.768, 21.7034 ], [ 88.862, 21.7614 ], [ 88.8385, 21.619 ], [ 88.8169, 21.709 ], [ 88.768, 21.7034 ] ] ], [ [ [ 88.4241, 21.7528 ], [ 88.4705, 21.6746 ], [ 88.4321, 21.6011 ], [ 88.4241, 21.7528 ] ] ], [ [ [ 87.987, 21.6992 ], [ 87.9753, 21.6907 ], [ 87.979, 21.7025 ], [ 87.987, 21.6992 ] ] ], [ [ [ 88.201, 21.7102 ], [ 88.1829, 21.706 ], [ 88.2002, 21.7235 ], [ 88.201, 21.7102 ] ] ], [ [ [ 88.1208, 21.7327 ], [ 88.0335, 21.6629 ], [ 88.0915, 21.7854 ], [ 88.1303, 21.7567 ], [ 88.1208, 21.7327 ] ] ], [ [ [ 87.9523, 21.7118 ], [ 87.9529, 21.704 ], [ 87.9473, 21.7043 ], [ 87.9523, 21.7118 ] ] ], [ [ [ 88.3595, 21.7352 ], [ 88.3626, 21.6866 ], [ 88.3472, 21.7597 ], [ 88.3667, 21.762 ], [ 88.3595, 21.7352 ] ] ], [ [ [ 88.5553, 21.7615 ], [ 88.607, 21.685 ], [ 88.5967, 21.6576 ], [ 88.5844, 21.6888 ], [ 88.5078, 21.7472 ], [ 88.5437, 21.8112 ], [ 88.5553, 21.7615 ] ] ], [ [ [ 87.9622, 21.737 ], [ 87.9475, 21.7297 ], [ 87.96, 21.7399 ], [ 87.9622, 21.737 ] ] ], [ [ [ 87.9884, 21.7257 ], [ 87.9784, 21.7242 ], [ 87.9865, 21.7302 ], [ 87.9884, 21.7257 ] ] ], [ [ [ 88.204, 21.7341 ], [ 88.1974, 21.7423 ], [ 88.2053, 21.76 ], [ 88.204, 21.7341 ] ] ], [ [ [ 87.9573, 21.7565 ], [ 87.9319, 21.7444 ], [ 87.957, 21.7715 ], [ 87.9573, 21.7565 ] ] ], [ [ [ 88.85, 21.8623 ], [ 88.898, 21.7532 ], [ 88.9232, 21.7494 ], [ 88.9111, 21.7344 ], [ 88.836, 21.7885 ], [ 88.85, 21.8623 ] ] ], [ [ [ 88.7773, 21.8688 ], [ 88.8263, 21.8611 ], [ 88.7799, 21.7709 ], [ 88.7814, 21.7385 ], [ 88.7451, 21.776 ], [ 88.7606, 21.6895 ], [ 88.8038, 21.7028 ], [ 88.7948, 21.6528 ], [ 88.6911, 21.7508 ], [ 88.7159, 21.9045 ], [ 88.7773, 21.8688 ] ] ], [ [ [ 88.8289, 21.8057 ], [ 88.7854, 21.7718 ], [ 88.823, 21.8225 ], [ 88.8289, 21.8057 ] ] ], [ [ [ 88.5891, 21.7723 ], [ 88.6292, 21.7354 ], [ 88.609, 21.7065 ], [ 88.6192, 21.7405 ], [ 88.5891, 21.7723 ] ] ], [ [ [ 88.613, 21.74 ], [ 88.5816, 21.7268 ], [ 88.5758, 21.7724 ], [ 88.613, 21.74 ] ] ], [ [ [ 88.2989, 21.755 ], [ 88.2854, 21.7347 ], [ 88.2918, 21.7724 ], [ 88.2989, 21.755 ] ] ], [ [ [ 88.3857, 21.7603 ], [ 88.363, 21.738 ], [ 88.3719, 21.7647 ], [ 88.3857, 21.7603 ] ] ], [ [ [ 88.3818, 21.7795 ], [ 88.4384, 21.7936 ], [ 88.4188, 21.7662 ], [ 88.4202, 21.7266 ], [ 88.3818, 21.7795 ] ] ], [ [ [ 88.354, 21.796 ], [ 88.3676, 21.7703 ], [ 88.3421, 21.7609 ], [ 88.3143, 21.7105 ], [ 88.354, 21.796 ] ] ], [ [ [ 88.1329, 21.8734 ], [ 88.1708, 21.7379 ], [ 88.1367, 21.678 ], [ 88.1363, 21.7599 ], [ 88.0842, 21.7925 ], [ 88.1329, 21.8734 ] ] ], [ [ [ 88.9762, 21.8694 ], [ 89.0276, 21.8316 ], [ 88.966, 21.7803 ], [ 88.9795, 21.8179 ], [ 88.9516, 21.8456 ], [ 88.9762, 21.8694 ] ] ], [ [ [ 88.1662, 21.8668 ], [ 88.1636, 21.8625 ], [ 88.1627, 21.866 ], [ 88.1662, 21.8668 ] ] ], [ [ [ 88.1037, 21.8897 ], [ 88.0879, 21.8729 ], [ 88.0916, 21.8937 ], [ 88.1037, 21.8897 ] ] ], [ [ [ 88.1874, 21.8436 ], [ 88.1802, 21.8394 ], [ 88.1741, 21.8557 ], [ 88.1874, 21.8436 ] ] ], [ [ [ 88.5241, 21.8452 ], [ 88.4977, 21.8327 ], [ 88.5027, 21.853 ], [ 88.5241, 21.8452 ] ] ], [ [ [ 88.6139, 21.8308 ], [ 88.5753, 21.8179 ], [ 88.5886, 21.8487 ], [ 88.6139, 21.8308 ] ] ], [ [ [ 88.5969, 21.8585 ], [ 88.6534, 21.8685 ], [ 88.641, 21.789 ], [ 88.5969, 21.8585 ] ] ], [ [ [ 88.9153, 21.933 ], [ 88.9708, 21.9065 ], [ 88.9428, 21.8386 ], [ 88.9704, 21.8142 ], [ 88.9084, 21.7573 ], [ 88.8212, 21.9278 ], [ 88.8828, 21.9135 ], [ 88.9153, 21.933 ] ] ], [ [ [ 88.8174, 21.9006 ], [ 88.8316, 21.8699 ], [ 88.8059, 21.873 ], [ 88.8174, 21.9006 ] ] ], [ [ [ 88.6263, 21.8987 ], [ 88.6674, 21.9134 ], [ 88.6516, 21.8775 ], [ 88.6263, 21.8987 ] ] ], [ [ [ 88.5557, 21.8825 ], [ 88.5333, 21.8432 ], [ 88.5471, 21.8786 ], [ 88.5557, 21.8825 ] ] ], [ [ [ 88.4204, 21.9005 ], [ 88.4623, 21.8449 ], [ 88.4455, 21.8131 ], [ 88.4569, 21.7969 ], [ 88.3989, 21.8065 ], [ 88.4204, 21.9005 ] ] ], [ [ [ 88.5569, 21.8735 ], [ 88.573, 21.8565 ], [ 88.5583, 21.8327 ], [ 88.5569, 21.8735 ] ] ], [ [ [ 88.5725, 21.8969 ], [ 88.5591, 21.8841 ], [ 88.5621, 21.8942 ], [ 88.5725, 21.8969 ] ] ], [ [ [ 88.4914, 21.9036 ], [ 88.4766, 21.8999 ], [ 88.4884, 21.9079 ], [ 88.4914, 21.9036 ] ] ], [ [ [ 88.7374, 21.9227 ], [ 88.7917, 21.9211 ], [ 88.8108, 21.8997 ], [ 88.7759, 21.8771 ], [ 88.7374, 21.9227 ] ] ], [ [ [ 88.1036, 21.9083 ], [ 88.0993, 21.8992 ], [ 88.0951, 21.9057 ], [ 88.1036, 21.9083 ] ] ], [ [ [ 88.1415, 21.9206 ], [ 88.1118, 21.9174 ], [ 88.1148, 21.931 ], [ 88.1415, 21.9206 ] ] ], [ [ [ 88.0506, 27.2162 ], [ 88.1536, 27.1098 ], [ 88.4306, 27.0794 ], [ 88.555, 27.1841 ], [ 88.7994, 27.1389 ], [ 88.8679, 27.1063 ], [ 88.8705, 26.9446 ], [ 88.9173, 26.9981 ], [ 89.1267, 26.8073 ], [ 89.5477, 26.8131 ], [ 89.6399, 26.7773 ], [ 89.6201, 26.7157 ], [ 89.8511, 26.6985 ], [ 89.8742, 26.584 ], [ 89.8564, 26.3843 ], [ 89.7198, 26.307 ], [ 89.7367, 26.172 ], [ 89.6342, 26.2293 ], [ 89.5936, 26.1015 ], [ 89.6499, 26.0635 ], [ 89.5553, 25.9646 ], [ 89.1552, 26.1387 ], [ 89.0963, 26.3907 ], [ 88.965, 26.4582 ], [ 88.9109, 26.3683 ], [ 89.051, 26.2415 ], [ 88.8982, 26.2888 ], [ 88.8427, 26.2308 ], [ 88.7934, 26.3103 ], [ 88.6639, 26.2583 ], [ 88.7437, 26.3466 ], [ 88.4338, 26.5422 ], [ 88.4098, 26.6323 ], [ 88.3315, 26.4828 ], [ 88.4845, 26.4611 ], [ 88.5221, 26.3607 ], [ 88.1787, 26.1496 ], [ 88.0869, 25.9166 ], [ 88.1151, 25.7988 ], [ 88.2614, 25.8137 ], [ 88.5398, 25.5085 ], [ 88.8113, 25.5234 ], [ 88.8401, 25.3635 ], [ 89.0087, 25.2999 ], [ 88.9206, 25.1654 ], [ 88.4419, 25.1987 ], [ 88.3979, 24.9456 ], [ 88.3279, 24.8713 ], [ 88.2259, 24.9598 ], [ 88.1375, 24.936 ], [ 88.1744, 24.861 ], [ 88.0244, 24.6881 ], [ 88.1897, 24.4762 ], [ 88.7354, 24.2761 ], [ 88.6944, 24.112 ], [ 88.7689, 23.9826 ], [ 88.5753, 23.8609 ], [ 88.5581, 23.6487 ], [ 88.7998, 23.4965 ], [ 88.7186, 23.2548 ], [ 88.7895, 23.2181 ], [ 88.8108, 23.2559 ], [ 88.9944, 23.2142 ], [ 88.8461, 23.0094 ], [ 88.9695, 22.844 ], [ 88.9122, 22.7586 ], [ 88.9847, 22.3264 ], [ 89.0956, 22.1604 ], [ 89.0076, 21.9028 ], [ 88.9305, 21.9489 ], [ 88.9873, 22.1101 ], [ 88.9209, 21.9839 ], [ 88.9279, 22.1049 ], [ 88.8924, 22.0682 ], [ 88.9012, 21.931 ], [ 88.7568, 21.9611 ], [ 88.8168, 21.9682 ], [ 88.7465, 21.9895 ], [ 88.7834, 22.1089 ], [ 88.7034, 22.0735 ], [ 88.7611, 22.1481 ], [ 88.6871, 22.0774 ], [ 88.7383, 22.0137 ], [ 88.6384, 21.9521 ], [ 88.7029, 22.2087 ], [ 88.6488, 22.2478 ], [ 88.5936, 21.8956 ], [ 88.5434, 21.9042 ], [ 88.532, 21.8532 ], [ 88.4963, 21.879 ], [ 88.5256, 21.9183 ], [ 88.5019, 21.8969 ], [ 88.5256, 21.9252 ], [ 88.5017, 21.9674 ], [ 88.5505, 21.9909 ], [ 88.5541, 22.0514 ], [ 88.5411, 21.9883 ], [ 88.4982, 21.9763 ], [ 88.4707, 21.901 ], [ 88.4567, 21.9039 ], [ 88.4658, 21.9617 ], [ 88.446, 21.9875 ], [ 88.3911, 21.8968 ], [ 88.4071, 21.9927 ], [ 88.3882, 22.0042 ], [ 88.3817, 21.7951 ], [ 88.3559, 21.8271 ], [ 88.3726, 21.9061 ], [ 88.3511, 21.9714 ], [ 88.3118, 21.8596 ], [ 88.2607, 21.8649 ], [ 88.2749, 21.8993 ], [ 88.2766, 21.9458 ], [ 88.2726, 21.96 ], [ 88.2615, 21.9622 ], [ 88.2539, 21.8599 ], [ 88.3038, 21.843 ], [ 88.2559, 21.801 ], [ 88.26, 21.5565 ], [ 88.2201, 21.604 ], [ 88.236, 21.645 ], [ 88.2121, 21.7831 ], [ 88.1457, 21.9552 ], [ 88.2223, 22.0727 ], [ 88.1832, 22.1873 ], [ 87.9954, 22.2458 ], [ 88.1362, 22.1854 ], [ 88.1674, 22.0782 ], [ 88.0601, 22.0179 ], [ 88.0196, 22.0719 ], [ 87.9929, 22.0757 ], [ 88.0485, 21.9974 ], [ 87.9866, 21.8707 ], [ 87.8064, 21.7089 ], [ 87.4862, 21.6098 ], [ 87.4444, 21.7682 ], [ 87.2765, 21.8052 ], [ 87.2359, 21.9571 ], [ 87.0377, 21.8681 ], [ 87.0282, 22.0379 ], [ 86.7218, 22.1468 ], [ 86.727, 22.2168 ], [ 86.8867, 22.2574 ], [ 86.8881, 22.2973 ], [ 86.7511, 22.4558 ], [ 86.7658, 22.5757 ], [ 86.6585, 22.5757 ], [ 86.635, 22.6656 ], [ 86.4194, 22.791 ], [ 86.4358, 22.9259 ], [ 86.5255, 22.9473 ], [ 86.547, 22.9894 ], [ 86.1855, 23.0052 ], [ 85.8197, 23.2685 ], [ 85.8708, 23.4755 ], [ 86.0541, 23.4869 ], [ 86.042, 23.5862 ], [ 86.3101, 23.4118 ], [ 86.4618, 23.6298 ], [ 86.7993, 23.689 ], [ 86.8054, 23.8375 ], [ 87.2407, 23.8258 ], [ 87.2953, 23.9021 ], [ 87.2454, 24.0451 ], [ 87.46, 23.9842 ], [ 87.4975, 24.1179 ], [ 87.6951, 24.1492 ], [ 87.6388, 24.2548 ], [ 87.8013, 24.3832 ], [ 87.7717, 24.5837 ], [ 87.9088, 24.5858 ], [ 87.9078, 24.7213 ], [ 87.8177, 24.7609 ], [ 87.9623, 24.9378 ], [ 87.7114, 25.2577 ], [ 87.8466, 25.2646 ], [ 87.7666, 25.4151 ], [ 87.884, 25.5206 ], [ 87.9592, 25.5387 ], [ 88.0043, 25.4963 ], [ 88.077, 25.5068 ], [ 88.0497, 25.7022 ], [ 87.8108, 25.928 ], [ 87.9751, 26.1431 ], [ 88.0732, 26.1752 ], [ 88.3005, 26.3504 ], [ 88.1826, 26.5042 ], [ 88.2328, 26.571 ], [ 88.1054, 26.5511 ], [ 88.1871, 26.7714 ], [ 88.1331, 26.9823 ], [ 87.9917, 27.1083 ], [ 88.0506, 27.2162 ] ] ] ] } },
{ "type": "Feature", "properties": { }, "geometry": { "type": "MultiPolygon", "coordinates": [ [ [ [ 80.7753, 15.8634 ], [ 80.7782, 15.8637 ], [ 80.7839, 15.8578 ], [ 80.7753, 15.8634 ] ] ], [ [ [ 80.7924, 15.8303 ], [ 80.7904, 15.8283 ], [ 80.7896, 15.8323 ], [ 80.7924, 15.8303 ] ] ], [ [ [ 80.7891, 15.8395 ], [ 80.7868, 15.8412 ], [ 80.7874, 15.8428 ], [ 80.7891, 15.8395 ] ] ], [ [ [ 80.7835, 15.8547 ], [ 80.7878, 15.8528 ], [ 80.7874, 15.8448 ], [ 80.7835, 15.8547 ] ] ], [ [ [ 80.9305, 15.7162 ], [ 80.9286, 15.7165 ], [ 80.931, 15.7181 ], [ 80.9305, 15.7162 ] ] ], [ [ [ 80.8129, 15.7318 ], [ 80.8112, 15.7316 ], [ 80.8114, 15.7331 ], [ 80.8129, 15.7318 ] ] ], [ [ [ 80.7957, 15.7551 ], [ 80.794, 15.7545 ], [ 80.7958, 15.7553 ], [ 80.7957, 15.7551 ] ] ], [ [ [ 80.7925, 15.7704 ], [ 80.7941, 15.7702 ], [ 80.7928, 15.769 ], [ 80.7925, 15.7704 ] ] ], [ [ [ 81.0085, 15.795 ], [ 81.0058, 15.7915 ], [ 81.008, 15.7957 ], [ 81.0085, 15.795 ] ] ], [ [ [ 80.7937, 15.7573 ], [ 80.7923, 15.7567 ], [ 80.7935, 15.7579 ], [ 80.7937, 15.7573 ] ] ], [ [ [ 80.7937, 15.7587 ], [ 80.7925, 15.7582 ], [ 80.7938, 15.759 ], [ 80.7937, 15.7587 ] ] ], [ [ [ 81.0122, 15.8138 ], [ 81.0193, 15.7932 ], [ 81.0052, 15.8163 ], [ 81.0122, 15.8138 ] ] ], [ [ [ 84.6756, 19.1677 ], [ 84.7636, 19.0749 ], [ 84.1285, 18.3134 ], [ 83.6055, 18.037 ], [ 83.2129, 17.591 ], [ 82.5939, 17.2814 ], [ 82.3195, 17.0574 ], [ 82.2482, 16.9305 ], [ 82.3549, 16.8513 ], [ 82.3602, 16.9589 ], [ 82.3659, 16.7068 ], [ 82.3137, 16.5588 ], [ 81.7208, 16.3069 ], [ 81.4872, 16.3554 ], [ 81.3053, 16.3039 ], [ 80.9393, 15.7168 ], [ 80.928, 15.722 ], [ 80.8215, 15.7097 ], [ 80.807, 15.8408 ], [ 80.7744, 15.8677 ], [ 80.6806, 15.8858 ], [ 80.2842, 15.6882 ], [ 80.047, 15.0806 ], [ 80.196, 14.5865 ], [ 80.1272, 14.1502 ], [ 80.2553, 13.783 ], [ 80.2418, 13.4707 ], [ 80.0034, 13.5445 ], [ 80.0466, 13.4937 ], [ 79.938, 13.3555 ], [ 79.7337, 13.2888 ], [ 79.755, 13.2065 ], [ 79.6826, 13.2959 ], [ 79.5792, 13.2578 ], [ 79.4354, 13.3517 ], [ 79.3819, 13.3075 ], [ 79.4454, 13.3013 ], [ 79.4384, 13.1882 ], [ 79.3072, 13.1056 ], [ 79.2349, 13.1709 ], [ 79.1631, 13.0203 ], [ 78.7145, 13.0687 ], [ 78.6209, 12.9913 ], [ 78.5558, 12.7002 ], [ 78.4931, 12.7472 ], [ 78.4649, 12.6241 ], [ 78.3794, 12.6251 ], [ 78.1993, 12.6954 ], [ 78.3541, 12.9397 ], [ 78.4647, 12.8668 ], [ 78.4111, 12.9453 ], [ 78.5873, 13.2807 ], [ 78.3771, 13.332 ], [ 78.4015, 13.5879 ], [ 78.193, 13.5649 ], [ 78.1676, 13.6559 ], [ 78.0871, 13.6431 ], [ 78.1148, 13.8629 ], [ 77.953, 13.8274 ], [ 77.9875, 13.9555 ], [ 77.8266, 13.9448 ], [ 77.7174, 13.7411 ], [ 77.6515, 13.7842 ], [ 77.4553, 13.6823 ], [ 77.4325, 13.8433 ], [ 77.2004, 13.8631 ], [ 77.1847, 13.9252 ], [ 77.1282, 13.8565 ], [ 77.1731, 13.7621 ], [ 76.9969, 13.7478 ], [ 77.0417, 13.9335 ], [ 76.8945, 14.1678 ], [ 77.0233, 14.1767 ], [ 77.0278, 14.0622 ], [ 77.1492, 14.0012 ], [ 77.3222, 14.03 ], [ 77.3987, 13.8882 ], [ 77.4379, 13.9756 ], [ 77.3323, 14.0307 ], [ 77.4009, 14.1188 ], [ 77.3517, 14.1311 ], [ 77.517, 14.1828 ], [ 77.4065, 14.3378 ], [ 77.3926, 14.1989 ], [ 77.2866, 14.3401 ], [ 77.1389, 14.34 ], [ 77.1008, 14.2172 ], [ 76.9401, 14.2446 ], [ 76.8848, 14.3957 ], [ 76.9748, 14.4854 ], [ 76.868, 14.4741 ], [ 76.765, 14.6022 ], [ 76.8696, 14.9377 ], [ 76.7666, 14.9756 ], [ 76.7767, 15.0784 ], [ 77.0825, 15.0061 ], [ 77.1692, 15.1714 ], [ 76.9739, 15.4996 ], [ 77.0301, 15.5027 ], [ 77.0305, 15.6345 ], [ 77.1215, 15.6311 ], [ 77.0252, 15.8375 ], [ 77.0748, 15.912 ], [ 77.2489, 15.9646 ], [ 78.0319, 15.9074 ], [ 78.134, 15.8363 ], [ 78.2609, 16.0258 ], [ 78.4079, 16.0748 ], [ 78.7832, 16.0203 ], [ 78.8339, 16.1445 ], [ 78.8956, 16.0856 ], [ 78.9054, 16.1836 ], [ 79.0095, 16.2402 ], [ 79.2166, 16.2274 ], [ 79.2569, 16.5659 ], [ 79.774, 16.7308 ], [ 79.9631, 16.6436 ], [ 80.0706, 16.8017 ], [ 80.0174, 16.915 ], [ 80.1965, 17.0441 ], [ 80.3804, 16.8175 ], [ 80.5702, 16.7681 ], [ 80.6019, 16.9186 ], [ 80.3634, 16.9761 ], [ 80.409, 17.0915 ], [ 80.4649, 17.0301 ], [ 80.58, 17.1531 ], [ 80.8453, 17.04 ], [ 80.9189, 17.2198 ], [ 81.174, 17.2304 ], [ 81.1904, 17.3249 ], [ 81.3226, 17.3746 ], [ 81.1273, 17.5265 ], [ 80.8554, 17.6019 ], [ 80.9279, 17.7618 ], [ 81.0582, 17.7331 ], [ 81.1661, 17.8577 ], [ 81.6172, 17.8231 ], [ 82.0307, 18.07 ], [ 82.2645, 17.9956 ], [ 82.3707, 18.1489 ], [ 82.3092, 18.2048 ], [ 82.3906, 18.2987 ], [ 82.3625, 18.4223 ], [ 82.4811, 18.5494 ], [ 82.636, 18.2375 ], [ 82.8014, 18.45 ], [ 83.0527, 18.3807 ], [ 83.0191, 18.4572 ], [ 83.0932, 18.5476 ], [ 83.0113, 18.647 ], [ 83.1372, 18.7863 ], [ 83.2106, 18.7315 ], [ 83.4039, 18.8433 ], [ 83.3088, 18.9998 ], [ 83.4599, 18.9557 ], [ 83.4661, 19.094 ], [ 83.5353, 19.0117 ], [ 83.6241, 19.1636 ], [ 83.7534, 18.9263 ], [ 83.7927, 19.0189 ], [ 83.8912, 18.8154 ], [ 84.0892, 18.7585 ], [ 84.3425, 18.803 ], [ 84.419, 19.0229 ], [ 84.5988, 19.0257 ], [ 84.6687, 19.0772 ], [ 84.5934, 19.1333 ], [ 84.6756, 19.1677 ] ], [ [ 82.2175, 16.7328 ], [ 82.1934, 16.7216 ], [ 82.3104, 16.7188 ], [ 82.2175, 16.7328 ] ] ] ] } },
{ "type": "Feature", "properties": { }, "geometry": { "type": "MultiPolygon", "coordinates": [ [ [ [ 79.8097, 10.8805 ], [ 79.8069, 10.8777 ], [ 79.806, 10.8797 ], [ 79.8097, 10.8805 ] ] ], [ [ [ 79.757, 11.0028 ], [ 79.8515, 10.994 ], [ 79.8507, 10.8279 ], [ 79.8285, 10.8838 ], [ 79.7248, 10.929 ], [ 79.757, 11.0028 ] ] ], [ [ [ 79.7394, 10.9214 ], [ 79.7388, 10.9201 ], [ 79.7391, 10.9213 ], [ 79.7394, 10.9214 ] ] ], [ [ [ 79.7216, 10.9383 ], [ 79.722, 10.9351 ], [ 79.7202, 10.9361 ], [ 79.7216, 10.9383 ] ] ], [ [ [ 75.5344, 11.7093 ], [ 75.5366, 11.6939 ], [ 75.5301, 11.702 ], [ 75.5344, 11.7093 ] ] ], [ [ [ 75.5266, 11.7261 ], [ 75.5555, 11.7217 ], [ 75.5312, 11.7084 ], [ 75.5266, 11.7261 ] ] ], [ [ [ 79.6971, 11.874 ], [ 79.6991, 11.8613 ], [ 79.696, 11.8604 ], [ 79.6971, 11.874 ] ] ], [ [ [ 79.602, 11.8578 ], [ 79.6627, 11.8673 ], [ 79.6578, 11.8527 ], [ 79.602, 11.8578 ] ] ], [ [ [ 79.6746, 11.8036 ], [ 79.6905, 11.8085 ], [ 79.6813, 11.7963 ], [ 79.6746, 11.8036 ] ] ], [ [ [ 79.7129, 11.7909 ], [ 79.7678, 11.8227 ], [ 79.807, 11.8336 ], [ 79.7958, 11.7855 ], [ 79.7129, 11.7909 ] ] ], [ [ [ 79.6409, 11.8229 ], [ 79.6617, 11.8393 ], [ 79.6712, 11.8149 ], [ 79.6409, 11.8229 ] ] ], [ [ [ 79.6926, 11.8225 ], [ 79.7026, 11.8135 ], [ 79.692, 11.8142 ], [ 79.6926, 11.8225 ] ] ], [ [ [ 79.7883, 12.0192 ], [ 79.8032, 12.0258 ], [ 79.8055, 12.0222 ], [ 79.7883, 12.0192 ] ] ], [ [ [ 82.3206, 16.5661 ], [ 82.3196, 16.5662 ], [ 82.32, 16.5669 ], [ 82.3206, 16.5661 ] ] ], [ [ [ 82.3203, 16.5686 ], [ 82.3198, 16.5683 ], [ 82.3198, 16.5686 ], [ 82.3203, 16.5686 ] ] ], [ [ [ 82.3192, 16.5677 ], [ 82.319, 16.5663 ], [ 82.3181, 16.5672 ], [ 82.3192, 16.5677 ] ] ], [ [ [ 82.3151, 16.5721 ], [ 82.3188, 16.568 ], [ 82.3173, 16.5677 ], [ 82.3151, 16.5721 ] ] ], [ [ [ 82.1864, 16.73 ], [ 82.2175, 16.7328 ], [ 82.3104, 16.7188 ], [ 82.1864, 16.73 ] ] ], [ [ [ 82.3295, 16.5951 ], [ 82.3359, 16.5895 ], [ 82.3313, 16.5918 ], [ 82.3295, 16.5951 ] ] ], [ [ [ 82.3309, 16.618 ], [ 82.3352, 16.6029 ], [ 82.3306, 16.6071 ], [ 82.3309, 16.618 ] ] ], [ [ [ 79.7554, 12.0044 ], [ 79.7502, 11.9199 ], [ 79.8406, 11.9558 ], [ 79.8077, 11.8364 ], [ 79.7661, 11.8406 ], [ 79.7685, 11.876 ], [ 79.674, 11.8807 ], [ 79.7554, 12.0044 ] ], [ [ 79.7964, 11.8999 ], [ 79.7726, 11.8759 ], [ 79.7851, 11.863 ], [ 79.7964, 11.8999 ] ] ], [ [ [ 79.6622, 11.9691 ], [ 79.6846, 11.9534 ], [ 79.6545, 11.9537 ], [ 79.6622, 11.9691 ] ] ], [ [ [ 79.6279, 12.0318 ], [ 79.6427, 11.9421 ], [ 79.6707, 11.9316 ], [ 79.6369, 11.9014 ], [ 79.6279, 12.0318 ] ] ], [ [ [ 79.6614, 12.0123 ], [ 79.7196, 11.9922 ], [ 79.6569, 11.9916 ], [ 79.6614, 12.0123 ] ] ], [ [ [ 79.8738, 12.0426 ], [ 79.8405, 12.0133 ], [ 79.8498, 12.0518 ], [ 79.8738, 12.0426 ] ] ] ] } },
{ "type": "Feature", "properties": { }, "geometry": { "type": "MultiPolygon", "coordinates": [ [ [ [ 74.281, 21.933 ], [ 74.4435, 22.0232 ], [ 74.524, 21.9116 ], [ 74.5054, 21.7261 ], [ 74.5821, 21.6649 ], [ 74.9018, 21.6292 ], [ 75.2996, 21.3846 ], [ 76.0956, 21.3711 ], [ 76.1764, 21.184 ], [ 76.1123, 21.1553 ], [ 76.279, 21.0699 ], [ 76.6232, 21.1849 ], [ 76.6215, 21.3322 ], [ 76.7858, 21.465 ], [ 76.7952, 21.5939 ], [ 77.2898, 21.7602 ], [ 77.5421, 21.7061 ], [ 77.6118, 21.5385 ], [ 77.4222, 21.5177 ], [ 77.4877, 21.3743 ], [ 77.5874, 21.3627 ], [ 77.9411, 21.3857 ], [ 78.3869, 21.6148 ], [ 78.4514, 21.4965 ], [ 78.9367, 21.4857 ], [ 78.9141, 21.589 ], [ 79.2239, 21.6486 ], [ 79.2312, 21.7223 ], [ 79.4962, 21.674 ], [ 79.5406, 21.5427 ], [ 79.7376, 21.6039 ], [ 79.8912, 21.518 ], [ 80.254, 21.6245 ], [ 80.4123, 21.3766 ], [ 80.6816, 21.3135 ], [ 80.4392, 21.0965 ], [ 80.5877, 20.6846 ], [ 80.481, 20.6184 ], [ 80.6319, 20.5984 ], [ 80.6264, 20.3325 ], [ 80.3953, 20.2449 ], [ 80.4018, 20.1473 ], [ 80.5568, 20.0717 ], [ 80.5299, 19.9393 ], [ 80.4113, 19.9384 ], [ 80.5058, 19.8705 ], [ 80.4017, 19.7961 ], [ 80.5462, 19.8183 ], [ 80.6764, 19.6994 ], [ 80.6654, 19.6117 ], [ 80.8954, 19.5197 ], [ 80.8096, 19.4202 ], [ 80.853, 19.3639 ], [ 80.7108, 19.2816 ], [ 80.5761, 19.4022 ], [ 80.4842, 19.3395 ], [ 80.2733, 18.993 ], [ 80.3515, 18.8164 ], [ 80.1181, 18.6805 ], [ 79.914, 18.8238 ], [ 79.9404, 19.032 ], [ 79.8584, 19.1024 ], [ 79.9457, 19.169 ], [ 79.9796, 19.3903 ], [ 79.8145, 19.5757 ], [ 79.4714, 19.5002 ], [ 79.2436, 19.6167 ], [ 79.1903, 19.459 ], [ 78.9405, 19.5519 ], [ 78.9556, 19.6558 ], [ 78.8519, 19.6584 ], [ 78.841, 19.7619 ], [ 78.4903, 19.7927 ], [ 78.307, 19.9143 ], [ 78.3647, 19.7812 ], [ 78.2627, 19.6651 ], [ 78.3044, 19.4561 ], [ 78.1762, 19.4123 ], [ 78.1753, 19.2376 ], [ 78.0416, 19.2434 ], [ 77.9451, 19.3424 ], [ 77.8635, 19.3042 ], [ 77.8504, 19.0886 ], [ 77.762, 19.0318 ], [ 77.9486, 18.8298 ], [ 77.7535, 18.701 ], [ 77.7385, 18.5568 ], [ 77.5964, 18.5489 ], [ 77.5275, 18.4421 ], [ 77.5714, 18.3088 ], [ 77.3658, 18.3071 ], [ 77.4141, 18.3931 ], [ 77.3199, 18.458 ], [ 77.1116, 18.1558 ], [ 76.952, 18.1881 ], [ 76.919, 17.916 ], [ 76.74, 17.8997 ], [ 76.7905, 17.8263 ], [ 76.6909, 17.681 ], [ 76.5233, 17.7598 ], [ 76.4898, 17.6605 ], [ 76.3313, 17.5974 ], [ 76.3832, 17.3145 ], [ 76.2421, 17.3788 ], [ 76.1764, 17.3008 ], [ 76.119, 17.3705 ], [ 75.9309, 17.3226 ], [ 75.8843, 17.418 ], [ 75.793, 17.3697 ], [ 75.6331, 17.4772 ], [ 75.5742, 17.3833 ], [ 75.6578, 17.2632 ], [ 75.6704, 16.9621 ], [ 75.2797, 16.9566 ], [ 75.2143, 16.8417 ], [ 75.0894, 16.9516 ], [ 74.9318, 16.9448 ], [ 74.9195, 16.7725 ], [ 74.6911, 16.7155 ], [ 74.6871, 16.6068 ], [ 74.5686, 16.5539 ], [ 74.4688, 16.6638 ], [ 74.3799, 16.5286 ], [ 74.2645, 16.5405 ], [ 74.3638, 16.4051 ], [ 74.325, 16.2718 ], [ 74.5081, 16.2023 ], [ 74.4844, 16.0915 ], [ 74.3614, 16.0539 ], [ 74.4633, 16.0392 ], [ 74.3585, 15.7749 ], [ 74.209, 15.7813 ], [ 74.0211, 15.6061 ], [ 73.8577, 15.8004 ], [ 73.6754, 15.727 ], [ 73.4572, 16.0538 ], [ 73.4493, 16.309 ], [ 73.3854, 16.3371 ], [ 73.4387, 16.3719 ], [ 73.3682, 16.3639 ], [ 73.4081, 16.4067 ], [ 73.4816, 16.4092 ], [ 73.4895, 16.4118 ], [ 73.492, 16.4177 ], [ 73.4992, 16.4182 ], [ 73.4741, 16.4392 ], [ 73.3662, 16.3967 ], [ 73.3158, 16.5129 ], [ 73.2896, 17.1153 ], [ 73.1898, 17.2988 ], [ 73.2494, 17.2809 ], [ 73.2442, 17.3216 ], [ 72.9319, 18.2197 ], [ 72.964, 18.2804 ], [ 73.1052, 18.1404 ], [ 73.0504, 18.297 ], [ 73.1027, 18.2654 ], [ 73.113, 18.3295 ], [ 73.0448, 18.3131 ], [ 73.0287, 18.2643 ], [ 72.9121, 18.362 ], [ 72.9337, 18.5405 ], [ 72.7926, 18.9396 ], [ 72.8382, 19.0485 ], [ 72.7728, 19.4876 ], [ 72.7187, 19.5397 ], [ 72.7891, 19.5972 ], [ 72.7294, 19.6016 ], [ 72.6637, 19.9342 ], [ 72.7752, 19.9003 ], [ 72.7082, 20.0717 ], [ 72.8587, 20.2245 ], [ 72.9627, 20.2097 ], [ 73.0396, 20.0671 ], [ 73.1789, 20.0471 ], [ 73.2977, 20.2085 ], [ 73.4168, 20.1983 ], [ 73.3798, 20.3934 ], [ 73.4939, 20.5382 ], [ 73.392, 20.646 ], [ 73.4496, 20.7176 ], [ 73.7447, 20.5648 ], [ 73.9416, 20.7413 ], [ 73.9011, 20.9821 ], [ 73.5772, 21.1706 ], [ 73.8157, 21.1739 ], [ 73.8227, 21.2707 ], [ 73.942, 21.2991 ], [ 73.9387, 21.4048 ], [ 74.3317, 21.5439 ], [ 73.852, 21.4978 ], [ 73.7802, 21.6282 ], [ 73.8917, 21.6917 ], [ 73.7957, 21.8246 ], [ 74.281, 21.933 ] ] ], [ [ [ 72.7288, 19.4657 ], [ 72.7369, 19.4658 ], [ 72.7328, 19.4592 ], [ 72.7288, 19.4657 ] ] ], [ [ [ 72.9527, 20.3145 ], [ 72.9829, 20.323 ], [ 72.9715, 20.2971 ], [ 72.9527, 20.3145 ] ] ] ] } },
{ "type": "Feature", "properties": { }, "geometry": { "type": "Polygon", "coordinates": [ [ [ 75.2088, 34.6363 ], [ 75.2446, 34.7899 ], [ 75.0955, 34.9012 ], [ 74.914, 34.7758 ], [ 74.5762, 34.8993 ], [ 74.4983, 35.1067 ], [ 74.2687, 35.035 ], [ 74.1133, 35.1514 ], [ 73.7256, 35.2184 ], [ 73.6996, 35.3578 ], [ 73.7841, 35.5251 ], [ 73.272, 35.6292 ], [ 73.1355, 35.7186 ], [ 73.0997, 35.8776 ], [ 72.6009, 35.8705 ], [ 72.5294, 35.9259 ], [ 72.5953, 36.0267 ], [ 72.5304, 36.074 ], [ 72.5598, 36.2118 ], [ 72.9913, 36.4575 ], [ 73.1117, 36.6094 ], [ 73.0847, 36.6991 ], [ 73.8967, 36.7022 ], [ 73.6928, 36.9129 ], [ 74.0549, 36.8058 ], [ 74.429, 36.9894 ], [ 74.5777, 36.9479 ], [ 74.5809, 37.0428 ], [ 74.693, 37.0772 ], [ 74.9212, 36.9054 ], [ 75.3318, 37.0546 ], [ 75.4732, 36.8101 ], [ 75.6154, 36.761 ], [ 75.7683, 36.5727 ], [ 76.6432, 36.1835 ], [ 76.8006, 36.0473 ], [ 76.7216, 35.9529 ], [ 76.8106, 35.8443 ], [ 77.3571, 35.7172 ], [ 77.4853, 35.5315 ], [ 77.3209, 35.5363 ], [ 77.3806, 35.4761 ], [ 77.7323, 35.5241 ], [ 77.9812, 35.4554 ], [ 77.9511, 35.6065 ], [ 78.1359, 35.5384 ], [ 78.1983, 35.6687 ], [ 78.4218, 35.7848 ], [ 78.959, 35.8921 ], [ 79.131, 35.8357 ], [ 79.2139, 35.9783 ], [ 79.3765, 35.9948 ], [ 79.4205, 35.8961 ], [ 79.7359, 35.8015 ], [ 79.9975, 35.8373 ], [ 80.1065, 35.6805 ], [ 80.2898, 35.607 ], [ 80.327, 35.4721 ], [ 80.0674, 34.7144 ], [ 79.7743, 34.6272 ], [ 79.7924, 34.4847 ], [ 79.507, 34.4739 ], [ 79.5906, 34.2813 ], [ 79.4322, 34.0227 ], [ 79.1697, 34.0725 ], [ 78.9048, 33.9772 ], [ 79.1056, 33.6166 ], [ 78.9152, 33.632 ], [ 78.9522, 33.3808 ], [ 79.0958, 33.2943 ], [ 79.4519, 33.2601 ], [ 79.3305, 33.0118 ], [ 79.6257, 32.7391 ], [ 79.4466, 32.5323 ], [ 79.3192, 32.5925 ], [ 78.9839, 32.3378 ], [ 78.8258, 32.4385 ], [ 78.7677, 32.6968 ], [ 78.3264, 32.472 ], [ 78.3877, 32.7569 ], [ 78.0167, 32.6195 ], [ 77.7131, 32.9826 ], [ 77.35, 32.8155 ], [ 77.1497, 32.9781 ], [ 76.9655, 33.0041 ], [ 76.8175, 33.1584 ], [ 76.8432, 33.2469 ], [ 76.737, 33.2612 ], [ 76.6263, 33.4368 ], [ 76.3572, 33.6046 ], [ 76.2055, 33.5678 ], [ 76.2654, 33.7465 ], [ 76.0246, 33.9806 ], [ 75.8326, 33.9569 ], [ 75.6872, 34.1974 ], [ 75.3953, 34.293 ], [ 75.3633, 34.5381 ], [ 75.2088, 34.6363 ] ] ] } }
]
}
