{"type": "FeatureCollection", "features": [{"type": "Feature", "geometry": {"type": "Point", "coordinates": [-59.2824, -32.0275]}, "properties": {"name": "Entre R\u00edos", "min_label": 6.0}}, {"type": "Feature", "geometry": {"type": "Point", "coordinates": [-57.224, -32.0933]}, "properties": {"name": "Paysand\u00fa", "min_label": 8.0}}, {"type": "Feature", "geometry": {"type": "Point", "coordinates": [116.354, 1.28915]}, "properties": {"name": "Kalimantan Timur", "min_label": 4.6}}, {"type": "Feature", "geometry": {"type": "Point", "coordinates": [117.095, 5.31115]}, "properties": {"name": "Sabah", "min_label": 7.0}}, {"type": "Feature", "geometry": {"type": "Point", "coordinates": [-69.6804, -18.3207]}, "properties": {"name": "Arica y Parinacota", "min_label": 6.0}}, {"type": "Feature", "geometry": {"type": "Point", "coordinates": [-68.2128, -14.8335]}, "properties": {"name": "La Paz", "min_label": 6.6}}, {"type": "Feature", "geometry": {"type": "Point", "coordinates": [-67.5984, -18.7151]}, "properties": {"name": "Oruro", "min_label": 6.6}}, {"type": "Feature", "geometry": {"type": "Point", "coordinates": [-69.3683, -20.2427]}, "properties": {"name": "Tarapac\u00e1", "min_label": 6.0}}, {"type": "Feature", "geometry": {"type": "Point", "coordinates": [-66.7701, -20.9033]}, "properties": {"name": "Potos\u00ed", "min_label": 6.6}}, {"type": "Feature", "geometry": {"type": "Point", "coordinates": [-68.8739, -23.3178]}, "properties": {"name": "Antofagasta", "min_label": 6.0}}, {"type": "Feature", "geometry": {"type": "Point", "coordinates": [-70.3423, -17.5742]}, "properties": {"name": "Tacna", "min_label": 6.6}}, {"type": "Feature", "geometry": {"type": "Point", "coordinates": [-64.4715, -25.0203]}, "properties": {"name": "Salta", "min_label": 6.0}}, {"type": "Feature", "geometry": {"type": "Point", "coordinates": [-65.7054, -23.1764]}, "properties": {"name": "Jujuy", "min_label": 6.0}}, {"type": "Feature", "geometry": {"type": "Point", "coordinates": [33.7978, 35.0123]}, "properties": {"name": "Dhekelia", "min_label": 18.0}}, {"type": "Feature", "geometry": {"type": "Point", "coordinates": [33.8678, 34.9728]}, "properties": {"name": "Larnaca", "min_label": 8.7}}, {"type": "Feature", "geometry": {"type": "Point", "coordinates": [77.4806135651, 34.0255867581]}, "properties": {"name": "Ladakh", "min_label": 4.6}}, {"type": "Feature", "geometry": {"type": "Point", "coordinates": [85.4253, 41.122]}, "properties": {"name": "Xinjiang", "min_label": 4.6}}, {"type": "Feature", "geometry": {"type": "Point", "coordinates": [88.4137, 31.4515]}, "properties": {"name": "Xizang", "min_label": 4.6}}, {"type": "Feature", "geometry": {"type": "Point", "coordinates": [34.8419, 30.935]}, "properties": {"name": "HaDarom", "min_label": 8.0}}, {"type": "Feature", "geometry": {"type": "Point", "coordinates": [34.3654, 31.4263]}, "properties": {"name": "Gaza Strip", "min_label": 18.0}}, {"type": "Feature", "geometry": {"type": "Point", "coordinates": [35.4202, 32.8235]}, "properties": {"name": "HaZafon", "min_label": 8.0}}, {"type": "Feature", "geometry": {"type": "Point", "coordinates": [35.2918, 32.003]}, "properties": {"name": "West Bank", "min_label": 18.0}}, {"type": "Feature", "geometry": {"type": "Point", "coordinates": [34.9727, 32.5523]}, "properties": {"name": "Haifa", "min_label": 8.0}}, {"type": "Feature", "geometry": {"type": "Point", "coordinates": [34.8491, 31.9068]}, "properties": {"name": "HaMerkaz", "min_label": 8.0}}, {"type": "Feature", "geometry": {"type": "Point", "coordinates": [35.5666, 33.3303]}, "properties": {"name": "An Nabatiyah", "min_label": 8.7}}, {"type": "Feature", "geometry": {"type": "Point", "coordinates": [35.2966, 33.2661]}, "properties": {"name": "South Lebanon", "min_label": 8.7}}, {"type": "Feature", "geometry": {"type": "Point", "coordinates": [36.4494, 6.21467]}, "properties": {"name": "Southern Nations, Nationalities and Peoples", "min_label": 6.6}}, {"type": "Feature", "geometry": {"type": "Point", "coordinates": [33.5351, 4.79636]}, "properties": {"name": "Eastern Equatoria", "min_label": 6.6}}, {"type": "Feature", "geometry": {"type": "Point", "coordinates": [43.5345, 7.09365]}, "properties": {"name": "Somali", "min_label": 6.6}}, {"type": "Feature", "geometry": {"type": "Point", "coordinates": [48.849, 8.46102]}, "properties": {"name": "Nugaal", "min_label": 7.0}}, {"type": "Feature", "geometry": {"type": "Point", "coordinates": [48.1009, 5.51036]}, "properties": {"name": "Mudug", "min_label": 7.0}}, {"type": "Feature", "geometry": {"type": "Point", "coordinates": [46.6795, 5.09616]}, "properties": {"name": "Galguduud", "min_label": 7.0}}, {"type": "Feature", "geometry": {"type": "Point", "coordinates": [45.4984, 4.36813]}, "properties": {"name": "Hiiraan", "min_label": 7.0}}, {"type": "Feature", "geometry": {"type": "Point", "coordinates": [43.835, 4.40611]}, "properties": {"name": "Bakool", "min_label": 7.0}}, {"type": "Feature", "geometry": {"type": "Point", "coordinates": [42.0524, 3.05384]}, "properties": {"name": "Gedo", "min_label": 7.0}}, {"type": "Feature", "geometry": {"type": "Point", "coordinates": [36.0169, 1.15655]}, "properties": {"name": "Rift Valley", "min_label": 6.6}}, {"type": "Feature", "geometry": {"type": "Point", "coordinates": [33.8876, -10.0267]}, "properties": {"name": "Chitipa", "min_label": 8.7}}, {"type": "Feature", "geometry": {"type": "Point", "coordinates": [33.5281, -8.29695]}, "properties": {"name": "Mbeya", "min_label": 6.7}}, {"type": "Feature", "geometry": {"type": "Point", "coordinates": [34.8871, -9.39902]}, "properties": {"name": "Njombe", "min_label": 6.7}}, {"type": "Feature", "geometry": {"type": "Point", "coordinates": [36.3365, -10.7136]}, "properties": {"name": "Ruvuma", "min_label": 6.7}}, {"type": "Feature", "geometry": {"type": "Point", "coordinates": [33.953, -10.7114]}, "properties": {"name": "Rumphi", "min_label": 8.7}}, {"type": "Feature", "geometry": {"type": "Point", "coordinates": [34.1604, -11.6281]}, "properties": {"name": "Nkhata Bay", "min_label": 8.7}}, {"type": "Feature", "geometry": {"type": "Point", "coordinates": [94.4673, 28.4056]}, "properties": {"name": "Arunachal Pradesh", "min_label": 4.6}}, {"type": "Feature", "geometry": {"type": "Point", "coordinates": [35.8621, 33.1509]}, "properties": {"name": "UNDOF", "min_label": 7.0}}, {"type": "Feature", "geometry": {"type": "Point", "coordinates": [45.7932, 9.63996]}, "properties": {"name": "Somaliland", "min_label": 18.0}}, {"type": "Feature", "geometry": {"type": "Point", "coordinates": [50.1777, 9.95583]}, "properties": {"name": "Bari", "min_label": 7.0}}, {"type": "Feature", "geometry": {"type": "Point", "coordinates": [-53.1324, 3.85831]}, "properties": {"name": "Guyane fran\u00e7aise", "min_label": 8.0}}, {"type": "Feature", "geometry": {"type": "Point", "coordinates": [-55.9918, 3.53162]}, "properties": {"name": "Sipaliwini", "min_label": 8.0}}, {"type": "Feature", "geometry": {"type": "Point", "coordinates": [-57.4923, 2.56716]}, "properties": {"name": "Mahaica-Berbice", "min_label": 8.0}}, {"type": "Feature", "geometry": {"type": "Point", "coordinates": [128.22, 37.7951]}, "properties": {"name": "Gangwon", "min_label": 8.0}}, {"type": "Feature", "geometry": {"type": "Point", "coordinates": [127.521, 38.7273]}, "properties": {"name": "Kangw\u014fn-do", "min_label": 8.0}}, {"type": "Feature", "geometry": {"type": "Point", "coordinates": [127.205, 37.2562]}, "properties": {"name": "Gyeonggi", "min_label": 8.0}}, {"type": "Feature", "geometry": {"type": "Point", "coordinates": [126.297, 38.5962]}, "properties": {"name": "Hwanghae-bukto", "min_label": 8.0}}, {"type": "Feature", "geometry": {"type": "Point", "coordinates": [-10.0502, 28.1581]}, "properties": {"name": "Guelmim - Es-Semara", "min_label": 7.7}}, {"type": "Feature", "geometry": {"type": "Point", "coordinates": [-12.8924, 23.813]}, "properties": {"name": "Western Sahara", "min_label": 18.0}}, {"type": "Feature", "geometry": {"type": "Point", "coordinates": [-13.278, 25.9492]}, "properties": {"name": "La\u00e2youne - Boujdour - Sakia El Hamra", "min_label": 7.7}}, {"type": "Feature", "geometry": {"type": "Point", "coordinates": [-14.9815, 23.0116]}, "properties": {"name": "Oued el Dahab", "min_label": 7.7}}, {"type": "Feature", "geometry": {"type": "Point", "coordinates": [-84.7995, 10.7527]}, "properties": {"name": "Alajuela", "min_label": 7.7}}, {"type": "Feature", "geometry": {"type": "Point", "coordinates": [-84.5184, 11.1691]}, "properties": {"name": "Rio San Juan", "min_label": 7.7}}, {"type": "Feature", "geometry": {"type": "Point", "coordinates": [17.5344, 1.45488]}, "properties": {"name": "Likouala", "min_label": 6.7}}, {"type": "Feature", "geometry": {"type": "Point", "coordinates": [20.4731, 1.21836]}, "properties": {"name": "\u00c9quateur", "min_label": 6.0}}, {"type": "Feature", "geometry": {"type": "Point", "coordinates": [15.9548, -0.393114]}, "properties": {"name": "Cuvette", "min_label": 6.7}}, {"type": "Feature", "geometry": {"type": "Point", "coordinates": [15.3777, -2.04221]}, "properties": {"name": "Plateaux", "min_label": 6.7}}, {"type": "Feature", "geometry": {"type": "Point", "coordinates": [18.4474, -4.61778]}, "properties": {"name": "Bandundu", "min_label": 6.0}}, {"type": "Feature", "geometry": {"type": "Point", "coordinates": [15.0436, -3.71115]}, "properties": {"name": "Pool", "min_label": 6.7}}, {"type": "Feature", "geometry": {"type": "Point", "coordinates": [15.3319, -4.06879]}, "properties": {"name": "Brazzaville", "min_label": 6.7}}, {"type": "Feature", "geometry": {"type": "Point", "coordinates": [15.8492, -4.49522]}, "properties": {"name": "Kinshasa City", "min_label": 6.0}}, {"type": "Feature", "geometry": {"type": "Point", "coordinates": [14.2052, -5.31907]}, "properties": {"name": "Bas-Congo", "min_label": 6.0}}, {"type": "Feature", "geometry": {"type": "Point", "coordinates": [13.491, -4.36333]}, "properties": {"name": "Bouenza", "min_label": 6.7}}, {"type": "Feature", "geometry": {"type": "Point", "coordinates": [12.3646, -2.97914]}, "properties": {"name": "Niari", "min_label": 6.7}}, {"type": "Feature", "geometry": {"type": "Point", "coordinates": [91.5121, 27.676]}, "properties": {"name": "Tashi Yangtse", "min_label": 8.7}}, {"type": "Feature", "geometry": {"type": "Point", "coordinates": [91.0822, 27.6977]}, "properties": {"name": "Lhuntshi", "min_label": 8.7}}, {"type": "Feature", "geometry": {"type": "Point", "coordinates": [90.7042, 27.7219]}, "properties": {"name": "Bumthang", "min_label": 8.7}}, {"type": "Feature", "geometry": {"type": "Point", "coordinates": [32.0287, 51.2597]}, "properties": {"name": "Chernihiv", "min_label": 6.7}}, {"type": "Feature", "geometry": {"type": "Point", "coordinates": [29.5189, 52.1969]}, "properties": {"name": "Gomel", "min_label": 6.6}}, {"type": "Feature", "geometry": {"type": "Point", "coordinates": [24.8444, 51.1247]}, "properties": {"name": "Volyn", "min_label": 6.7}}, {"type": "Feature", "geometry": {"type": "Point", "coordinates": [25.3826, 52.4289]}, "properties": {"name": "Brest", "min_label": 6.6}}, {"type": "Feature", "geometry": {"type": "Point", "coordinates": [26.3841, 51.048]}, "properties": {"name": "Rivne", "min_label": 6.7}}, {"type": "Feature", "geometry": {"type": "Point", "coordinates": [28.4643, 50.6898]}, "properties": {"name": "Zhytomyr", "min_label": 6.7}}, {"type": "Feature", "geometry": {"type": "Point", "coordinates": [31.0214, 50.0894]}, "properties": {"name": "Kiev", "min_label": 6.7}}, {"type": "Feature", "geometry": {"type": "Point", "coordinates": [17.4903, -27.0276]}, "properties": {"name": "Karas", "min_label": 6.0}}, {"type": "Feature", "geometry": {"type": "Point", "coordinates": [20.9961, -29.7437]}, "properties": {"name": "Northern Cape", "min_label": 4.6}}, {"type": "Feature", "geometry": {"type": "Point", "coordinates": [36.1086, 34.0494]}, "properties": {"name": "Beqaa", "min_label": 8.7}}, {"type": "Feature", "geometry": {"type": "Point", "coordinates": [36.0424, 34.3933]}, "properties": {"name": "North Lebanon", "min_label": 8.7}}, {"type": "Feature", "geometry": {"type": "Point", "coordinates": [38.1425, 34.1503]}, "properties": {"name": "Homs (Hims)", "min_label": 7.0}}, {"type": "Feature", "geometry": {"type": "Point", "coordinates": [36.0901, 34.9274]}, "properties": {"name": "Tartus", "min_label": 7.0}}, {"type": "Feature", "geometry": {"type": "Point", "coordinates": [37.0728, 33.5286]}, "properties": {"name": "Rif Dimashq", "min_label": 7.0}}, {"type": "Feature", "geometry": {"type": "Point", "coordinates": [-63.078, 18.0799]}, "properties": {"name": "St. Martin", "min_label": 11.0}}, {"type": "Feature", "geometry": {"type": "Point", "coordinates": [-63.0677, 18.0401]}, "properties": {"name": "Sint Maarten", "min_label": 11.0}}, {"type": "Feature", "geometry": {"type": "Point", "coordinates": [56.2221, 25.4752]}, "properties": {"name": "Fujayrah", "min_label": 8.7}}, {"type": "Feature", "geometry": {"type": "Point", "coordinates": [56.2943, 25.9744]}, "properties": {"name": "Musandam", "min_label": 8.7}}, {"type": "Feature", "geometry": {"type": "Point", "coordinates": [55.7788, 25.172]}, "properties": {"name": "Sharjah", "min_label": 8.7}}, {"type": "Feature", "geometry": {"type": "Point", "coordinates": [55.9791, 25.6964]}, "properties": {"name": "Ras Al Khaymah", "min_label": 8.7}}, {"type": "Feature", "geometry": {"type": "Point", "coordinates": [34.706, -12.0727]}, "properties": {"name": "Likoma", "min_label": 8.7}}, {"type": "Feature", "geometry": {"type": "Point", "coordinates": [71.7275, 39.9347]}, "properties": {"name": "Ferghana", "min_label": 6.6}}, {"type": "Feature", "geometry": {"type": "Point", "coordinates": [81.9768, 48.3405]}, "properties": {"name": "East Kazakhstan", "min_label": 6.0}}, {"type": "Feature", "geometry": {"type": "Point", "coordinates": [78.2246, 45.0707]}, "properties": {"name": "Almaty", "min_label": 6.0}}, {"type": "Feature", "geometry": {"type": "Point", "coordinates": [69.1609, 39.6335]}, "properties": {"name": "Leninabad", "min_label": 6.7}}, {"type": "Feature", "geometry": {"type": "Point", "coordinates": [28.6747, 55.3073]}, "properties": {"name": "Vitebsk", "min_label": 6.6}}, {"type": "Feature", "geometry": {"type": "Point", "coordinates": [25.622, 55.5267]}, "properties": {"name": "Utenos", "min_label": 7.0}}, {"type": "Feature", "geometry": {"type": "Point", "coordinates": [25.1588, 54.7338]}, "properties": {"name": "Vilniaus", "min_label": 7.0}}, {"type": "Feature", "geometry": {"type": "Point", "coordinates": [25.0839, 53.4855]}, "properties": {"name": "Grodno", "min_label": 6.6}}, {"type": "Feature", "geometry": {"type": "Point", "coordinates": [24.167, 54.2544]}, "properties": {"name": "Alytaus", "min_label": 7.0}}, {"type": "Feature", "geometry": {"type": "Point", "coordinates": [-53.656, -29.7277]}, "properties": {"name": "Rio Grande do Sul", "min_label": 3.0}}, {"type": "Feature", "geometry": {"type": "Point", "coordinates": [-56.9399, -30.5719]}, "properties": {"name": "Artigas", "min_label": 8.0}}, {"type": "Feature", "geometry": {"type": "Point", "coordinates": [114.261, 48.7766]}, "properties": {"name": "Dornod", "min_label": 6.0}}, {"type": "Feature", "geometry": {"type": "Point", "coordinates": [111.623, 41.5938]}, "properties": {"name": "Inner Mongol", "min_label": 4.6}}, {"type": "Feature", "geometry": {"type": "Point", "coordinates": [89.8127, 48.8811]}, "properties": {"name": "Bayan-\u00d6lgiy", "min_label": 6.0}}, {"type": "Feature", "geometry": {"type": "Point", "coordinates": [92.4584, 46.8037]}, "properties": {"name": "Hovd", "min_label": 6.0}}, {"type": "Feature", "geometry": {"type": "Point", "coordinates": [113.904, 46.1847]}, "properties": {"name": "S\u00fchbaatar", "min_label": 6.0}}, {"type": "Feature", "geometry": {"type": "Point", "coordinates": [109.825, 44.4088]}, "properties": {"name": "Dornogovi", "min_label": 6.0}}, {"type": "Feature", "geometry": {"type": "Point", "coordinates": [95.7776, 45.4627]}, "properties": {"name": "Govi-Altay", "min_label": 6.0}}, {"type": "Feature", "geometry": {"type": "Point", "coordinates": [100.735, 38.7393]}, "properties": {"name": "Gansu", "min_label": 4.6}}, {"type": "Feature", "geometry": {"type": "Point", "coordinates": [99.6955, 45.8317]}, "properties": {"name": "Bayanhongor", "min_label": 6.0}}, {"type": "Feature", "geometry": {"type": "Point", "coordinates": [103.762, 43.4636]}, "properties": {"name": "\u00d6mn\u00f6govi", "min_label": 6.0}}, {"type": "Feature", "geometry": {"type": "Point", "coordinates": [86.937, 50.9782]}, "properties": {"name": "Gorno-Altay", "min_label": 4.7}}, {"type": "Feature", "geometry": {"type": "Point", "coordinates": [13.8424, 50.4996]}, "properties": {"name": "\u00dasteck\u00fd", "min_label": 7.7}}, {"type": "Feature", "geometry": {"type": "Point", "coordinates": [13.4596, 51.0053]}, "properties": {"name": "Sachsen", "min_label": 6.6}}, {"type": "Feature", "geometry": {"type": "Point", "coordinates": [14.9186, 50.7339]}, "properties": {"name": "Libereck\u00fd", "min_label": 7.7}}, {"type": "Feature", "geometry": {"type": "Point", "coordinates": [12.7286, 50.1601]}, "properties": {"name": "Karlovarsk\u00fd", "min_label": 7.7}}, {"type": "Feature", "geometry": {"type": "Point", "coordinates": [11.3966, 49.0056]}, "properties": {"name": "Bayern", "min_label": 6.6}}, {"type": "Feature", "geometry": {"type": "Point", "coordinates": [13.2001, 49.6458]}, "properties": {"name": "Plze\u0148sk\u00fd", "min_label": 7.7}}, {"type": "Feature", "geometry": {"type": "Point", "coordinates": [14.5598, 49.0726]}, "properties": {"name": "Jiho\u010desk\u00fd", "min_label": 7.7}}, {"type": "Feature", "geometry": {"type": "Point", "coordinates": [25.5603, 58.3005]}, "properties": {"name": "Viljandi", "min_label": 7.0}}, {"type": "Feature", "geometry": {"type": "Point", "coordinates": [25.2607, 57.8851]}, "properties": {"name": "Rujienas", "min_label": 10.0}}, {"type": "Feature", "geometry": {"type": "Point", "coordinates": [25.0276, 57.9137]}, "properties": {"name": "Mazsalacas", "min_label": 10.0}}, {"type": "Feature", "geometry": {"type": "Point", "coordinates": [23.9802, 58.1294]}, "properties": {"name": "P\u00e4rnu", "min_label": 7.0}}, {"type": "Feature", "geometry": {"type": "Point", "coordinates": [24.8231, 57.8074]}, "properties": {"name": "Alojas", "min_label": 10.0}}, {"type": "Feature", "geometry": {"type": "Point", "coordinates": [26.0733, 57.9402]}, "properties": {"name": "Valga", "min_label": 7.0}}, {"type": "Feature", "geometry": {"type": "Point", "coordinates": [25.4406, 57.926]}, "properties": {"name": "Nauksenu", "min_label": 10.0}}, {"type": "Feature", "geometry": {"type": "Point", "coordinates": [24.41, 57.746]}, "properties": {"name": "Salacgrivas", "min_label": 10.0}}, {"type": "Feature", "geometry": {"type": "Point", "coordinates": [26.9602, 57.7735]}, "properties": {"name": "V\u00f5ru", "min_label": 7.0}}, {"type": "Feature", "geometry": {"type": "Point", "coordinates": [26.4999, 57.4556]}, "properties": {"name": "Apes", "min_label": 10.0}}, {"type": "Feature", "geometry": {"type": "Point", "coordinates": [26.0635, 57.6587]}, "properties": {"name": "Valkas", "min_label": 10.0}}, {"type": "Feature", "geometry": {"type": "Point", "coordinates": [27.1693, 57.4151]}, "properties": {"name": "Aluksne", "min_label": 10.0}}, {"type": "Feature", "geometry": {"type": "Point", "coordinates": [29.1229, 57.2449]}, "properties": {"name": "Pskov", "min_label": 4.7}}, {"type": "Feature", "geometry": {"type": "Point", "coordinates": [27.6287, 57.1775]}, "properties": {"name": "Vilakas", "min_label": 10.0}}, {"type": "Feature", "geometry": {"type": "Point", "coordinates": [27.6041, 56.924]}, "properties": {"name": "Baltinavas", "min_label": 10.0}}, {"type": "Feature", "geometry": {"type": "Point", "coordinates": [27.6287, 56.7645]}, "properties": {"name": "Karsavas", "min_label": 10.0}}, {"type": "Feature", "geometry": {"type": "Point", "coordinates": [27.8618, 56.6132]}, "properties": {"name": "Ciblas", "min_label": 10.0}}, {"type": "Feature", "geometry": {"type": "Point", "coordinates": [27.796, 56.4059]}, "properties": {"name": "Ludzas", "min_label": 10.0}}, {"type": "Feature", "geometry": {"type": "Point", "coordinates": [28.1072, 56.3391]}, "properties": {"name": "Zilupes", "min_label": 10.0}}, {"type": "Feature", "geometry": {"type": "Point", "coordinates": [24.9143, 56.0725]}, "properties": {"name": "Panevezio", "min_label": 7.0}}, {"type": "Feature", "geometry": {"type": "Point", "coordinates": [25.1056, 56.3246]}, "properties": {"name": "Neretas", "min_label": 10.0}}, {"type": "Feature", "geometry": {"type": "Point", "coordinates": [25.5306, 56.2901]}, "properties": {"name": "Viesites", "min_label": 10.0}}, {"type": "Feature", "geometry": {"type": "Point", "coordinates": [24.6268, 56.4823]}, "properties": {"name": "Vecumnieku", "min_label": 10.0}}, {"type": "Feature", "geometry": {"type": "Point", "coordinates": [22.1086, 56.0398]}, "properties": {"name": "Tel\u0161iai", "min_label": 7.0}}, {"type": "Feature", "geometry": {"type": "Point", "coordinates": [22.4024, 56.6408]}, "properties": {"name": "Saldus", "min_label": 10.0}}, {"type": "Feature", "geometry": {"type": "Point", "coordinates": [21.3879, 55.6254]}, "properties": {"name": "Klaipedos", "min_label": 7.0}}, {"type": "Feature", "geometry": {"type": "Point", "coordinates": [21.2115, 56.2259]}, "properties": {"name": "Rucavas", "min_label": 10.0}}, {"type": "Feature", "geometry": {"type": "Point", "coordinates": [21.555, 56.4189]}, "properties": {"name": "Priekules", "min_label": 10.0}}, {"type": "Feature", "geometry": {"type": "Point", "coordinates": [21.8331, 56.432]}, "properties": {"name": "Vainodes", "min_label": 10.0}}, {"type": "Feature", "geometry": {"type": "Point", "coordinates": [23.2677, 55.9585]}, "properties": {"name": "\u0160iauliai", "min_label": 7.0}}, {"type": "Feature", "geometry": {"type": "Point", "coordinates": [22.9664, 56.4782]}, "properties": {"name": "Auces", "min_label": 10.0}}, {"type": "Feature", "geometry": {"type": "Point", "coordinates": [24.269, 56.4223]}, "properties": {"name": "Bauska", "min_label": 10.0}}, {"type": "Feature", "geometry": {"type": "Point", "coordinates": [23.314, 56.425]}, "properties": {"name": "Tervetes", "min_label": 10.0}}, {"type": "Feature", "geometry": {"type": "Point", "coordinates": [23.6461, 56.4939]}, "properties": {"name": "Jelgava", "min_label": 10.0}}, {"type": "Feature", "geometry": {"type": "Point", "coordinates": [23.9643, 56.4087]}, "properties": {"name": "Rundales", "min_label": 10.0}}, {"type": "Feature", "geometry": {"type": "Point", "coordinates": [25.7883, 56.1592]}, "properties": {"name": "Aknistes", "min_label": 10.0}}, {"type": "Feature", "geometry": {"type": "Point", "coordinates": [26.1768, 55.9997]}, "properties": {"name": "Ilukstes", "min_label": 10.0}}, {"type": "Feature", "geometry": {"type": "Point", "coordinates": [26.589, 56.043]}, "properties": {"name": "Daugavpils", "min_label": 10.0}}, {"type": "Feature", "geometry": {"type": "Point", "coordinates": [19.0835, 68.9053]}, "properties": {"name": "Troms", "min_label": 6.7}}, {"type": "Feature", "geometry": {"type": "Point", "coordinates": [20.4529, 66.837]}, "properties": {"name": "Norrbotten", "min_label": 6.7}}, {"type": "Feature", "geometry": {"type": "Point", "coordinates": [14.7203, 66.7347]}, "properties": {"name": "Nordland", "min_label": 6.7}}, {"type": "Feature", "geometry": {"type": "Point", "coordinates": [18.3726, 64.7048]}, "properties": {"name": "V\u00e4sterbotten", "min_label": 6.7}}, {"type": "Feature", "geometry": {"type": "Point", "coordinates": [14.4806, 63.3306]}, "properties": {"name": "J\u00e4mtland", "min_label": 6.7}}, {"type": "Feature", "geometry": {"type": "Point", "coordinates": [12.2637, 64.2773]}, "properties": {"name": "Nord-Tr\u00f8ndelag", "min_label": 6.7}}, {"type": "Feature", "geometry": {"type": "Point", "coordinates": [10.6956, 62.9613]}, "properties": {"name": "S\u00f8r-Tr\u00f8ndelag", "min_label": 6.7}}, {"type": "Feature", "geometry": {"type": "Point", "coordinates": [11.2721, 61.5285]}, "properties": {"name": "Hedmark", "min_label": 6.7}}, {"type": "Feature", "geometry": {"type": "Point", "coordinates": [14.4404, 60.814]}, "properties": {"name": "Dalarna", "min_label": 6.7}}, {"type": "Feature", "geometry": {"type": "Point", "coordinates": [13.0764, 59.8068]}, "properties": {"name": "V\u00e4rmland", "min_label": 6.7}}, {"type": "Feature", "geometry": {"type": "Point", "coordinates": [11.2222, 60.1365]}, "properties": {"name": "Akershus", "min_label": 6.7}}, {"type": "Feature", "geometry": {"type": "Point", "coordinates": [11.2074, 59.4065]}, "properties": {"name": "\u00d8stfold", "min_label": 6.7}}, {"type": "Feature", "geometry": {"type": "Point", "coordinates": [12.8371, 58.2428]}, "properties": {"name": "V\u00e4stra G\u00f6taland", "min_label": 6.7}}, {"type": "Feature", "geometry": {"type": "Point", "coordinates": [26.5614, 67.5811]}, "properties": {"name": "Lapland", "min_label": 6.7}}, {"type": "Feature", "geometry": {"type": "Point", "coordinates": [24.4789, 69.5648]}, "properties": {"name": "Finnmark", "min_label": 6.7}}, {"type": "Feature", "geometry": {"type": "Point", "coordinates": [107.969, 14.7451]}, "properties": {"name": "Kon Tum", "min_label": 8.0}}, {"type": "Feature", "geometry": {"type": "Point", "coordinates": [107.082, 13.2418]}, "properties": {"name": "R\u00f4t\u00e2n\u00f4kiri", "min_label": 8.0}}, {"type": "Feature", "geometry": {"type": "Point", "coordinates": [107.66, 12.1425]}, "properties": {"name": "\u0110\u1eafk N\u00f4ng", "min_label": 8.0}}, {"type": "Feature", "geometry": {"type": "Point", "coordinates": [106.961, 12.6284]}, "properties": {"name": "M\u00f4nd\u00f3l Kiri", "min_label": 8.0}}, {"type": "Feature", "geometry": {"type": "Point", "coordinates": [108.133, 12.7691]}, "properties": {"name": "\u0110\u1eafk L\u1eafk", "min_label": 8.0}}, {"type": "Feature", "geometry": {"type": "Point", "coordinates": [108.156, 13.8493]}, "properties": {"name": "Gia Lai", "min_label": 8.0}}, {"type": "Feature", "geometry": {"type": "Point", "coordinates": [106.897, 11.6805]}, "properties": {"name": "B\u00ecnh Ph\u01b0\u1edbc", "min_label": 8.0}}, {"type": "Feature", "geometry": {"type": "Point", "coordinates": [106.184, 12.66]}, "properties": {"name": "Kr\u00e2ch\u00e9h", "min_label": 8.0}}, {"type": "Feature", "geometry": {"type": "Point", "coordinates": [106.14, 11.4121]}, "properties": {"name": "T\u00e2y Ninh", "min_label": 8.0}}, {"type": "Feature", "geometry": {"type": "Point", "coordinates": [105.629, 12.1206]}, "properties": {"name": "K\u00e2mp\u00f3ng Cham", "min_label": 8.0}}, {"type": "Feature", "geometry": {"type": "Point", "coordinates": [105.888, 11.0416]}, "properties": {"name": "Svay Rieng", "min_label": 8.0}}, {"type": "Feature", "geometry": {"type": "Point", "coordinates": [105.473, 11.3561]}, "properties": {"name": "Prey V\u00eang", "min_label": 8.0}}, {"type": "Feature", "geometry": {"type": "Point", "coordinates": [106.134, 10.6869]}, "properties": {"name": "Long An", "min_label": 8.0}}, {"type": "Feature", "geometry": {"type": "Point", "coordinates": [105.586, 10.6644]}, "properties": {"name": "\u00d0ong Th\u00e1p", "min_label": 8.0}}, {"type": "Feature", "geometry": {"type": "Point", "coordinates": [105.154, 10.5736]}, "properties": {"name": "An Giang", "min_label": 8.0}}, {"type": "Feature", "geometry": {"type": "Point", "coordinates": [104.973, 11.5453]}, "properties": {"name": "K\u00e2ndal", "min_label": 8.0}}, {"type": "Feature", "geometry": {"type": "Point", "coordinates": [104.751, 10.9346]}, "properties": {"name": "Tak\u00eav", "min_label": 8.0}}, {"type": "Feature", "geometry": {"type": "Point", "coordinates": [105.284, 9.85962]}, "properties": {"name": "Ki\u00ean Giang", "min_label": 8.0}}, {"type": "Feature", "geometry": {"type": "Point", "coordinates": [104.328, 10.8503]}, "properties": {"name": "K\u00e2mp\u00f4t", "min_label": 8.0}}, {"type": "Feature", "geometry": {"type": "Point", "coordinates": [7.36974, 49.8685]}, "properties": {"name": "Rheinland-Pfalz", "min_label": 6.6}}, {"type": "Feature", "geometry": {"type": "Point", "coordinates": [6.00481, 49.9763]}, "properties": {"name": "Diekirch", "min_label": 8.7}}, {"type": "Feature", "geometry": {"type": "Point", "coordinates": [6.33835, 49.6474]}, "properties": {"name": "Grevenmacher", "min_label": 8.7}}, {"type": "Feature", "geometry": {"type": "Point", "coordinates": [6.86625, 49.4026]}, "properties": {"name": "Saarland", "min_label": 6.6}}, {"type": "Feature", "geometry": {"type": "Point", "coordinates": [3.22709, 50.403]}, "properties": {"name": "Nord", "min_label": 8.0}}, {"type": "Feature", "geometry": {"type": "Point", "coordinates": [3.02202, 51.0312]}, "properties": {"name": "West Flanders", "min_label": 8.7}}, {"type": "Feature", "geometry": {"type": "Point", "coordinates": [3.88925, 50.521]}, "properties": {"name": "Hainaut", "min_label": 8.7}}, {"type": "Feature", "geometry": {"type": "Point", "coordinates": [4.62417, 49.5403]}, "properties": {"name": "Ardennes", "min_label": 8.0}}, {"type": "Feature", "geometry": {"type": "Point", "coordinates": [4.88712, 50.3244]}, "properties": {"name": "Namur", "min_label": 8.7}}, {"type": "Feature", "geometry": {"type": "Point", "coordinates": [3.51554, 49.5667]}, "properties": {"name": "Aisne", "min_label": 8.0}}, {"type": "Feature", "geometry": {"type": "Point", "coordinates": [5.50117, 49.9637]}, "properties": {"name": "Luxembourg", "min_label": 8.7}}, {"type": "Feature", "geometry": {"type": "Point", "coordinates": [5.50884, 48.9505]}, "properties": {"name": "Meuse", "min_label": 8.0}}, {"type": "Feature", "geometry": {"type": "Point", "coordinates": [6.27603, 48.7055]}, "properties": {"name": "Meurthe-et-Moselle", "min_label": 8.0}}, {"type": "Feature", "geometry": {"type": "Point", "coordinates": [5.67651, 50.5794]}, "properties": {"name": "Liege", "min_label": 8.7}}, {"type": "Feature", "geometry": {"type": "Point", "coordinates": [6.05114, 49.6376]}, "properties": {"name": "Luxembourg", "min_label": 8.7}}, {"type": "Feature", "geometry": {"type": "Point", "coordinates": [39.4688, 45.8397]}, "properties": {"name": "Krasnodar", "min_label": 4.7}}, {"type": "Feature", "geometry": {"type": "Point", "coordinates": [41.0701, 43.1479]}, "properties": {"name": "Abkhazia", "min_label": 7.7}}, {"type": "Feature", "geometry": {"type": "Point", "coordinates": [41.6866, 43.7073]}, "properties": {"name": "Karachay-Cherkess", "min_label": 4.7}}, {"type": "Feature", "geometry": {"type": "Point", "coordinates": [43.3982, 43.3757]}, "properties": {"name": "Kabardin-Balkar", "min_label": 4.7}}, {"type": "Feature", "geometry": {"type": "Point", "coordinates": [42.3632, 42.5492]}, "properties": {"name": "Samegrelo-Zemo Svaneti", "min_label": 7.7}}, {"type": "Feature", "geometry": {"type": "Point", "coordinates": [44.1653, 42.9969]}, "properties": {"name": "North Ossetia", "min_label": 4.7}}, {"type": "Feature", "geometry": {"type": "Point", "coordinates": [43.9997, 42.1586]}, "properties": {"name": "Shida Kartli", "min_label": 7.7}}, {"type": "Feature", "geometry": {"type": "Point", "coordinates": [43.1304, 42.6296]}, "properties": {"name": "Racha-Lechkhumi-Kvemo Svaneti", "min_label": 7.7}}, {"type": "Feature", "geometry": {"type": "Point", "coordinates": [44.8468, 43.3661]}, "properties": {"name": "Ingush", "min_label": 4.7}}, {"type": "Feature", "geometry": {"type": "Point", "coordinates": [44.7435, 42.2106]}, "properties": {"name": "Mtskheta-Mtianeti", "min_label": 7.7}}, {"type": "Feature", "geometry": {"type": "Point", "coordinates": [45.757, 43.2153]}, "properties": {"name": "Chechnya", "min_label": 4.7}}, {"type": "Feature", "geometry": {"type": "Point", "coordinates": [45.8579, 41.6527]}, "properties": {"name": "Kakheti", "min_label": 7.7}}, {"type": "Feature", "geometry": {"type": "Point", "coordinates": [47.1424, 42.36]}, "properties": {"name": "Dagestan", "min_label": 4.7}}, {"type": "Feature", "geometry": {"type": "Point", "coordinates": [20.602, 41.1813]}, "properties": {"name": "Struga", "min_label": 10.0}}, {"type": "Feature", "geometry": {"type": "Point", "coordinates": [20.1772, 41.608]}, "properties": {"name": "Dib\u00ebr", "min_label": 9.0}}, {"type": "Feature", "geometry": {"type": "Point", "coordinates": [20.5799, 41.4644]}, "properties": {"name": "Centar \u017eupa", "min_label": 10.0}}, {"type": "Feature", "geometry": {"type": "Point", "coordinates": [20.5863, 41.541]}, "properties": {"name": "Debar", "min_label": 10.0}}, {"type": "Feature", "geometry": {"type": "Point", "coordinates": [20.6986, 41.6315]}, "properties": {"name": "Mavrovo and Rostusa", "min_label": 10.0}}, {"type": "Feature", "geometry": {"type": "Point", "coordinates": [20.8095, 41.7855]}, "properties": {"name": "Gostivar", "min_label": 10.0}}, {"type": "Feature", "geometry": {"type": "Point", "coordinates": [20.1933, 42.0902]}, "properties": {"name": "Kuk\u00ebs", "min_label": 9.0}}, {"type": "Feature", "geometry": {"type": "Point", "coordinates": [20.6648, 40.6138]}, "properties": {"name": "Kor\u00e7\u00eb", "min_label": 9.0}}, {"type": "Feature", "geometry": {"type": "Point", "coordinates": [20.1358, 41.0299]}, "properties": {"name": "Elbasan", "min_label": 9.0}}, {"type": "Feature", "geometry": {"type": "Point", "coordinates": [20.5689, 41.2362]}, "properties": {"name": "Vev\u010dani", "min_label": 10.0}}, {"type": "Feature", "geometry": {"type": "Point", "coordinates": [20.8501, 41.0273]}, "properties": {"name": "Ohrid", "min_label": 10.0}}, {"type": "Feature", "geometry": {"type": "Point", "coordinates": [20.8594, 41.3337]}, "properties": {"name": "Debarca", "min_label": 10.0}}, {"type": "Feature", "geometry": {"type": "Point", "coordinates": [21.0472, 41.027]}, "properties": {"name": "Resen", "min_label": 10.0}}, {"type": "Feature", "geometry": {"type": "Point", "coordinates": [45.2004, 41.0778]}, "properties": {"name": "Qazax", "min_label": 9.0}}, {"type": "Feature", "geometry": {"type": "Point", "coordinates": [20.2468, 42.527]}, "properties": {"name": "De\u010dani", "min_label": 10.0}}, {"type": "Feature", "geometry": {"type": "Point", "coordinates": [20.4124, 42.3724]}, "properties": {"name": "\u0110akovica", "min_label": 10.0}}, {"type": "Feature", "geometry": {"type": "Point", "coordinates": [20.6774, 41.9926]}, "properties": {"name": "Draga\u0161", "min_label": 10.0}}, {"type": "Feature", "geometry": {"type": "Point", "coordinates": [20.7289, 42.1884]}, "properties": {"name": "Prizren", "min_label": 10.0}}, {"type": "Feature", "geometry": {"type": "Point", "coordinates": [42.8342, 41.1809]}, "properties": {"name": "Ardahan", "min_label": 7.0}}, {"type": "Feature", "geometry": {"type": "Point", "coordinates": [43.2296, 41.5149]}, "properties": {"name": "Samtskhe-Javakheti", "min_label": 7.7}}, {"type": "Feature", "geometry": {"type": "Point", "coordinates": [41.8331, 41.0175]}, "properties": {"name": "Artvin", "min_label": 7.0}}, {"type": "Feature", "geometry": {"type": "Point", "coordinates": [42.0537, 41.6552]}, "properties": {"name": "Ajaria", "min_label": 7.7}}, {"type": "Feature", "geometry": {"type": "Point", "coordinates": [6.51862, 49.0845]}, "properties": {"name": "Moselle", "min_label": 8.0}}, {"type": "Feature", "geometry": {"type": "Point", "coordinates": [-5.341, 35.8803]}, "properties": {"name": "Ceuta", "min_label": 7.7}}, {"type": "Feature", "geometry": {"type": "Point", "coordinates": [-5.35664, 35.2884]}, "properties": {"name": "Tanger - T\u00e9touan", "min_label": 7.7}}, {"type": "Feature", "geometry": {"type": "Point", "coordinates": [102.245, 21.6153]}, "properties": {"name": "Ph\u00f4ngsali", "min_label": 8.0}}, {"type": "Feature", "geometry": {"type": "Point", "coordinates": [101.661, 24.4603]}, "properties": {"name": "Yunnan", "min_label": 4.6}}, {"type": "Feature", "geometry": {"type": "Point", "coordinates": [101.548, 20.161]}, "properties": {"name": "Oud\u00f4mxai", "min_label": 8.0}}, {"type": "Feature", "geometry": {"type": "Point", "coordinates": [101.148, 20.9099]}, "properties": {"name": "Louang Namtha", "min_label": 8.0}}, {"type": "Feature", "geometry": {"type": "Point", "coordinates": [77.9472, 42.0387]}, "properties": {"name": "Ysyk-K\u00f6l", "min_label": 6.7}}, {"type": "Feature", "geometry": {"type": "Point", "coordinates": [75.9766, 41.3438]}, "properties": {"name": "Naryn", "min_label": 6.7}}, {"type": "Feature", "geometry": {"type": "Point", "coordinates": [73.177, 40.1122]}, "properties": {"name": "Osh", "min_label": 6.7}}, {"type": "Feature", "geometry": {"type": "Point", "coordinates": [45.1763, 40.8883]}, "properties": {"name": "Tavush", "min_label": 9.0}}, {"type": "Feature", "geometry": {"type": "Point", "coordinates": [44.5029, 41.4755]}, "properties": {"name": "Kvemo Kartli", "min_label": 7.7}}, {"type": "Feature", "geometry": {"type": "Point", "coordinates": [44.4524, 40.9347]}, "properties": {"name": "Lori", "min_label": 9.0}}, {"type": "Feature", "geometry": {"type": "Point", "coordinates": [43.8178, 40.8194]}, "properties": {"name": "Shirak", "min_label": 9.0}}, {"type": "Feature", "geometry": {"type": "Point", "coordinates": [72.4888, 44.3152]}, "properties": {"name": "Zhambyl", "min_label": 6.0}}, {"type": "Feature", "geometry": {"type": "Point", "coordinates": [75.1456, 42.6512]}, "properties": {"name": "Chuy", "min_label": 6.7}}, {"type": "Feature", "geometry": {"type": "Point", "coordinates": [72.2727, 42.4795]}, "properties": {"name": "Talas", "min_label": 6.7}}, {"type": "Feature", "geometry": {"type": "Point", "coordinates": [68.7533, 42.7187]}, "properties": {"name": "South Kazakhstan", "min_label": 6.0}}, {"type": "Feature", "geometry": {"type": "Point", "coordinates": [-59.9838, 6.18361]}, "properties": {"name": "Pomeroon-Supenaam", "min_label": 8.0}}, {"type": "Feature", "geometry": {"type": "Point", "coordinates": [-61.3325, 1.93803]}, "properties": {"name": "Roraima", "min_label": 3.0}}, {"type": "Feature", "geometry": {"type": "Point", "coordinates": [-59.2238, 4.93151]}, "properties": {"name": "Potaro-Siparuni", "min_label": 8.0}}, {"type": "Feature", "geometry": {"type": "Point", "coordinates": [-58.9648, 2.6693]}, "properties": {"name": "Upper Demerara-Berbice", "min_label": 8.0}}, {"type": "Feature", "geometry": {"type": "Point", "coordinates": [-52.6491, -4.44313]}, "properties": {"name": "Par\u00e1", "min_label": 3.0}}, {"type": "Feature", "geometry": {"type": "Point", "coordinates": [9.84605, 54.1315]}, "properties": {"name": "Schleswig-Holstein", "min_label": 6.6}}, {"type": "Feature", "geometry": {"type": "Point", "coordinates": [9.1292, 55.349]}, "properties": {"name": "Syddanmark", "min_label": 7.7}}, {"type": "Feature", "geometry": {"type": "Point", "coordinates": [-70.6831, -11.8726]}, "properties": {"name": "Madre de Dios", "min_label": 6.6}}, {"type": "Feature", "geometry": {"type": "Point", "coordinates": [-70.2976, -8.9285]}, "properties": {"name": "Acre", "min_label": 3.0}}, {"type": "Feature", "geometry": {"type": "Point", "coordinates": [10.6245, 30.3343]}, "properties": {"name": "Ghadamis", "min_label": 7.7}}, {"type": "Feature", "geometry": {"type": "Point", "coordinates": [9.88514, 32.154]}, "properties": {"name": "Tataouine", "min_label": 7.7}}, {"type": "Feature", "geometry": {"type": "Point", "coordinates": [10.6522, 33.4403]}, "properties": {"name": "M\u00e9denine", "min_label": 7.7}}, {"type": "Feature", "geometry": {"type": "Point", "coordinates": [12.0109, 32.6661]}, "properties": {"name": "An Nuqat al Khams", "min_label": 7.7}}, {"type": "Feature", "geometry": {"type": "Point", "coordinates": [45.4341, 41.1896]}, "properties": {"name": "A\u011fstafa", "min_label": 9.0}}, {"type": "Feature", "geometry": {"type": "Point", "coordinates": [45.8238, 41.0669]}, "properties": {"name": "Tovuz", "min_label": 9.0}}, {"type": "Feature", "geometry": {"type": "Point", "coordinates": [45.6429, 40.492]}, "properties": {"name": "G\u0259d\u0259b\u0259y", "min_label": 9.0}}, {"type": "Feature", "geometry": {"type": "Point", "coordinates": [45.3848, 40.278]}, "properties": {"name": "Gegharkunik", "min_label": 9.0}}, {"type": "Feature", "geometry": {"type": "Point", "coordinates": [46.0228, 40.4837]}, "properties": {"name": "Da\u015fk\u0259s\u0259n", "min_label": 9.0}}, {"type": "Feature", "geometry": {"type": "Point", "coordinates": [46.1688, 40.0966]}, "properties": {"name": "K\u0259lb\u0259c\u0259r", "min_label": 9.0}}, {"type": "Feature", "geometry": {"type": "Point", "coordinates": [45.4421, 39.7183]}, "properties": {"name": "Vayots Dzor", "min_label": 9.0}}, {"type": "Feature", "geometry": {"type": "Point", "coordinates": [46.1518, 39.2479]}, "properties": {"name": "Syunik", "min_label": 9.0}}, {"type": "Feature", "geometry": {"type": "Point", "coordinates": [46.3095, 39.7717]}, "properties": {"name": "Lankaran", "min_label": 9.0}}, {"type": "Feature", "geometry": {"type": "Point", "coordinates": [46.5917, 39.3434]}, "properties": {"name": "Qubadli", "min_label": 9.0}}, {"type": "Feature", "geometry": {"type": "Point", "coordinates": [46.6305, 39.0904]}, "properties": {"name": "Z\u0259ngilan", "min_label": 9.0}}, {"type": "Feature", "geometry": {"type": "Point", "coordinates": [45.0172, 39.5929]}, "properties": {"name": "\u015e\u0259rur", "min_label": 9.0}}, {"type": "Feature", "geometry": {"type": "Point", "coordinates": [44.7304, 39.9204]}, "properties": {"name": "Ararat", "min_label": 9.0}}, {"type": "Feature", "geometry": {"type": "Point", "coordinates": [44.8638, 39.699]}, "properties": {"name": "S\u0259d\u0259r\u0259k", "min_label": 9.0}}, {"type": "Feature", "geometry": {"type": "Point", "coordinates": [45.1447, 39.4039]}, "properties": {"name": "Kangarli", "min_label": 9.0}}, {"type": "Feature", "geometry": {"type": "Point", "coordinates": [45.3373, 39.1871]}, "properties": {"name": "Bab\u0259k", "min_label": 9.0}}, {"type": "Feature", "geometry": {"type": "Point", "coordinates": [45.5799, 39.4227]}, "properties": {"name": "\u015eahbuz", "min_label": 9.0}}, {"type": "Feature", "geometry": {"type": "Point", "coordinates": [45.6847, 39.136]}, "properties": {"name": "Culfa", "min_label": 9.0}}, {"type": "Feature", "geometry": {"type": "Point", "coordinates": [45.9272, 39.0972]}, "properties": {"name": "Ordubad", "min_label": 9.0}}, {"type": "Feature", "geometry": {"type": "Point", "coordinates": [22.8986, 47.6632]}, "properties": {"name": "Satu Mare", "min_label": 8.0}}, {"type": "Feature", "geometry": {"type": "Point", "coordinates": [22.182, 47.9535]}, "properties": {"name": "Szabolcs-Szatm\u00e1r-Bereg", "min_label": 8.0}}, {"type": "Feature", "geometry": {"type": "Point", "coordinates": [21.7296, 46.3019]}, "properties": {"name": "Arad", "min_label": 8.0}}, {"type": "Feature", "geometry": {"type": "Point", "coordinates": [20.8362, 46.592]}, "properties": {"name": "B\u00e9k\u00e9s", "min_label": 8.0}}, {"type": "Feature", "geometry": {"type": "Point", "coordinates": [22.1155, 47.0865]}, "properties": {"name": "Bihor", "min_label": 8.0}}, {"type": "Feature", "geometry": {"type": "Point", "coordinates": [21.3746, 47.2906]}, "properties": {"name": "Hajd\u00fa-Bihar", "min_label": 8.0}}, {"type": "Feature", "geometry": {"type": "Point", "coordinates": [20.1413, 46.5997]}, "properties": {"name": "Csongr\u00e1d", "min_label": 8.0}}, {"type": "Feature", "geometry": {"type": "Point", "coordinates": [21.393, 45.5963]}, "properties": {"name": "Timis", "min_label": 8.0}}, {"type": "Feature", "geometry": {"type": "Point", "coordinates": [72.4506, 41.5886]}, "properties": {"name": "Jalal-Abad", "min_label": 6.7}}, {"type": "Feature", "geometry": {"type": "Point", "coordinates": [69.9511, 41.247]}, "properties": {"name": "Tashkent", "min_label": 6.6}}, {"type": "Feature", "geometry": {"type": "Point", "coordinates": [71.2964, 40.8746]}, "properties": {"name": "Namangan", "min_label": 6.6}}, {"type": "Feature", "geometry": {"type": "Point", "coordinates": [72.3651, 40.4491]}, "properties": {"name": "Andijon", "min_label": 6.6}}, {"type": "Feature", "geometry": {"type": "Point", "coordinates": [70.8882, 39.7902]}, "properties": {"name": "Batken", "min_label": 6.7}}, {"type": "Feature", "geometry": {"type": "Point", "coordinates": [19.2076, 49.1656]}, "properties": {"name": "\u017dilinsk\u00fd", "min_label": 7.7}}, {"type": "Feature", "geometry": {"type": "Point", "coordinates": [18.9924, 50.1978]}, "properties": {"name": "Silesian", "min_label": 6.7}}, {"type": "Feature", "geometry": {"type": "Point", "coordinates": [20.3133, 49.8761]}, "properties": {"name": "Lesser Poland", "min_label": 6.7}}, {"type": "Feature", "geometry": {"type": "Point", "coordinates": [21.2037, 49.1426]}, "properties": {"name": "Pre\u0161ov", "min_label": 7.7}}, {"type": "Feature", "geometry": {"type": "Point", "coordinates": [22.4341, 49.8555]}, "properties": {"name": "Subcarpathian", "min_label": 6.7}}, {"type": "Feature", "geometry": {"type": "Point", "coordinates": [-8.02986, 54.8924]}, "properties": {"name": "Donegal", "min_label": 8.0}}, {"type": "Feature", "geometry": {"type": "Point", "coordinates": [-7.21329, 54.9694]}, "properties": {"name": "Derry", "min_label": 10.0}}, {"type": "Feature", "geometry": {"type": "Point", "coordinates": [-7.41337, 54.8064]}, "properties": {"name": "Strabane", "min_label": 10.0}}, {"type": "Feature", "geometry": {"type": "Point", "coordinates": [-7.66047, 54.3798]}, "properties": {"name": "Fermanagh", "min_label": 10.0}}, {"type": "Feature", "geometry": {"type": "Point", "coordinates": [-7.99465, 54.0513]}, "properties": {"name": "Leitrim", "min_label": 8.0}}, {"type": "Feature", "geometry": {"type": "Point", "coordinates": [-7.27176, 53.9623]}, "properties": {"name": "Cavan", "min_label": 8.0}}, {"type": "Feature", "geometry": {"type": "Point", "coordinates": [-6.94174, 54.2106]}, "properties": {"name": "Monaghan", "min_label": 8.0}}, {"type": "Feature", "geometry": {"type": "Point", "coordinates": [-6.94613, 54.4791]}, "properties": {"name": "Dungannon", "min_label": 10.0}}, {"type": "Feature", "geometry": {"type": "Point", "coordinates": [-6.62144, 54.3304]}, "properties": {"name": "Armagh", "min_label": 10.0}}, {"type": "Feature", "geometry": {"type": "Point", "coordinates": [-6.26952, 54.1804]}, "properties": {"name": "Newry and Mourne", "min_label": 10.0}}, {"type": "Feature", "geometry": {"type": "Point", "coordinates": [-6.48625, 53.9259]}, "properties": {"name": "Louth", "min_label": 8.0}}, {"type": "Feature", "geometry": {"type": "Point", "coordinates": [16.4623, 51.0127]}, "properties": {"name": "Lower Silesian", "min_label": 6.7}}, {"type": "Feature", "geometry": {"type": "Point", "coordinates": [15.8838, 50.3723]}, "properties": {"name": "Kr\u00e1lov\u00e9hradeck\u00fd", "min_label": 7.7}}, {"type": "Feature", "geometry": {"type": "Point", "coordinates": [17.7998, 50.5498]}, "properties": {"name": "Opole", "min_label": 6.7}}, {"type": "Feature", "geometry": {"type": "Point", "coordinates": [17.1244, 49.6928]}, "properties": {"name": "Olomouck\u00fd", "min_label": 7.7}}, {"type": "Feature", "geometry": {"type": "Point", "coordinates": [16.2784, 49.8651]}, "properties": {"name": "Pardubick\u00fd", "min_label": 7.7}}, {"type": "Feature", "geometry": {"type": "Point", "coordinates": [17.9683, 49.7687]}, "properties": {"name": "Moravskoslezsk\u00fd", "min_label": 7.7}}, {"type": "Feature", "geometry": {"type": "Point", "coordinates": [70.1331, 38.9773]}, "properties": {"name": "Tadzhikistan Territories", "min_label": 6.7}}, {"type": "Feature", "geometry": {"type": "Point", "coordinates": [72.7189, 38.2492]}, "properties": {"name": "Gorno-Badakhshan", "min_label": 6.7}}, {"type": "Feature", "geometry": {"type": "Point", "coordinates": [21.4551, 40.3834]}, "properties": {"name": "Dytiki Makedonia", "min_label": 7.7}}, {"type": "Feature", "geometry": {"type": "Point", "coordinates": [20.6925, 39.6365]}, "properties": {"name": "Ipeiros", "min_label": 7.7}}, {"type": "Feature", "geometry": {"type": "Point", "coordinates": [20.1868, 40.1927]}, "properties": {"name": "Gjirokast\u00ebr", "min_label": 9.0}}, {"type": "Feature", "geometry": {"type": "Point", "coordinates": [19.7946, 40.1908]}, "properties": {"name": "Vlor\u00eb", "min_label": 9.0}}, {"type": "Feature", "geometry": {"type": "Point", "coordinates": [33.4345, -9.88572]}, "properties": {"name": "Chitipa", "min_label": 8.7}}, {"type": "Feature", "geometry": {"type": "Point", "coordinates": [32.0234, -11.3701]}, "properties": {"name": "Muchinga", "min_label": 6.6}}, {"type": "Feature", "geometry": {"type": "Point", "coordinates": [33.6587, -11.8792]}, "properties": {"name": "Mzimba", "min_label": 8.7}}, {"type": "Feature", "geometry": {"type": "Point", "coordinates": [31.8341, -13.7617]}, "properties": {"name": "Eastern", "min_label": 6.6}}, {"type": "Feature", "geometry": {"type": "Point", "coordinates": [33.4535, -12.9319]}, "properties": {"name": "Kasungu", "min_label": 8.7}}, {"type": "Feature", "geometry": {"type": "Point", "coordinates": [33.0113, -13.696]}, "properties": {"name": "Mchinji", "min_label": 8.7}}, {"type": "Feature", "geometry": {"type": "Point", "coordinates": [23.3868, 48.3634]}, "properties": {"name": "Transcarpathia", "min_label": 6.7}}, {"type": "Feature", "geometry": {"type": "Point", "coordinates": [21.2753, 48.6623]}, "properties": {"name": "Ko\u0161ick\u00fd", "min_label": 7.7}}, {"type": "Feature", "geometry": {"type": "Point", "coordinates": [-11.9468, 9.14067]}, "properties": {"name": "Northern", "min_label": 7.7}}, {"type": "Feature", "geometry": {"type": "Point", "coordinates": [-10.881, 9.98517]}, "properties": {"name": "Faranah", "min_label": 8.0}}, {"type": "Feature", "geometry": {"type": "Point", "coordinates": [-12.7298, 10.0552]}, "properties": {"name": "Kindia", "min_label": 8.0}}, {"type": "Feature", "geometry": {"type": "Point", "coordinates": [-11.8934, 10.3442]}, "properties": {"name": "Mamou", "min_label": 8.0}}, {"type": "Feature", "geometry": {"type": "Point", "coordinates": [-11.2004, 10.7774]}, "properties": {"name": "Dabola", "min_label": 8.0}}, {"type": "Feature", "geometry": {"type": "Point", "coordinates": [-13.0624, 9.38543]}, "properties": {"name": "For\u00e9cariah", "min_label": 8.0}}, {"type": "Feature", "geometry": {"type": "Point", "coordinates": [-10.2232, 8.70329]}, "properties": {"name": "Gu\u00e9ck\u00e9dou", "min_label": 8.0}}, {"type": "Feature", "geometry": {"type": "Point", "coordinates": [-10.9314, 8.27415]}, "properties": {"name": "Eastern", "min_label": 7.7}}, {"type": "Feature", "geometry": {"type": "Point", "coordinates": [-10.9953, 7.09577]}, "properties": {"name": "Grand Cape Mount", "min_label": 8.0}}, {"type": "Feature", "geometry": {"type": "Point", "coordinates": [-12.0512, 7.85416]}, "properties": {"name": "Southern", "min_label": 7.7}}, {"type": "Feature", "geometry": {"type": "Point", "coordinates": [-10.1841, 7.51706]}, "properties": {"name": "Gbapolu", "min_label": 8.0}}, {"type": "Feature", "geometry": {"type": "Point", "coordinates": [-9.87553, 8.12994]}, "properties": {"name": "Lofa", "min_label": 8.0}}, {"type": "Feature", "geometry": {"type": "Point", "coordinates": [22.2437, 9.8017]}, "properties": {"name": "Vakaga", "min_label": 7.0}}, {"type": "Feature", "geometry": {"type": "Point", "coordinates": [23.3467, 12.1983]}, "properties": {"name": "Central Darfur", "min_label": 6.6}}, {"type": "Feature", "geometry": {"type": "Point", "coordinates": [24.5964, 11.3694]}, "properties": {"name": "Southern Darfur", "min_label": 6.6}}, {"type": "Feature", "geometry": {"type": "Point", "coordinates": [22.8492, 7.48168]}, "properties": {"name": "Haute-Kotto", "min_label": 7.0}}, {"type": "Feature", "geometry": {"type": "Point", "coordinates": [26.3804, 7.31134]}, "properties": {"name": "Western Bahr el Ghazal", "min_label": 6.6}}, {"type": "Feature", "geometry": {"type": "Point", "coordinates": [25.851, 6.15735]}, "properties": {"name": "Haut-Mbomou", "min_label": 7.0}}, {"type": "Feature", "geometry": {"type": "Point", "coordinates": [28.6169, 5.41296]}, "properties": {"name": "Western Equatoria", "min_label": 6.6}}, {"type": "Feature", "geometry": {"type": "Point", "coordinates": [26.785, 2.40438]}, "properties": {"name": "Orientale", "min_label": 6.0}}, {"type": "Feature", "geometry": {"type": "Point", "coordinates": [31.2854, 4.68142]}, "properties": {"name": "Central Equatoria", "min_label": 6.6}}, {"type": "Feature", "geometry": {"type": "Point", "coordinates": [42.8985, 11.2107]}, "properties": {"name": "Ali Sabieh", "min_label": 9.0}}, {"type": "Feature", "geometry": {"type": "Point", "coordinates": [42.8032, 11.4461]}, "properties": {"name": "Arta", "min_label": 9.0}}, {"type": "Feature", "geometry": {"type": "Point", "coordinates": [42.2277, 11.3884]}, "properties": {"name": "Dikhil", "min_label": 9.0}}, {"type": "Feature", "geometry": {"type": "Point", "coordinates": [41.0236, 12.1232]}, "properties": {"name": "Afar", "min_label": 6.6}}, {"type": "Feature", "geometry": {"type": "Point", "coordinates": [42.5043, 11.7972]}, "properties": {"name": "Tadjourah", "min_label": 9.0}}, {"type": "Feature", "geometry": {"type": "Point", "coordinates": [28.1159, -3.10474]}, "properties": {"name": "Sud-Kivu", "min_label": 6.0}}, {"type": "Feature", "geometry": {"type": "Point", "coordinates": [30.4057, -4.41836]}, "properties": {"name": "Kigoma", "min_label": 6.7}}, {"type": "Feature", "geometry": {"type": "Point", "coordinates": [26.2512, -8.48374]}, "properties": {"name": "Katanga", "min_label": 6.0}}, {"type": "Feature", "geometry": {"type": "Point", "coordinates": [31.3404, -6.4277]}, "properties": {"name": "Katavi", "min_label": 6.7}}, {"type": "Feature", "geometry": {"type": "Point", "coordinates": [31.3337, -7.8958]}, "properties": {"name": "Rukwa", "min_label": 6.7}}, {"type": "Feature", "geometry": {"type": "Point", "coordinates": [43.0464, 12.2842]}, "properties": {"name": "Obock", "min_label": 9.0}}, {"type": "Feature", "geometry": {"type": "Point", "coordinates": [41.7389, 13.5712]}, "properties": {"name": "Debubawi Keyih Bahri", "min_label": 8.7}}, {"type": "Feature", "geometry": {"type": "Point", "coordinates": [15.7448, 48.2477]}, "properties": {"name": "Nieder\u00f6sterreich", "min_label": 7.7}}, {"type": "Feature", "geometry": {"type": "Point", "coordinates": [16.7484, 49.1054]}, "properties": {"name": "Jihomoravsk\u00fd", "min_label": 7.7}}, {"type": "Feature", "geometry": {"type": "Point", "coordinates": [13.856, 48.2377]}, "properties": {"name": "Ober\u00f6sterreich", "min_label": 7.7}}, {"type": "Feature", "geometry": {"type": "Point", "coordinates": [43.2281, 37.0875]}, "properties": {"name": "Dihok", "min_label": 6.7}}, {"type": "Feature", "geometry": {"type": "Point", "coordinates": [42.5455, 37.4047]}, "properties": {"name": "Sirnak", "min_label": 7.0}}, {"type": "Feature", "geometry": {"type": "Point", "coordinates": [44.0804, 37.6097]}, "properties": {"name": "Hakkari", "min_label": 7.0}}, {"type": "Feature", "geometry": {"type": "Point", "coordinates": [44.1806, 36.2371]}, "properties": {"name": "Arbil", "min_label": 6.7}}, {"type": "Feature", "geometry": {"type": "Point", "coordinates": [17.1682, 47.7217]}, "properties": {"name": "Gyor-Moson-Sopron", "min_label": 8.0}}, {"type": "Feature", "geometry": {"type": "Point", "coordinates": [16.3584, 47.4281]}, "properties": {"name": "Burgenland", "min_label": 7.7}}, {"type": "Feature", "geometry": {"type": "Point", "coordinates": [16.6001, 47.6911]}, "properties": {"name": "Sopron", "min_label": 8.0}}, {"type": "Feature", "geometry": {"type": "Point", "coordinates": [16.814, 47.1693]}, "properties": {"name": "Vas", "min_label": 8.0}}, {"type": "Feature", "geometry": {"type": "Point", "coordinates": [7.35059, 45.7126]}, "properties": {"name": "Aoste", "min_label": 9.0}}, {"type": "Feature", "geometry": {"type": "Point", "coordinates": [7.61347, 46.2023]}, "properties": {"name": "Valais", "min_label": 8.7}}, {"type": "Feature", "geometry": {"type": "Point", "coordinates": [8.34317, 46.0739]}, "properties": {"name": "Verbano-Cusio-Ossola", "min_label": 9.0}}, {"type": "Feature", "geometry": {"type": "Point", "coordinates": [8.79019, 46.3604]}, "properties": {"name": "Ticino", "min_label": 8.7}}, {"type": "Feature", "geometry": {"type": "Point", "coordinates": [8.75898, 45.7876]}, "properties": {"name": "Varese", "min_label": 9.0}}, {"type": "Feature", "geometry": {"type": "Point", "coordinates": [9.1586, 45.9389]}, "properties": {"name": "Como", "min_label": 9.0}}, {"type": "Feature", "geometry": {"type": "Point", "coordinates": [9.55953, 46.6729]}, "properties": {"name": "Graub\u00fcnden", "min_label": 8.7}}, {"type": "Feature", "geometry": {"type": "Point", "coordinates": [9.81202, 46.2035]}, "properties": {"name": "Sondrio", "min_label": 9.0}}, {"type": "Feature", "geometry": {"type": "Point", "coordinates": [11.4411, 46.707]}, "properties": {"name": "Bozen", "min_label": 9.0}}, {"type": "Feature", "geometry": {"type": "Point", "coordinates": [9.87375, 47.2617]}, "properties": {"name": "Vorarlberg", "min_label": 7.7}}, {"type": "Feature", "geometry": {"type": "Point", "coordinates": [11.38, 47.2082]}, "properties": {"name": "Tirol", "min_label": 7.7}}, {"type": "Feature", "geometry": {"type": "Point", "coordinates": [45.6734, 36.6666]}, "properties": {"name": "West Azarbaijan", "min_label": 6.6}}, {"type": "Feature", "geometry": {"type": "Point", "coordinates": [44.0317, 39.811]}, "properties": {"name": "I\u011fdir", "min_label": 7.0}}, {"type": "Feature", "geometry": {"type": "Point", "coordinates": [43.3647, 39.5925]}, "properties": {"name": "Agri", "min_label": 7.0}}, {"type": "Feature", "geometry": {"type": "Point", "coordinates": [43.5684, 38.5212]}, "properties": {"name": "Van", "min_label": 7.0}}, {"type": "Feature", "geometry": {"type": "Point", "coordinates": [23.1751, 54.6829]}, "properties": {"name": "Marijampoles", "min_label": 7.0}}, {"type": "Feature", "geometry": {"type": "Point", "coordinates": [22.7225, 53.3396]}, "properties": {"name": "Podlachian", "min_label": 6.7}}, {"type": "Feature", "geometry": {"type": "Point", "coordinates": [20.9711, 53.8526]}, "properties": {"name": "Warmian-Masurian", "min_label": 6.7}}, {"type": "Feature", "geometry": {"type": "Point", "coordinates": [30.7539, -9.79906]}, "properties": {"name": "Northern", "min_label": 6.6}}, {"type": "Feature", "geometry": {"type": "Point", "coordinates": [6.73067, 53.279]}, "properties": {"name": "Groningen", "min_label": 8.0}}, {"type": "Feature", "geometry": {"type": "Point", "coordinates": [8.86184, 52.775]}, "properties": {"name": "Niedersachsen", "min_label": 6.6}}, {"type": "Feature", "geometry": {"type": "Point", "coordinates": [6.60064, 52.9046]}, "properties": {"name": "Drenthe", "min_label": 8.0}}, {"type": "Feature", "geometry": {"type": "Point", "coordinates": [6.41649, 52.4311]}, "properties": {"name": "Overijssel", "min_label": 8.0}}, {"type": "Feature", "geometry": {"type": "Point", "coordinates": [7.65708, 51.6146]}, "properties": {"name": "Nordrhein-Westfalen", "min_label": 6.6}}, {"type": "Feature", "geometry": {"type": "Point", "coordinates": [5.96001, 52.0635]}, "properties": {"name": "Gelderland", "min_label": 8.0}}, {"type": "Feature", "geometry": {"type": "Point", "coordinates": [5.93161, 51.2248]}, "properties": {"name": "Limburg", "min_label": 8.0}}, {"type": "Feature", "geometry": {"type": "Point", "coordinates": [9.5266, 47.1001]}, "properties": {"name": "Triesen", "min_label": 11.0}}, {"type": "Feature", "geometry": {"type": "Point", "coordinates": [9.51381, 47.1819]}, "properties": {"name": "Schaan", "min_label": 11.0}}, {"type": "Feature", "geometry": {"type": "Point", "coordinates": [9.54858, 47.1284]}, "properties": {"name": "Triesenberg", "min_label": 11.0}}, {"type": "Feature", "geometry": {"type": "Point", "coordinates": [9.50603, 47.0701]}, "properties": {"name": "Balzers", "min_label": 11.0}}, {"type": "Feature", "geometry": {"type": "Point", "coordinates": [9.5494, 47.1875]}, "properties": {"name": "Planken", "min_label": 11.0}}, {"type": "Feature", "geometry": {"type": "Point", "coordinates": [9.53383, 47.2058]}, "properties": {"name": "Eschen", "min_label": 11.0}}, {"type": "Feature", "geometry": {"type": "Point", "coordinates": [9.53828, 47.2214]}, "properties": {"name": "Mauren", "min_label": 11.0}}, {"type": "Feature", "geometry": {"type": "Point", "coordinates": [9.53828, 47.242]}, "properties": {"name": "Schellenberg", "min_label": 11.0}}, {"type": "Feature", "geometry": {"type": "Point", "coordinates": [9.51882, 47.2458]}, "properties": {"name": "Ruggell", "min_label": 11.0}}, {"type": "Feature", "geometry": {"type": "Point", "coordinates": [-7.37781, 9.52894]}, "properties": {"name": "Dengu\u00e9l\u00e9", "min_label": 7.7}}, {"type": "Feature", "geometry": {"type": "Point", "coordinates": [-9.12624, 10.1319]}, "properties": {"name": "Kankan", "min_label": 8.0}}, {"type": "Feature", "geometry": {"type": "Point", "coordinates": [-8.66537, 10.7221]}, "properties": {"name": "Mandiana", "min_label": 8.0}}, {"type": "Feature", "geometry": {"type": "Point", "coordinates": [-8.40726, 8.81391]}, "properties": {"name": "Beyla", "min_label": 8.0}}, {"type": "Feature", "geometry": {"type": "Point", "coordinates": [-7.67511, 8.11221]}, "properties": {"name": "Bafing", "min_label": 7.7}}, {"type": "Feature", "geometry": {"type": "Point", "coordinates": [-7.73423, 7.36283]}, "properties": {"name": "Dix-Huit Montagnes", "min_label": 7.7}}, {"type": "Feature", "geometry": {"type": "Point", "coordinates": [-8.33352, 7.85522]}, "properties": {"name": "Lola", "min_label": 8.0}}, {"type": "Feature", "geometry": {"type": "Point", "coordinates": [7.81935, 44.011]}, "properties": {"name": "Imperia", "min_label": 9.0}}, {"type": "Feature", "geometry": {"type": "Point", "coordinates": [7.18651, 43.8699]}, "properties": {"name": "Alpes-Maritimes", "min_label": 8.0}}, {"type": "Feature", "geometry": {"type": "Point", "coordinates": [7.63034, 44.4862]}, "properties": {"name": "Cuneo", "min_label": 9.0}}, {"type": "Feature", "geometry": {"type": "Point", "coordinates": [6.24822, 44.0454]}, "properties": {"name": "Alpes-de-Haute-Provence", "min_label": 8.0}}, {"type": "Feature", "geometry": {"type": "Point", "coordinates": [6.37648, 44.6732]}, "properties": {"name": "Hautes-Alpes", "min_label": 8.0}}, {"type": "Feature", "geometry": {"type": "Point", "coordinates": [7.47211, 45.1609]}, "properties": {"name": "Turin", "min_label": 9.0}}, {"type": "Feature", "geometry": {"type": "Point", "coordinates": [6.47098, 45.4832]}, "properties": {"name": "Savoie", "min_label": 8.0}}, {"type": "Feature", "geometry": {"type": "Point", "coordinates": [6.51823, 46.0502]}, "properties": {"name": "Haute-Savoie", "min_label": 8.0}}, {"type": "Feature", "geometry": {"type": "Point", "coordinates": [34.3212, 67.9609]}, "properties": {"name": "Murmansk", "min_label": 4.7}}, {"type": "Feature", "geometry": {"type": "Point", "coordinates": [33.1446, 63.5295]}, "properties": {"name": "Karelia", "min_label": 4.7}}, {"type": "Feature", "geometry": {"type": "Point", "coordinates": [26.2356, 65.1599]}, "properties": {"name": "Northern Ostrobothnia", "min_label": 6.7}}, {"type": "Feature", "geometry": {"type": "Point", "coordinates": [28.441, 64.5496]}, "properties": {"name": "Kainuu", "min_label": 6.7}}, {"type": "Feature", "geometry": {"type": "Point", "coordinates": [29.9637, 62.7879]}, "properties": {"name": "North Karelia", "min_label": 6.7}}, {"type": "Feature", "geometry": {"type": "Point", "coordinates": [28.5567, 61.2148]}, "properties": {"name": "South Karelia", "min_label": 6.7}}, {"type": "Feature", "geometry": {"type": "Point", "coordinates": [32.7736, 59.9905]}, "properties": {"name": "Leningrad", "min_label": 4.7}}, {"type": "Feature", "geometry": {"type": "Point", "coordinates": [26.5799, 60.4164]}, "properties": {"name": "Kymenlaakso", "min_label": 6.7}}, {"type": "Feature", "geometry": {"type": "Point", "coordinates": [56.8199, 23.9794]}, "properties": {"name": "Al Batnah North", "min_label": 8.7}}, {"type": "Feature", "geometry": {"type": "Point", "coordinates": [55.3436, 24.9508]}, "properties": {"name": "Dubay", "min_label": 8.7}}, {"type": "Feature", "geometry": {"type": "Point", "coordinates": [56.2932, 24.925]}, "properties": {"name": "Neutral Zone", "min_label": 8.7}}, {"type": "Feature", "geometry": {"type": "Point", "coordinates": [55.9933, 24.3888]}, "properties": {"name": "Al Buraymi", "min_label": 8.7}}, {"type": "Feature", "geometry": {"type": "Point", "coordinates": [56.0315, 24.8164]}, "properties": {"name": "Neutral Zone", "min_label": 8.7}}, {"type": "Feature", "geometry": {"type": "Point", "coordinates": [54.0817, 23.5238]}, "properties": {"name": "Abu Dhabi", "min_label": 8.7}}, {"type": "Feature", "geometry": {"type": "Point", "coordinates": [55.9327, 22.9127]}, "properties": {"name": "Al Dhahira", "min_label": 8.7}}, {"type": "Feature", "geometry": {"type": "Point", "coordinates": [46.4478, 41.7393]}, "properties": {"name": "Balak\u0259n", "min_label": 9.0}}, {"type": "Feature", "geometry": {"type": "Point", "coordinates": [46.654, 41.5666]}, "properties": {"name": "Zaqatala", "min_label": 9.0}}, {"type": "Feature", "geometry": {"type": "Point", "coordinates": [48.7701, 41.5198]}, "properties": {"name": "Xa\u00e7maz", "min_label": 9.0}}, {"type": "Feature", "geometry": {"type": "Point", "coordinates": [48.1944, 41.4005]}, "properties": {"name": "Qusar", "min_label": 9.0}}, {"type": "Feature", "geometry": {"type": "Point", "coordinates": [47.4853, 41.04]}, "properties": {"name": "O\u011fuz", "min_label": 9.0}}, {"type": "Feature", "geometry": {"type": "Point", "coordinates": [47.1565, 41.0486]}, "properties": {"name": "\u015e\u0259ki", "min_label": 9.0}}, {"type": "Feature", "geometry": {"type": "Point", "coordinates": [46.7976, 41.375]}, "properties": {"name": "Qax", "min_label": 9.0}}, {"type": "Feature", "geometry": {"type": "Point", "coordinates": [47.7784, 40.9578]}, "properties": {"name": "Q\u0259b\u0259l\u0259", "min_label": 9.0}}, {"type": "Feature", "geometry": {"type": "Point", "coordinates": [-51.6842, 1.41157]}, "properties": {"name": "Amap\u00e1", "min_label": 3.0}}, {"type": "Feature", "geometry": {"type": "Point", "coordinates": [46.4234, 40.8795]}, "properties": {"name": "Samux", "min_label": 9.0}}, {"type": "Feature", "geometry": {"type": "Point", "coordinates": [19.5801, 45.9326]}, "properties": {"name": "Severno-Backi", "min_label": 9.0}}, {"type": "Feature", "geometry": {"type": "Point", "coordinates": [19.4699, 46.6096]}, "properties": {"name": "B\u00e1cs-Kiskun", "min_label": 8.0}}, {"type": "Feature", "geometry": {"type": "Point", "coordinates": [19.2283, 45.7092]}, "properties": {"name": "Zapadno-Backi", "min_label": 9.0}}, {"type": "Feature", "geometry": {"type": "Point", "coordinates": [20.2047, 45.9589]}, "properties": {"name": "Severno-Banatski", "min_label": 9.0}}, {"type": "Feature", "geometry": {"type": "Point", "coordinates": [20.1431, 46.2689]}, "properties": {"name": "Szeged", "min_label": 8.0}}, {"type": "Feature", "geometry": {"type": "Point", "coordinates": [-10.1984, 13.7959]}, "properties": {"name": "Kayes", "min_label": 6.6}}, {"type": "Feature", "geometry": {"type": "Point", "coordinates": [-12.1903, 12.842]}, "properties": {"name": "K\u00e9dougou", "min_label": 7.7}}, {"type": "Feature", "geometry": {"type": "Point", "coordinates": [-13.2878, 13.9278]}, "properties": {"name": "Tambacounda", "min_label": 7.7}}, {"type": "Feature", "geometry": {"type": "Point", "coordinates": [-13.1823, 12.3537]}, "properties": {"name": "Koundara", "min_label": 8.0}}, {"type": "Feature", "geometry": {"type": "Point", "coordinates": [-14.422, 12.9574]}, "properties": {"name": "Kolda", "min_label": 7.7}}, {"type": "Feature", "geometry": {"type": "Point", "coordinates": [-12.1222, 12.0218]}, "properties": {"name": "Mali", "min_label": 8.0}}, {"type": "Feature", "geometry": {"type": "Point", "coordinates": [4.06548, 11.7712]}, "properties": {"name": "Kebbi", "min_label": 6.6}}, {"type": "Feature", "geometry": {"type": "Point", "coordinates": [2.92598, 11.4305]}, "properties": {"name": "Alibori", "min_label": 7.7}}, {"type": "Feature", "geometry": {"type": "Point", "coordinates": [5.45494, 9.95553]}, "properties": {"name": "Niger", "min_label": 6.6}}, {"type": "Feature", "geometry": {"type": "Point", "coordinates": [2.90363, 9.80668]}, "properties": {"name": "Borgou", "min_label": 7.7}}, {"type": "Feature", "geometry": {"type": "Point", "coordinates": [4.46906, 8.80445]}, "properties": {"name": "Kwara", "min_label": 6.6}}, {"type": "Feature", "geometry": {"type": "Point", "coordinates": [3.29255, 7.01845]}, "properties": {"name": "Ogun", "min_label": 6.6}}, {"type": "Feature", "geometry": {"type": "Point", "coordinates": [2.60483, 7.15213]}, "properties": {"name": "Plateau", "min_label": 7.7}}, {"type": "Feature", "geometry": {"type": "Point", "coordinates": [2.17251, 8.00513]}, "properties": {"name": "Collines", "min_label": 7.7}}, {"type": "Feature", "geometry": {"type": "Point", "coordinates": [3.61681, 8.18969]}, "properties": {"name": "Oyo", "min_label": 6.6}}, {"type": "Feature", "geometry": {"type": "Point", "coordinates": [3.52478, 6.43313]}, "properties": {"name": "Lagos", "min_label": 6.6}}, {"type": "Feature", "geometry": {"type": "Point", "coordinates": [2.55171, 6.59423]}, "properties": {"name": "Ou\u00e9m\u00e9", "min_label": 7.7}}, {"type": "Feature", "geometry": {"type": "Point", "coordinates": [12.543, -4.80148]}, "properties": {"name": "Cabinda", "min_label": 6.6}}, {"type": "Feature", "geometry": {"type": "Point", "coordinates": [11.9549, -4.3684]}, "properties": {"name": "Kouilou", "min_label": 6.7}}, {"type": "Feature", "geometry": {"type": "Point", "coordinates": [16.7964, 46.6712]}, "properties": {"name": "Zala", "min_label": 8.0}}, {"type": "Feature", "geometry": {"type": "Point", "coordinates": [16.5464, 46.398]}, "properties": {"name": "Medimurska", "min_label": 9.0}}, {"type": "Feature", "geometry": {"type": "Point", "coordinates": [17.5491, 46.3623]}, "properties": {"name": "Somogy", "min_label": 8.0}}, {"type": "Feature", "geometry": {"type": "Point", "coordinates": [17.6078, 45.7303]}, "properties": {"name": "Viroviticko-Podravska", "min_label": 9.0}}, {"type": "Feature", "geometry": {"type": "Point", "coordinates": [16.831, 46.1914]}, "properties": {"name": "Koprivni\u010dko-Kri\u017eeva\u010dka", "min_label": 9.0}}, {"type": "Feature", "geometry": {"type": "Point", "coordinates": [17.9611, 45.9602]}, "properties": {"name": "Baranya", "min_label": 8.0}}, {"type": "Feature", "geometry": {"type": "Point", "coordinates": [18.506, 45.4948]}, "properties": {"name": "Osjecko-Baranjska", "min_label": 9.0}}, {"type": "Feature", "geometry": {"type": "Point", "coordinates": [13.6309, 45.4801]}, "properties": {"name": "Piran", "min_label": 11.0}}, {"type": "Feature", "geometry": {"type": "Point", "coordinates": [13.8682, 45.1248]}, "properties": {"name": "Istarska", "min_label": 9.0}}, {"type": "Feature", "geometry": {"type": "Point", "coordinates": [16.2705, 46.7159]}, "properties": {"name": "Moravske Toplice", "min_label": 11.0}}, {"type": "Feature", "geometry": {"type": "Point", "coordinates": [16.2448, 46.8451]}, "properties": {"name": "\u0160alovci", "min_label": 11.0}}, {"type": "Feature", "geometry": {"type": "Point", "coordinates": [16.3126, 46.8202]}, "properties": {"name": "Hodo\u0161", "min_label": 11.0}}, {"type": "Feature", "geometry": {"type": "Point", "coordinates": [16.2128, 46.8091]}, "properties": {"name": "Gornji Petrovci", "min_label": 11.0}}, {"type": "Feature", "geometry": {"type": "Point", "coordinates": [16.0916, 46.8461]}, "properties": {"name": "Kuzma", "min_label": 11.0}}, {"type": "Feature", "geometry": {"type": "Point", "coordinates": [16.4217, 46.5693]}, "properties": {"name": "Lendava", "min_label": 11.0}}, {"type": "Feature", "geometry": {"type": "Point", "coordinates": [16.3581, 46.6539]}, "properties": {"name": "Dobrovnik", "min_label": 11.0}}, {"type": "Feature", "geometry": {"type": "Point", "coordinates": [16.3831, 46.6809]}, "properties": {"name": "Kobilje", "min_label": 11.0}}, {"type": "Feature", "geometry": {"type": "Point", "coordinates": [51.1605, 25.1648]}, "properties": {"name": "Ar Rayy\u0101n", "min_label": 8.7}}, {"type": "Feature", "geometry": {"type": "Point", "coordinates": [50.1714, 22.9875]}, "properties": {"name": "Ash Sharqiyah", "min_label": 6.6}}, {"type": "Feature", "geometry": {"type": "Point", "coordinates": [23.4709, -19.6141]}, "properties": {"name": "North-West", "min_label": 6.0}}, {"type": "Feature", "geometry": {"type": "Point", "coordinates": [27.2215, -18.7582]}, "properties": {"name": "Matabeleland North", "min_label": 6.7}}, {"type": "Feature", "geometry": {"type": "Point", "coordinates": [26.6144, -21.8775]}, "properties": {"name": "Central", "min_label": 6.0}}, {"type": "Feature", "geometry": {"type": "Point", "coordinates": [28.8871, -20.8913]}, "properties": {"name": "Matabeleland South", "min_label": 6.7}}, {"type": "Feature", "geometry": {"type": "Point", "coordinates": [27.4487, -20.9374]}, "properties": {"name": "North-East", "min_label": 6.0}}, {"type": "Feature", "geometry": {"type": "Point", "coordinates": [74.9848, 35.7864]}, "properties": {"name": "Northern Areas", "min_label": 5.0}}, {"type": "Feature", "geometry": {"type": "Point", "coordinates": [27.2597, 42.5385]}, "properties": {"name": "Burgas", "min_label": 8.0}}, {"type": "Feature", "geometry": {"type": "Point", "coordinates": [27.4916, 41.6201]}, "properties": {"name": "Kirklareli", "min_label": 7.0}}, {"type": "Feature", "geometry": {"type": "Point", "coordinates": [26.6096, 42.2935]}, "properties": {"name": "Yambol", "min_label": 8.0}}, {"type": "Feature", "geometry": {"type": "Point", "coordinates": [26.4697, 40.9579]}, "properties": {"name": "Edirne", "min_label": 7.0}}, {"type": "Feature", "geometry": {"type": "Point", "coordinates": [25.8816, 41.8489]}, "properties": {"name": "Haskovo", "min_label": 8.0}}, {"type": "Feature", "geometry": {"type": "Point", "coordinates": [103.55, 14.1712]}, "properties": {"name": "Otdar Mean Chey", "min_label": 8.0}}, {"type": "Feature", "geometry": {"type": "Point", "coordinates": [103.588, 14.9355]}, "properties": {"name": "Surin", "min_label": 8.0}}, {"type": "Feature", "geometry": {"type": "Point", "coordinates": [105.125, 13.728]}, "properties": {"name": "Preah Vih\u00e9ar", "min_label": 8.0}}, {"type": "Feature", "geometry": {"type": "Point", "coordinates": [104.418, 14.8248]}, "properties": {"name": "Si Sa Ket", "min_label": 8.0}}, {"type": "Feature", "geometry": {"type": "Point", "coordinates": [105.016, 15.0137]}, "properties": {"name": "Ubon Ratchathani", "min_label": 8.0}}, {"type": "Feature", "geometry": {"type": "Point", "coordinates": [104.043, 13.5711]}, "properties": {"name": "Siemr\u00e9ab", "min_label": 8.0}}, {"type": "Feature", "geometry": {"type": "Point", "coordinates": [102.873, 13.7359]}, "properties": {"name": "B\u00e2nt\u00e9ay M\u00e9anchey", "min_label": 8.0}}, {"type": "Feature", "geometry": {"type": "Point", "coordinates": [102.384, 13.8589]}, "properties": {"name": "Sa Kaeo", "min_label": 8.0}}, {"type": "Feature", "geometry": {"type": "Point", "coordinates": [102.971, 14.699]}, "properties": {"name": "Buri Ram", "min_label": 8.0}}, {"type": "Feature", "geometry": {"type": "Point", "coordinates": [103.466, 11.5609]}, "properties": {"name": "Ka\u00f4h Kong", "min_label": 8.0}}, {"type": "Feature", "geometry": {"type": "Point", "coordinates": [102.541, 12.3925]}, "properties": {"name": "Trat", "min_label": 8.0}}, {"type": "Feature", "geometry": {"type": "Point", "coordinates": [103.549, 12.3391]}, "properties": {"name": "Pouthisat", "min_label": 8.0}}, {"type": "Feature", "geometry": {"type": "Point", "coordinates": [103.068, 12.9675]}, "properties": {"name": "Batd\u00e2mb\u00e2ng", "min_label": 8.0}}, {"type": "Feature", "geometry": {"type": "Point", "coordinates": [102.611, 12.8901]}, "properties": {"name": "Krong Pailin", "min_label": 8.0}}, {"type": "Feature", "geometry": {"type": "Point", "coordinates": [102.139, 12.8117]}, "properties": {"name": "Chanthaburi", "min_label": 8.0}}, {"type": "Feature", "geometry": {"type": "Point", "coordinates": [-2.94015, 35.2934]}, "properties": {"name": "Melilla", "min_label": 7.7}}, {"type": "Feature", "geometry": {"type": "Point", "coordinates": [-2.5158, 33.6161]}, "properties": {"name": "Oriental", "min_label": 7.7}}, {"type": "Feature", "geometry": {"type": "Point", "coordinates": [88.4482, 27.5709]}, "properties": {"name": "Sikkim", "min_label": 4.6}}, {"type": "Feature", "geometry": {"type": "Point", "coordinates": [89.1233, 27.3711]}, "properties": {"name": "Ha", "min_label": 8.7}}, {"type": "Feature", "geometry": {"type": "Point", "coordinates": [89.0493, 27.0219]}, "properties": {"name": "Samchi", "min_label": 8.7}}, {"type": "Feature", "geometry": {"type": "Point", "coordinates": [87.7289, 23.0523]}, "properties": {"name": "West Bengal", "min_label": 4.6}}, {"type": "Feature", "geometry": {"type": "Point", "coordinates": [89.5247, 27.0361]}, "properties": {"name": "Chhukha", "min_label": 8.7}}, {"type": "Feature", "geometry": {"type": "Point", "coordinates": [90.3468, 27.0503]}, "properties": {"name": "Geylegphug", "min_label": 8.7}}, {"type": "Feature", "geometry": {"type": "Point", "coordinates": [92.9929, 26.3302]}, "properties": {"name": "Assam", "min_label": 4.6}}, {"type": "Feature", "geometry": {"type": "Point", "coordinates": [90.8505, 27.0763]}, "properties": {"name": "Shemgang", "min_label": 8.7}}, {"type": "Feature", "geometry": {"type": "Point", "coordinates": [91.7328, 26.9509]}, "properties": {"name": "Samdrup Jongkhar", "min_label": 8.7}}, {"type": "Feature", "geometry": {"type": "Point", "coordinates": [91.734, 27.2629]}, "properties": {"name": "Tashigang", "min_label": 8.7}}, {"type": "Feature", "geometry": {"type": "Point", "coordinates": [100.253, 6.52169]}, "properties": {"name": "Perlis", "min_label": 7.0}}, {"type": "Feature", "geometry": {"type": "Point", "coordinates": [99.9633, 6.85827]}, "properties": {"name": "Satun", "min_label": 8.0}}, {"type": "Feature", "geometry": {"type": "Point", "coordinates": [100.568, 6.81212]}, "properties": {"name": "Songkhla", "min_label": 8.0}}, {"type": "Feature", "geometry": {"type": "Point", "coordinates": [100.647, 5.80958]}, "properties": {"name": "Kedah", "min_label": 7.0}}, {"type": "Feature", "geometry": {"type": "Point", "coordinates": [101.218, 6.14264]}, "properties": {"name": "Yala", "min_label": 8.0}}, {"type": "Feature", "geometry": {"type": "Point", "coordinates": [102.005, 5.40349]}, "properties": {"name": "Kelantan", "min_label": 7.0}}, {"type": "Feature", "geometry": {"type": "Point", "coordinates": [101.727, 6.17758]}, "properties": {"name": "Narathiwat", "min_label": 8.0}}, {"type": "Feature", "geometry": {"type": "Point", "coordinates": [101.059, 4.74737]}, "properties": {"name": "Perak", "min_label": 7.0}}, {"type": "Feature", "geometry": {"type": "Point", "coordinates": [12.4721, 43.9676]}, "properties": {"name": "Serravalle", "min_label": 11.0}}, {"type": "Feature", "geometry": {"type": "Point", "coordinates": [12.5607, 43.9996]}, "properties": {"name": "Rimini", "min_label": 9.0}}, {"type": "Feature", "geometry": {"type": "Point", "coordinates": [12.4721, 43.9466]}, "properties": {"name": "Domagnano", "min_label": 11.0}}, {"type": "Feature", "geometry": {"type": "Point", "coordinates": [12.4761, 43.9312]}, "properties": {"name": "Faetano", "min_label": 11.0}}, {"type": "Feature", "geometry": {"type": "Point", "coordinates": [12.6409, 43.7017]}, "properties": {"name": "Pesaro e Urbino", "min_label": 9.0}}, {"type": "Feature", "geometry": {"type": "Point", "coordinates": [12.4699, 43.9134]}, "properties": {"name": "Montegiardino", "min_label": 11.0}}, {"type": "Feature", "geometry": {"type": "Point", "coordinates": [12.4521, 43.9021]}, "properties": {"name": "Fiorentino", "min_label": 11.0}}, {"type": "Feature", "geometry": {"type": "Point", "coordinates": [12.4095, 43.9069]}, "properties": {"name": "Chiesanuova", "min_label": 11.0}}, {"type": "Feature", "geometry": {"type": "Point", "coordinates": [12.4243, 43.9215]}, "properties": {"name": "San Marino", "min_label": 11.0}}, {"type": "Feature", "geometry": {"type": "Point", "coordinates": [12.4052, 43.9425]}, "properties": {"name": "Acquaviva", "min_label": 11.0}}, {"type": "Feature", "geometry": {"type": "Point", "coordinates": [12.4389, 43.9337]}, "properties": {"name": "Borgo Maggiore", "min_label": 11.0}}, {"type": "Feature", "geometry": {"type": "Point", "coordinates": [-71.9088, 19.4929]}, "properties": {"name": "Nord-Est", "min_label": 7.7}}, {"type": "Feature", "geometry": {"type": "Point", "coordinates": [-71.4527, 19.7302]}, "properties": {"name": "Monte Cristi", "min_label": 10.0}}, {"type": "Feature", "geometry": {"type": "Point", "coordinates": [-71.5952, 19.4319]}, "properties": {"name": "Dajab\u00f3n", "min_label": 10.0}}, {"type": "Feature", "geometry": {"type": "Point", "coordinates": [-72.0025, 19.029]}, "properties": {"name": "Centre", "min_label": 7.7}}, {"type": "Feature", "geometry": {"type": "Point", "coordinates": [-71.65, 19.037]}, "properties": {"name": "La Estrelleta", "min_label": 10.0}}, {"type": "Feature", "geometry": {"type": "Point", "coordinates": [-71.6057, 18.3759]}, "properties": {"name": "Independencia", "min_label": 10.0}}, {"type": "Feature", "geometry": {"type": "Point", "coordinates": [-72.2399, 18.5501]}, "properties": {"name": "Ouest", "min_label": 7.7}}, {"type": "Feature", "geometry": {"type": "Point", "coordinates": [-72.3683, 18.2947]}, "properties": {"name": "Sud-Est", "min_label": 7.7}}, {"type": "Feature", "geometry": {"type": "Point", "coordinates": [-71.5201, 17.9396]}, "properties": {"name": "Pedernales", "min_label": 10.0}}, {"type": "Feature", "geometry": {"type": "Point", "coordinates": [14.6744, 13.431]}, "properties": {"name": "Lac", "min_label": 6.6}}, {"type": "Feature", "geometry": {"type": "Point", "coordinates": [13.1533, 12.0019]}, "properties": {"name": "Borno", "min_label": 6.6}}, {"type": "Feature", "geometry": {"type": "Point", "coordinates": [48.2027, 29.7843]}, "properties": {"name": "Al Jahrah", "min_label": 8.7}}, {"type": "Feature", "geometry": {"type": "Point", "coordinates": [47.5605, 30.6802]}, "properties": {"name": "Al-Basrah", "min_label": 6.7}}, {"type": "Feature", "geometry": {"type": "Point", "coordinates": [45.2843, 30.4381]}, "properties": {"name": "Al-Muthannia", "min_label": 6.7}}, {"type": "Feature", "geometry": {"type": "Point", "coordinates": [-89.9057, 13.8657]}, "properties": {"name": "Ahuachap\u00e1n", "min_label": 10.0}}, {"type": "Feature", "geometry": {"type": "Point", "coordinates": [-89.8946, 14.2384]}, "properties": {"name": "Jutiapa", "min_label": 8.0}}, {"type": "Feature", "geometry": {"type": "Point", "coordinates": [-89.5013, 14.1024]}, "properties": {"name": "Santa Ana", "min_label": 10.0}}, {"type": "Feature", "geometry": {"type": "Point", "coordinates": [-89.4399, 14.6668]}, "properties": {"name": "Chiquimula", "min_label": 8.0}}, {"type": "Feature", "geometry": {"type": "Point", "coordinates": [120.689, -8.58443]}, "properties": {"name": "Nusa Tenggara Timur", "min_label": 4.6}}, {"type": "Feature", "geometry": {"type": "Point", "coordinates": [124.241, -9.32323]}, "properties": {"name": "Ambeno", "min_label": 9.0}}, {"type": "Feature", "geometry": {"type": "Point", "coordinates": [125.219, -8.98073]}, "properties": {"name": "Bobonaro", "min_label": 9.0}}, {"type": "Feature", "geometry": {"type": "Point", "coordinates": [125.233, -9.30758]}, "properties": {"name": "Cova Lima", "min_label": 9.0}}, {"type": "Feature", "geometry": {"type": "Point", "coordinates": [113.344, 2.44952]}, "properties": {"name": "Sarawak", "min_label": 7.0}}, {"type": "Feature", "geometry": {"type": "Point", "coordinates": [115.191, 4.60249]}, "properties": {"name": "Temburong", "min_label": 9.0}}, {"type": "Feature", "geometry": {"type": "Point", "coordinates": [111.304, -0.0636474]}, "properties": {"name": "Kalimantan Barat", "min_label": 4.6}}, {"type": "Feature", "geometry": {"type": "Point", "coordinates": [13.0106, 47.2534]}, "properties": {"name": "Salzburg", "min_label": 7.7}}, {"type": "Feature", "geometry": {"type": "Point", "coordinates": [12.1449, 46.3169]}, "properties": {"name": "Belluno", "min_label": 9.0}}, {"type": "Feature", "geometry": {"type": "Point", "coordinates": [13.8695, 46.7201]}, "properties": {"name": "K\u00e4rnten", "min_label": 7.7}}, {"type": "Feature", "geometry": {"type": "Point", "coordinates": [13.1961, 46.0839]}, "properties": {"name": "Udine", "min_label": 9.0}}, {"type": "Feature", "geometry": {"type": "Point", "coordinates": [7.39979, 43.7461]}, "properties": {"name": "Monaco", "min_label": 18.0}}, {"type": "Feature", "geometry": {"type": "Point", "coordinates": [-3.295, 19.9073]}, "properties": {"name": "Timbuktu", "min_label": 6.6}}, {"type": "Feature", "geometry": {"type": "Point", "coordinates": [-0.93557, 25.7004]}, "properties": {"name": "Adrar", "min_label": 7.7}}, {"type": "Feature", "geometry": {"type": "Point", "coordinates": [13.8502, 46.4482]}, "properties": {"name": "Kranjska Gora", "min_label": 11.0}}, {"type": "Feature", "geometry": {"type": "Point", "coordinates": [13.6184, 46.3725]}, "properties": {"name": "Bovec", "min_label": 11.0}}, {"type": "Feature", "geometry": {"type": "Point", "coordinates": [13.5507, 46.2459]}, "properties": {"name": "Kobarid", "min_label": 11.0}}, {"type": "Feature", "geometry": {"type": "Point", "coordinates": [13.8136, 46.1456]}, "properties": {"name": "Tolmin", "min_label": 11.0}}, {"type": "Feature", "geometry": {"type": "Point", "coordinates": [13.6455, 46.1084]}, "properties": {"name": "Kanal", "min_label": 11.0}}, {"type": "Feature", "geometry": {"type": "Point", "coordinates": [13.5437, 46.0189]}, "properties": {"name": "Brda", "min_label": 11.0}}, {"type": "Feature", "geometry": {"type": "Point", "coordinates": [13.4936, 45.8602]}, "properties": {"name": "Gorizia", "min_label": 9.0}}, {"type": "Feature", "geometry": {"type": "Point", "coordinates": [13.7337, 45.8796]}, "properties": {"name": "Nova Gori\u0161ka", "min_label": 11.0}}, {"type": "Feature", "geometry": {"type": "Point", "coordinates": [13.6431, 45.9187]}, "properties": {"name": "\u0160empeter-Vrtojba", "min_label": 11.0}}, {"type": "Feature", "geometry": {"type": "Point", "coordinates": [13.6373, 45.8477]}, "properties": {"name": "Miren-Kostanjevica", "min_label": 11.0}}, {"type": "Feature", "geometry": {"type": "Point", "coordinates": [13.7382, 45.8225]}, "properties": {"name": "Komen", "min_label": 11.0}}, {"type": "Feature", "geometry": {"type": "Point", "coordinates": [13.7799, 45.6866]}, "properties": {"name": "Trieste", "min_label": 9.0}}, {"type": "Feature", "geometry": {"type": "Point", "coordinates": [13.8449, 45.7319]}, "properties": {"name": "Se\u017eana", "min_label": 11.0}}, {"type": "Feature", "geometry": {"type": "Point", "coordinates": [13.9929, 45.5679]}, "properties": {"name": "Hrpelje-Kozina", "min_label": 11.0}}, {"type": "Feature", "geometry": {"type": "Point", "coordinates": [13.8237, 45.5076]}, "properties": {"name": "Koper", "min_label": 11.0}}, {"type": "Feature", "geometry": {"type": "Point", "coordinates": [32.3209, -25.5571]}, "properties": {"name": "Maputo", "min_label": 6.6}}, {"type": "Feature", "geometry": {"type": "Point", "coordinates": [31.8026, -26.5247]}, "properties": {"name": "Lubombo", "min_label": 8.7}}, {"type": "Feature", "geometry": {"type": "Point", "coordinates": [30.3161, -2.89215]}, "properties": {"name": "Muyinga", "min_label": 10.0}}, {"type": "Feature", "geometry": {"type": "Point", "coordinates": [30.4223, -1.69059]}, "properties": {"name": "Eastern", "min_label": 8.7}}, {"type": "Feature", "geometry": {"type": "Point", "coordinates": [30.1647, -2.56414]}, "properties": {"name": "Kirundo", "min_label": 10.0}}, {"type": "Feature", "geometry": {"type": "Point", "coordinates": [29.6424, -2.38388]}, "properties": {"name": "Southern", "min_label": 8.7}}, {"type": "Feature", "geometry": {"type": "Point", "coordinates": [29.896, -2.86902]}, "properties": {"name": "Ngozi", "min_label": 10.0}}, {"type": "Feature", "geometry": {"type": "Point", "coordinates": [29.2407, -2.86742]}, "properties": {"name": "Cibitoke", "min_label": 10.0}}, {"type": "Feature", "geometry": {"type": "Point", "coordinates": [29.2644, -2.13156]}, "properties": {"name": "Western", "min_label": 8.7}}, {"type": "Feature", "geometry": {"type": "Point", "coordinates": [29.6613, -3.02498]}, "properties": {"name": "Kayanza", "min_label": 10.0}}, {"type": "Feature", "geometry": {"type": "Point", "coordinates": [93.6396, 20.2747]}, "properties": {"name": "Rakhine", "min_label": 7.0}}, {"type": "Feature", "geometry": {"type": "Point", "coordinates": [92.1333, 22.4245]}, "properties": {"name": "Chittagong", "min_label": 7.7}}, {"type": "Feature", "geometry": {"type": "Point", "coordinates": [93.3727, 21.9262]}, "properties": {"name": "Chin", "min_label": 7.0}}, {"type": "Feature", "geometry": {"type": "Point", "coordinates": [-0.74999, 43.259]}, "properties": {"name": "Pyr\u00e9n\u00e9es-Atlantiques", "min_label": 8.0}}, {"type": "Feature", "geometry": {"type": "Point", "coordinates": [-1.63845, 42.7493]}, "properties": {"name": "Navarra", "min_label": 7.7}}, {"type": "Feature", "geometry": {"type": "Point", "coordinates": [-2.2243, 43.1495]}, "properties": {"name": "Gipuzkoa", "min_label": 7.7}}, {"type": "Feature", "geometry": {"type": "Point", "coordinates": [-0.0128081, 42.1863]}, "properties": {"name": "Huesca", "min_label": 7.7}}, {"type": "Feature", "geometry": {"type": "Point", "coordinates": [1.41673, 43.5457]}, "properties": {"name": "Haute-Garonne", "min_label": 8.0}}, {"type": "Feature", "geometry": {"type": "Point", "coordinates": [1.11518, 42.0143]}, "properties": {"name": "L\u00e9rida", "min_label": 7.7}}, {"type": "Feature", "geometry": {"type": "Point", "coordinates": [0.13923, 43.0599]}, "properties": {"name": "Hautes-Pyr\u00e9n\u00e9es", "min_label": 8.0}}, {"type": "Feature", "geometry": {"type": "Point", "coordinates": [1.53654, 42.9046]}, "properties": {"name": "Ari\u00e8ge", "min_label": 8.0}}, {"type": "Feature", "geometry": {"type": "Point", "coordinates": [1.52437, 42.6036]}, "properties": {"name": "Ordino", "min_label": 11.0}}, {"type": "Feature", "geometry": {"type": "Point", "coordinates": [1.60543, 42.5842]}, "properties": {"name": "Canillo", "min_label": 11.0}}, {"type": "Feature", "geometry": {"type": "Point", "coordinates": [2.54908, 42.5738]}, "properties": {"name": "Pyr\u00e9n\u00e9es-Orientales", "min_label": 8.0}}, {"type": "Feature", "geometry": {"type": "Point", "coordinates": [1.6441, 42.5381]}, "properties": {"name": "Encamp", "min_label": 11.0}}, {"type": "Feature", "geometry": {"type": "Point", "coordinates": [1.47083, 42.55]}, "properties": {"name": "La Massana", "min_label": 11.0}}, {"type": "Feature", "geometry": {"type": "Point", "coordinates": [2.79123, 42.0844]}, "properties": {"name": "Gerona", "min_label": 7.7}}, {"type": "Feature", "geometry": {"type": "Point", "coordinates": [1.47975, 42.4511]}, "properties": {"name": "Sant Juli\u00e0 de L\u00f2ria", "min_label": 11.0}}, {"type": "Feature", "geometry": {"type": "Point", "coordinates": [1.59428, 42.495]}, "properties": {"name": "Escaldes-Engordany", "min_label": 11.0}}, {"type": "Feature", "geometry": {"type": "Point", "coordinates": [70.8036, 36.781]}, "properties": {"name": "Badakhshan", "min_label": 6.7}}, {"type": "Feature", "geometry": {"type": "Point", "coordinates": [22.8519, 40.8836]}, "properties": {"name": "Kentriki Makedonia", "min_label": 7.7}}, {"type": "Feature", "geometry": {"type": "Point", "coordinates": [22.8701, 41.4278]}, "properties": {"name": "Novo Selo", "min_label": 10.0}}, {"type": "Feature", "geometry": {"type": "Point", "coordinates": [22.6539, 41.2492]}, "properties": {"name": "Dojran", "min_label": 10.0}}, {"type": "Feature", "geometry": {"type": "Point", "coordinates": [22.5432, 41.2911]}, "properties": {"name": "Valandovo", "min_label": 10.0}}, {"type": "Feature", "geometry": {"type": "Point", "coordinates": [22.6211, 41.3841]}, "properties": {"name": "Strumitsa", "min_label": 10.0}}, {"type": "Feature", "geometry": {"type": "Point", "coordinates": [22.5841, 41.1772]}, "properties": {"name": "Bogdanci", "min_label": 10.0}}, {"type": "Feature", "geometry": {"type": "Point", "coordinates": [22.3973, 41.243]}, "properties": {"name": "Gevgelija", "min_label": 10.0}}, {"type": "Feature", "geometry": {"type": "Point", "coordinates": [22.0373, 41.3234]}, "properties": {"name": "Kavadartsi", "min_label": 10.0}}, {"type": "Feature", "geometry": {"type": "Point", "coordinates": [21.6586, 41.0253]}, "properties": {"name": "Novaci", "min_label": 10.0}}, {"type": "Feature", "geometry": {"type": "Point", "coordinates": [21.6444, 41.2806]}, "properties": {"name": "Prilep", "min_label": 10.0}}, {"type": "Feature", "geometry": {"type": "Point", "coordinates": [21.2925, 41.0402]}, "properties": {"name": "Bitola", "min_label": 10.0}}, {"type": "Feature", "geometry": {"type": "Point", "coordinates": [21.449, 42.4503]}, "properties": {"name": "Gnjilane", "min_label": 10.0}}, {"type": "Feature", "geometry": {"type": "Point", "coordinates": [21.579, 42.1401]}, "properties": {"name": "Lipkovo", "min_label": 10.0}}, {"type": "Feature", "geometry": {"type": "Point", "coordinates": [21.3686, 42.2996]}, "properties": {"name": "Vitina", "min_label": 10.0}}, {"type": "Feature", "geometry": {"type": "Point", "coordinates": [21.3885, 42.1353]}, "properties": {"name": "\u010cu\u010der Sandevo", "min_label": 10.0}}, {"type": "Feature", "geometry": {"type": "Point", "coordinates": [21.2405, 42.198]}, "properties": {"name": "Ka\u010danik", "min_label": 10.0}}, {"type": "Feature", "geometry": {"type": "Point", "coordinates": [21.3002, 42.064]}, "properties": {"name": "Gjor\u010de Petrov", "min_label": 10.0}}, {"type": "Feature", "geometry": {"type": "Point", "coordinates": [21.2491, 41.975]}, "properties": {"name": "Saraj", "min_label": 10.0}}, {"type": "Feature", "geometry": {"type": "Point", "coordinates": [21.129, 42.0311]}, "properties": {"name": "Jegunovce", "min_label": 10.0}}, {"type": "Feature", "geometry": {"type": "Point", "coordinates": [21.0064, 42.2201]}, "properties": {"name": "\u0160trpce", "min_label": 10.0}}, {"type": "Feature", "geometry": {"type": "Point", "coordinates": [21.0174, 42.082]}, "properties": {"name": "Tearce", "min_label": 10.0}}, {"type": "Feature", "geometry": {"type": "Point", "coordinates": [20.8947, 42.0484]}, "properties": {"name": "Tetovo", "min_label": 10.0}}, {"type": "Feature", "geometry": {"type": "Point", "coordinates": [20.869, 41.945]}, "properties": {"name": "Bogovinje", "min_label": 10.0}}, {"type": "Feature", "geometry": {"type": "Point", "coordinates": [20.8349, 41.8584]}, "properties": {"name": "Vrapci\u0161te", "min_label": 10.0}}, {"type": "Feature", "geometry": {"type": "Point", "coordinates": [22.0252, 42.5543]}, "properties": {"name": "Pcinjski", "min_label": 9.0}}, {"type": "Feature", "geometry": {"type": "Point", "coordinates": [22.2641, 42.2421]}, "properties": {"name": "Kriva Palanka", "min_label": 10.0}}, {"type": "Feature", "geometry": {"type": "Point", "coordinates": [22.1049, 42.1895]}, "properties": {"name": "Rankovce", "min_label": 10.0}}, {"type": "Feature", "geometry": {"type": "Point", "coordinates": [21.8853, 42.2098]}, "properties": {"name": "Staro Nagori\u010dane", "min_label": 10.0}}, {"type": "Feature", "geometry": {"type": "Point", "coordinates": [21.7923, 42.0293]}, "properties": {"name": "Kumanovo", "min_label": 10.0}}, {"type": "Feature", "geometry": {"type": "Point", "coordinates": [22.7008, 43.8092]}, "properties": {"name": "Vidin", "min_label": 8.0}}, {"type": "Feature", "geometry": {"type": "Point", "coordinates": [22.2686, 44.3824]}, "properties": {"name": "Borski", "min_label": 9.0}}, {"type": "Feature", "geometry": {"type": "Point", "coordinates": [22.1524, 43.6834]}, "properties": {"name": "Zajecarski", "min_label": 9.0}}, {"type": "Feature", "geometry": {"type": "Point", "coordinates": [22.5488, 43.1029]}, "properties": {"name": "Pirotski", "min_label": 9.0}}, {"type": "Feature", "geometry": {"type": "Point", "coordinates": [22.8519, 42.6064]}, "properties": {"name": "Pernik", "min_label": 8.0}}, {"type": "Feature", "geometry": {"type": "Point", "coordinates": [23.606, 42.288]}, "properties": {"name": "Sofia", "min_label": 8.0}}, {"type": "Feature", "geometry": {"type": "Point", "coordinates": [23.1788, 43.487]}, "properties": {"name": "Montana", "min_label": 8.0}}, {"type": "Feature", "geometry": {"type": "Point", "coordinates": [21.9611, 42.964]}, "properties": {"name": "Jablanicki", "min_label": 9.0}}, {"type": "Feature", "geometry": {"type": "Point", "coordinates": [22.9371, 42.2381]}, "properties": {"name": "Kyustendil", "min_label": 8.0}}, {"type": "Feature", "geometry": {"type": "Point", "coordinates": [22.7429, 41.9187]}, "properties": {"name": "Del\u010devo", "min_label": 10.0}}, {"type": "Feature", "geometry": {"type": "Point", "coordinates": [22.5221, 42.0394]}, "properties": {"name": "Makedonska Kamenica", "min_label": 10.0}}, {"type": "Feature", "geometry": {"type": "Point", "coordinates": [23.5213, 41.743]}, "properties": {"name": "Blagoevgrad", "min_label": 8.0}}, {"type": "Feature", "geometry": {"type": "Point", "coordinates": [22.8027, 41.6344]}, "properties": {"name": "Berovo", "min_label": 10.0}}, {"type": "Feature", "geometry": {"type": "Point", "coordinates": [22.8833, 41.7917]}, "properties": {"name": "Peh\u010devo", "min_label": 10.0}}, {"type": "Feature", "geometry": {"type": "Point", "coordinates": [16.8699, 42.761]}, "properties": {"name": "Dubrovacko-Neretvanska", "min_label": 9.0}}, {"type": "Feature", "geometry": {"type": "Point", "coordinates": [18.6027, 42.4041]}, "properties": {"name": "Herceg Novi", "min_label": 10.0}}, {"type": "Feature", "geometry": {"type": "Point", "coordinates": [17.8878, 43.3226]}, "properties": {"name": "Herzegovina-Neretva", "min_label": 9.0}}, {"type": "Feature", "geometry": {"type": "Point", "coordinates": [18.3391, 43.1037]}, "properties": {"name": "Trebinje", "min_label": 9.0}}, {"type": "Feature", "geometry": {"type": "Point", "coordinates": [30.3139, -0.976405]}, "properties": {"name": "Ntungamo", "min_label": 10.0}}, {"type": "Feature", "geometry": {"type": "Point", "coordinates": [30.8706, -0.848191]}, "properties": {"name": "Isingiro", "min_label": 10.0}}, {"type": "Feature", "geometry": {"type": "Point", "coordinates": [29.8587, -1.61148]}, "properties": {"name": "Northern", "min_label": 8.7}}, {"type": "Feature", "geometry": {"type": "Point", "coordinates": [30.0088, -1.23122]}, "properties": {"name": "Kabale", "min_label": 10.0}}, {"type": "Feature", "geometry": {"type": "Point", "coordinates": [29.6865, -1.21098]}, "properties": {"name": "Kisoro", "min_label": 10.0}}, {"type": "Feature", "geometry": {"type": "Point", "coordinates": [-75.1964, 19.9347]}, "properties": {"name": "Guantanamo Bay USNB", "min_label": 18.0}}, {"type": "Feature", "geometry": {"type": "Point", "coordinates": [-74.8112, 20.2358]}, "properties": {"name": "Guant\u00e1namo", "min_label": 7.7}}, {"type": "Feature", "geometry": {"type": "Point", "coordinates": [79.2841, 30.0576]}, "properties": {"name": "Uttarakhand", "min_label": 4.6}}, {"type": "Feature", "geometry": {"type": "Point", "coordinates": [20.7944, 43.1033]}, "properties": {"name": "Leposavi\u0107", "min_label": 10.0}}, {"type": "Feature", "geometry": {"type": "Point", "coordinates": [20.5783, 43.3811]}, "properties": {"name": "Ra\u0161ki", "min_label": 9.0}}, {"type": "Feature", "geometry": {"type": "Point", "coordinates": [21.1638, 43.5211]}, "properties": {"name": "Pomoravski", "min_label": 9.0}}, {"type": "Feature", "geometry": {"type": "Point", "coordinates": [21.3637, 43.1198]}, "properties": {"name": "Toplicki", "min_label": 9.0}}, {"type": "Feature", "geometry": {"type": "Point", "coordinates": [21.1831, 42.867]}, "properties": {"name": "Podujevo", "min_label": 10.0}}, {"type": "Feature", "geometry": {"type": "Point", "coordinates": [20.662, 42.9245]}, "properties": {"name": "Zubin Potok", "min_label": 10.0}}, {"type": "Feature", "geometry": {"type": "Point", "coordinates": [20.7736, 42.9494]}, "properties": {"name": "Zve\u010dan", "min_label": 10.0}}, {"type": "Feature", "geometry": {"type": "Point", "coordinates": [20.4919, 42.7655]}, "properties": {"name": "Istok", "min_label": 10.0}}, {"type": "Feature", "geometry": {"type": "Point", "coordinates": [21.2515, 42.6882]}, "properties": {"name": "Pri\u0161tina", "min_label": 10.0}}, {"type": "Feature", "geometry": {"type": "Point", "coordinates": [21.5916, 42.5954]}, "properties": {"name": "Kosovska Kamenica", "min_label": 10.0}}, {"type": "Feature", "geometry": {"type": "Point", "coordinates": [20.2013, 42.8615]}, "properties": {"name": "Ro\u017eaje", "min_label": 10.0}}, {"type": "Feature", "geometry": {"type": "Point", "coordinates": [20.3112, 42.6569]}, "properties": {"name": "Pe\u0107", "min_label": 10.0}}, {"type": "Feature", "geometry": {"type": "Point", "coordinates": [19.9003, 42.8198]}, "properties": {"name": "Berane", "min_label": 10.0}}, {"type": "Feature", "geometry": {"type": "Point", "coordinates": [19.9168, 42.5985]}, "properties": {"name": "Plav", "min_label": 10.0}}, {"type": "Feature", "geometry": {"type": "Point", "coordinates": [19.2264, 43.3019]}, "properties": {"name": "Pljevlja", "min_label": 10.0}}, {"type": "Feature", "geometry": {"type": "Point", "coordinates": [19.7284, 43.6263]}, "properties": {"name": "Zlatiborski", "min_label": 9.0}}, {"type": "Feature", "geometry": {"type": "Point", "coordinates": [19.7579, 43.0174]}, "properties": {"name": "Bijelo Polje", "min_label": 10.0}}, {"type": "Feature", "geometry": {"type": "Point", "coordinates": [-89.0399, 14.5248]}, "properties": {"name": "Ocotepeque", "min_label": 8.0}}, {"type": "Feature", "geometry": {"type": "Point", "coordinates": [-89.0591, 14.1895]}, "properties": {"name": "Chalatenango", "min_label": 10.0}}, {"type": "Feature", "geometry": {"type": "Point", "coordinates": [-88.6478, 14.4408]}, "properties": {"name": "Lempira", "min_label": 8.0}}, {"type": "Feature", "geometry": {"type": "Point", "coordinates": [-88.7326, 13.9079]}, "properties": {"name": "Caba\u00f1as", "min_label": 10.0}}, {"type": "Feature", "geometry": {"type": "Point", "coordinates": [-88.1754, 14.3981]}, "properties": {"name": "Intibuc\u00e1", "min_label": 8.0}}, {"type": "Feature", "geometry": {"type": "Point", "coordinates": [-88.1055, 13.7736]}, "properties": {"name": "Moraz\u00e1n", "min_label": 10.0}}, {"type": "Feature", "geometry": {"type": "Point", "coordinates": [-87.9144, 14.138]}, "properties": {"name": "La Paz", "min_label": 8.0}}, {"type": "Feature", "geometry": {"type": "Point", "coordinates": [-88.1953, 13.4882]}, "properties": {"name": "San Miguel", "min_label": 10.0}}, {"type": "Feature", "geometry": {"type": "Point", "coordinates": [-87.9301, 13.302]}, "properties": {"name": "La Uni\u00f3n", "min_label": 10.0}}, {"type": "Feature", "geometry": {"type": "Point", "coordinates": [-87.5992, 13.5753]}, "properties": {"name": "Valle", "min_label": 8.0}}, {"type": "Feature", "geometry": {"type": "Point", "coordinates": [-84.1501, 13.997]}, "properties": {"name": "Atl\u00e1ntico Norte", "min_label": 7.7}}, {"type": "Feature", "geometry": {"type": "Point", "coordinates": [-85.9937, 14.8052]}, "properties": {"name": "Olancho", "min_label": 8.0}}, {"type": "Feature", "geometry": {"type": "Point", "coordinates": [-84.3701, 15.1219]}, "properties": {"name": "Gracias a Dios", "min_label": 8.0}}, {"type": "Feature", "geometry": {"type": "Point", "coordinates": [-85.5417, 13.6975]}, "properties": {"name": "Jinotega", "min_label": 7.7}}, {"type": "Feature", "geometry": {"type": "Point", "coordinates": [-86.5592, 14.037]}, "properties": {"name": "El Para\u00edso", "min_label": 8.0}}, {"type": "Feature", "geometry": {"type": "Point", "coordinates": [-86.2589, 13.7183]}, "properties": {"name": "Nueva Segovia", "min_label": 7.7}}, {"type": "Feature", "geometry": {"type": "Point", "coordinates": [-87.1702, 12.7475]}, "properties": {"name": "Chinandega", "min_label": 7.7}}, {"type": "Feature", "geometry": {"type": "Point", "coordinates": [-87.1074, 13.2587]}, "properties": {"name": "Choluteca", "min_label": 8.0}}, {"type": "Feature", "geometry": {"type": "Point", "coordinates": [-86.412, 13.4963]}, "properties": {"name": "Madriz", "min_label": 7.7}}, {"type": "Feature", "geometry": {"type": "Point", "coordinates": [-78.9448, 1.29253]}, "properties": {"name": "Esmeraldas", "min_label": 8.0}}, {"type": "Feature", "geometry": {"type": "Point", "coordinates": [-77.9777, 1.60168]}, "properties": {"name": "Nari\u00f1o", "min_label": 6.7}}, {"type": "Feature", "geometry": {"type": "Point", "coordinates": [-78.0243, 0.686611]}, "properties": {"name": "Carchi", "min_label": 8.0}}, {"type": "Feature", "geometry": {"type": "Point", "coordinates": [-76.6135, -0.085516]}, "properties": {"name": "Sucumbios", "min_label": 8.0}}, {"type": "Feature", "geometry": {"type": "Point", "coordinates": [-75.5514, 0.420217]}, "properties": {"name": "Putumayo", "min_label": 6.7}}, {"type": "Feature", "geometry": {"type": "Point", "coordinates": [-56.8988, 5.64956]}, "properties": {"name": "Nickerie", "min_label": 8.0}}, {"type": "Feature", "geometry": {"type": "Point", "coordinates": [-54.3667, 5.57938]}, "properties": {"name": "Marowijne", "min_label": 8.0}}, {"type": "Feature", "geometry": {"type": "Point", "coordinates": [-63.8005, -21.5039]}, "properties": {"name": "Tarija", "min_label": 6.6}}, {"type": "Feature", "geometry": {"type": "Point", "coordinates": [-60.9776, -22.0943]}, "properties": {"name": "Boquer\u00f3n", "min_label": 6.7}}, {"type": "Feature", "geometry": {"type": "Point", "coordinates": [-59.9494, -24.9146]}, "properties": {"name": "Formosa", "min_label": 6.0}}, {"type": "Feature", "geometry": {"type": "Point", "coordinates": [-58.9417, -23.4234]}, "properties": {"name": "Presidente Hayes", "min_label": 6.7}}, {"type": "Feature", "geometry": {"type": "Point", "coordinates": [-57.5265, -25.6711]}, "properties": {"name": "Central", "min_label": 6.7}}, {"type": "Feature", "geometry": {"type": "Point", "coordinates": [-57.5735, -25.3096]}, "properties": {"name": "Asunci\u00f3n", "min_label": 6.7}}, {"type": "Feature", "geometry": {"type": "Point", "coordinates": [-54.9426, -25.3757]}, "properties": {"name": "Alto Paran\u00e1", "min_label": 6.7}}, {"type": "Feature", "geometry": {"type": "Point", "coordinates": [-54.8406, -27.1262]}, "properties": {"name": "Misiones", "min_label": 6.0}}, {"type": "Feature", "geometry": {"type": "Point", "coordinates": [-55.6773, -26.8545]}, "properties": {"name": "Itap\u00faa", "min_label": 6.7}}, {"type": "Feature", "geometry": {"type": "Point", "coordinates": [-57.9275, -26.6639]}, "properties": {"name": "\u00d1eembuc\u00fa", "min_label": 6.7}}, {"type": "Feature", "geometry": {"type": "Point", "coordinates": [-60.8752, -26.509]}, "properties": {"name": "Chaco", "min_label": 6.0}}, {"type": "Feature", "geometry": {"type": "Point", "coordinates": [-57.6482, -28.8387]}, "properties": {"name": "Corrientes", "min_label": 6.0}}, {"type": "Feature", "geometry": {"type": "Point", "coordinates": [-57.1187, -26.9861]}, "properties": {"name": "Misiones", "min_label": 6.7}}, {"type": "Feature", "geometry": {"type": "Point", "coordinates": [-61.137, -16.5168]}, "properties": {"name": "Santa Cruz", "min_label": 6.6}}, {"type": "Feature", "geometry": {"type": "Point", "coordinates": [-54.5502, -20.6756]}, "properties": {"name": "Mato Grosso do Sul", "min_label": 3.0}}, {"type": "Feature", "geometry": {"type": "Point", "coordinates": [-59.8709, -21.796]}, "properties": {"name": "Alto Paraguay", "min_label": 6.7}}, {"type": "Feature", "geometry": {"type": "Point", "coordinates": [-57.0543, -22.8458]}, "properties": {"name": "Concepci\u00f3n", "min_label": 6.7}}, {"type": "Feature", "geometry": {"type": "Point", "coordinates": [-56.1788, -23.2295]}, "properties": {"name": "Amambay", "min_label": 6.7}}, {"type": "Feature", "geometry": {"type": "Point", "coordinates": [-55.2022, -24.2567]}, "properties": {"name": "Canindey\u00fa", "min_label": 6.7}}, {"type": "Feature", "geometry": {"type": "Point", "coordinates": [-51.3228, -24.6618]}, "properties": {"name": "Paran\u00e1", "min_label": 3.0}}, {"type": "Feature", "geometry": {"type": "Point", "coordinates": [-51.1586, -27.0392]}, "properties": {"name": "Santa Catarina", "min_label": 3.0}}, {"type": "Feature", "geometry": {"type": "Point", "coordinates": [3.78515, 51.2837]}, "properties": {"name": "Zeeland", "min_label": 8.0}}, {"type": "Feature", "geometry": {"type": "Point", "coordinates": [3.83186, 50.9749]}, "properties": {"name": "East Flanders", "min_label": 8.7}}, {"type": "Feature", "geometry": {"type": "Point", "coordinates": [5.16122, 51.6008]}, "properties": {"name": "Noord-Brabant", "min_label": 8.0}}, {"type": "Feature", "geometry": {"type": "Point", "coordinates": [4.72122, 51.2485]}, "properties": {"name": "Antwerp", "min_label": 8.7}}, {"type": "Feature", "geometry": {"type": "Point", "coordinates": [5.41314, 50.9954]}, "properties": {"name": "Limburg", "min_label": 8.7}}, {"type": "Feature", "geometry": {"type": "Point", "coordinates": [9.00328, 48.59]}, "properties": {"name": "Baden-W\u00fcrttemberg", "min_label": 6.6}}, {"type": "Feature", "geometry": {"type": "Point", "coordinates": [8.6232, 47.7205]}, "properties": {"name": "Schaffhausen", "min_label": 8.7}}, {"type": "Feature", "geometry": {"type": "Point", "coordinates": [9.14593, 47.5858]}, "properties": {"name": "Thurgau", "min_label": 8.7}}, {"type": "Feature", "geometry": {"type": "Point", "coordinates": [8.6609, 47.4297]}, "properties": {"name": "Z\u00fcrich", "min_label": 8.7}}, {"type": "Feature", "geometry": {"type": "Point", "coordinates": [8.19995, 47.4176]}, "properties": {"name": "Aargau", "min_label": 8.7}}, {"type": "Feature", "geometry": {"type": "Point", "coordinates": [7.5898, 47.5605]}, "properties": {"name": "Basel-Stadt", "min_label": 8.7}}, {"type": "Feature", "geometry": {"type": "Point", "coordinates": [7.72662, 47.5056]}, "properties": {"name": "Basel-Landschaft", "min_label": 8.7}}, {"type": "Feature", "geometry": {"type": "Point", "coordinates": [7.56628, 48.6179]}, "properties": {"name": "Bas-Rhin", "min_label": 8.0}}, {"type": "Feature", "geometry": {"type": "Point", "coordinates": [7.25359, 47.886]}, "properties": {"name": "Haute-Rhin", "min_label": 8.0}}, {"type": "Feature", "geometry": {"type": "Point", "coordinates": [9.21267, 47.1524]}, "properties": {"name": "Sankt Gallen", "min_label": 8.7}}, {"type": "Feature", "geometry": {"type": "Point", "coordinates": [9.51826, 47.1469]}, "properties": {"name": "Vaduz", "min_label": 11.0}}, {"type": "Feature", "geometry": {"type": "Point", "coordinates": [9.50213, 47.2052]}, "properties": {"name": "Gamprin", "min_label": 11.0}}, {"type": "Feature", "geometry": {"type": "Point", "coordinates": [7.41999, 47.4325]}, "properties": {"name": "Solothurn", "min_label": 8.7}}, {"type": "Feature", "geometry": {"type": "Point", "coordinates": [7.19817, 47.3636]}, "properties": {"name": "Jura", "min_label": 8.7}}, {"type": "Feature", "geometry": {"type": "Point", "coordinates": [6.93675, 47.6568]}, "properties": {"name": "Territoire de Belfort", "min_label": 8.0}}, {"type": "Feature", "geometry": {"type": "Point", "coordinates": [6.31895, 47.1584]}, "properties": {"name": "Doubs", "min_label": 8.0}}, {"type": "Feature", "geometry": {"type": "Point", "coordinates": [6.11764, 46.237]}, "properties": {"name": "Gen\u00e8ve", "min_label": 8.7}}, {"type": "Feature", "geometry": {"type": "Point", "coordinates": [5.37744, 46.084]}, "properties": {"name": "Ain", "min_label": 8.0}}, {"type": "Feature", "geometry": {"type": "Point", "coordinates": [6.5118, 46.6204]}, "properties": {"name": "Vaud", "min_label": 8.7}}, {"type": "Feature", "geometry": {"type": "Point", "coordinates": [5.72845, 46.732]}, "properties": {"name": "Jura", "min_label": 8.0}}, {"type": "Feature", "geometry": {"type": "Point", "coordinates": [6.76076, 46.9893]}, "properties": {"name": "Neuch\u00e2tel", "min_label": 8.7}}, {"type": "Feature", "geometry": {"type": "Point", "coordinates": [-6.26724, 38.5731]}, "properties": {"name": "Badajoz", "min_label": 7.7}}, {"type": "Feature", "geometry": {"type": "Point", "coordinates": [-7.88463, 38.6036]}, "properties": {"name": "\u00c9vora", "min_label": 7.7}}, {"type": "Feature", "geometry": {"type": "Point", "coordinates": [-7.65389, 39.2822]}, "properties": {"name": "Portalegre", "min_label": 7.7}}, {"type": "Feature", "geometry": {"type": "Point", "coordinates": [16.017, 46.799]}, "properties": {"name": "Roga\u0161ovci", "min_label": 11.0}}, {"type": "Feature", "geometry": {"type": "Point", "coordinates": [14.8565, 47.3901]}, "properties": {"name": "Steiermark", "min_label": 7.7}}, {"type": "Feature", "geometry": {"type": "Point", "coordinates": [16.0462, 46.7083]}, "properties": {"name": "Cankova", "min_label": 11.0}}, {"type": "Feature", "geometry": {"type": "Point", "coordinates": [15.9663, 46.6256]}, "properties": {"name": "Gornja Radgona", "min_label": 11.0}}, {"type": "Feature", "geometry": {"type": "Point", "coordinates": [15.8873, 46.6914]}, "properties": {"name": "Apace", "min_label": 11.0}}, {"type": "Feature", "geometry": {"type": "Point", "coordinates": [15.713, 46.6904]}, "properties": {"name": "\u0160entilj", "min_label": 11.0}}, {"type": "Feature", "geometry": {"type": "Point", "coordinates": [15.5921, 46.6527]}, "properties": {"name": "Kungota", "min_label": 11.0}}, {"type": "Feature", "geometry": {"type": "Point", "coordinates": [15.6414, 46.556]}, "properties": {"name": "Maribor", "min_label": 11.0}}, {"type": "Feature", "geometry": {"type": "Point", "coordinates": [15.4976, 46.5799]}, "properties": {"name": "Selnica ob Dravi", "min_label": 11.0}}, {"type": "Feature", "geometry": {"type": "Point", "coordinates": [15.2526, 46.6029]}, "properties": {"name": "Radlje ob Dravi", "min_label": 11.0}}, {"type": "Feature", "geometry": {"type": "Point", "coordinates": [15.1348, 46.6223]}, "properties": {"name": "Muta", "min_label": 11.0}}, {"type": "Feature", "geometry": {"type": "Point", "coordinates": [15.0226, 46.5906]}, "properties": {"name": "Dravograd", "min_label": 11.0}}, {"type": "Feature", "geometry": {"type": "Point", "coordinates": [15.3569, 46.6021]}, "properties": {"name": "Podvelka", "min_label": 11.0}}, {"type": "Feature", "geometry": {"type": "Point", "coordinates": [14.9541, 46.5451]}, "properties": {"name": "Ravne na Koro\u0161kem", "min_label": 11.0}}, {"type": "Feature", "geometry": {"type": "Point", "coordinates": [14.8823, 46.5675]}, "properties": {"name": "Prevalje", "min_label": 11.0}}, {"type": "Feature", "geometry": {"type": "Point", "coordinates": [14.8493, 46.5281]}, "properties": {"name": "Me\u017eica", "min_label": 11.0}}, {"type": "Feature", "geometry": {"type": "Point", "coordinates": [14.819, 46.4704]}, "properties": {"name": "\u010crna na Koro\u0161kem", "min_label": 11.0}}, {"type": "Feature", "geometry": {"type": "Point", "coordinates": [14.3377, 46.3883]}, "properties": {"name": "Tr\u017ei\u010d", "min_label": 11.0}}, {"type": "Feature", "geometry": {"type": "Point", "coordinates": [14.1816, 46.4111]}, "properties": {"name": "\u017dirovnica", "min_label": 11.0}}, {"type": "Feature", "geometry": {"type": "Point", "coordinates": [14.0702, 46.4477]}, "properties": {"name": "Jesenice", "min_label": 11.0}}, {"type": "Feature", "geometry": {"type": "Point", "coordinates": [14.6582, 46.4114]}, "properties": {"name": "Solcava", "min_label": 11.0}}, {"type": "Feature", "geometry": {"type": "Point", "coordinates": [14.4871, 46.3897]}, "properties": {"name": "Jezersko", "min_label": 11.0}}, {"type": "Feature", "geometry": {"type": "Point", "coordinates": [18.7352, 43.4443]}, "properties": {"name": "Fo\u010da", "min_label": 9.0}}, {"type": "Feature", "geometry": {"type": "Point", "coordinates": [19.2003, 43.1148]}, "properties": {"name": "\u017dabljak", "min_label": 10.0}}, {"type": "Feature", "geometry": {"type": "Point", "coordinates": [18.8229, 43.1483]}, "properties": {"name": "Plu\u017eine", "min_label": 10.0}}, {"type": "Feature", "geometry": {"type": "Point", "coordinates": [18.8259, 42.8341]}, "properties": {"name": "Nik\u0161ic", "min_label": 10.0}}, {"type": "Feature", "geometry": {"type": "Point", "coordinates": [18.65, 42.5415]}, "properties": {"name": "Kotor", "min_label": 10.0}}, {"type": "Feature", "geometry": {"type": "Point", "coordinates": [16.4156, 45.4687]}, "properties": {"name": "Sisacko-Moslavacka", "min_label": 9.0}}, {"type": "Feature", "geometry": {"type": "Point", "coordinates": [17.2619, 44.8146]}, "properties": {"name": "Banja Luka", "min_label": 9.0}}, {"type": "Feature", "geometry": {"type": "Point", "coordinates": [17.8112, 45.1454]}, "properties": {"name": "Brodsko-Posavska", "min_label": 9.0}}, {"type": "Feature", "geometry": {"type": "Point", "coordinates": [16.299, 44.6409]}, "properties": {"name": "Una-Sana", "min_label": 9.0}}, {"type": "Feature", "geometry": {"type": "Point", "coordinates": [15.4054, 45.3396]}, "properties": {"name": "Karlovacka", "min_label": 9.0}}, {"type": "Feature", "geometry": {"type": "Point", "coordinates": [15.7536, 44.2007]}, "properties": {"name": "Zadarska", "min_label": 9.0}}, {"type": "Feature", "geometry": {"type": "Point", "coordinates": [18.0675, 44.9307]}, "properties": {"name": "Doboj", "min_label": 9.0}}, {"type": "Feature", "geometry": {"type": "Point", "coordinates": [18.2977, 45.06]}, "properties": {"name": "Posavina", "min_label": 9.0}}, {"type": "Feature", "geometry": {"type": "Point", "coordinates": [18.9549, 45.1467]}, "properties": {"name": "Vukovarsko-Srijemska", "min_label": 9.0}}, {"type": "Feature", "geometry": {"type": "Point", "coordinates": [18.854, 44.8305]}, "properties": {"name": "Br\u010dko Distrikt", "min_label": 9.0}}, {"type": "Feature", "geometry": {"type": "Point", "coordinates": [19.1471, 44.7513]}, "properties": {"name": "Bijeljina", "min_label": 9.0}}, {"type": "Feature", "geometry": {"type": "Point", "coordinates": [16.8584, 43.9773]}, "properties": {"name": "West Bosnia", "min_label": 9.0}}, {"type": "Feature", "geometry": {"type": "Point", "coordinates": [16.788, 43.5266]}, "properties": {"name": "Splitsko-Dalmatinska", "min_label": 9.0}}, {"type": "Feature", "geometry": {"type": "Point", "coordinates": [17.4063, 43.3908]}, "properties": {"name": "West Herzegovina", "min_label": 9.0}}, {"type": "Feature", "geometry": {"type": "Point", "coordinates": [19.6739, 45.0381]}, "properties": {"name": "Sremski", "min_label": 9.0}}, {"type": "Feature", "geometry": {"type": "Point", "coordinates": [19.4948, 44.5988]}, "properties": {"name": "Macvanski", "min_label": 9.0}}, {"type": "Feature", "geometry": {"type": "Point", "coordinates": [19.0758, 44.1968]}, "properties": {"name": "Vlasenica", "min_label": 9.0}}, {"type": "Feature", "geometry": {"type": "Point", "coordinates": [19.647, 45.3888]}, "properties": {"name": "Ju\u017eno-Backi", "min_label": 9.0}}, {"type": "Feature", "geometry": {"type": "Point", "coordinates": [17.1882, 48.2935]}, "properties": {"name": "Bratislavsk\u00fd", "min_label": 7.7}}, {"type": "Feature", "geometry": {"type": "Point", "coordinates": [17.6989, 48.3422]}, "properties": {"name": "Trnavsk\u00fd", "min_label": 7.7}}, {"type": "Feature", "geometry": {"type": "Point", "coordinates": [18.0952, 48.8824]}, "properties": {"name": "Trenciansky", "min_label": 7.7}}, {"type": "Feature", "geometry": {"type": "Point", "coordinates": [17.7745, 49.1837]}, "properties": {"name": "Zl\u00ednsk\u00fd", "min_label": 7.7}}, {"type": "Feature", "geometry": {"type": "Point", "coordinates": [21.0983, 48.2104]}, "properties": {"name": "Borsod-Aba\u00faj-Zempl\u00e9n", "min_label": 8.0}}, {"type": "Feature", "geometry": {"type": "Point", "coordinates": [19.477, 48.5213]}, "properties": {"name": "Banskobystrick\u00fd", "min_label": 7.7}}, {"type": "Feature", "geometry": {"type": "Point", "coordinates": [19.5146, 47.9662]}, "properties": {"name": "N\u00f3gr\u00e1d", "min_label": 8.0}}, {"type": "Feature", "geometry": {"type": "Point", "coordinates": [19.7907, 48.1057]}, "properties": {"name": "Salg\u00f3tarj\u00e1n", "min_label": 8.0}}, {"type": "Feature", "geometry": {"type": "Point", "coordinates": [18.3966, 48.1443]}, "properties": {"name": "Nitriansky", "min_label": 7.7}}, {"type": "Feature", "geometry": {"type": "Point", "coordinates": [18.2244, 47.6697]}, "properties": {"name": "Kom\u00e1rom-Esztergom", "min_label": 8.0}}, {"type": "Feature", "geometry": {"type": "Point", "coordinates": [19.4435, 47.4344]}, "properties": {"name": "Pest", "min_label": 8.0}}, {"type": "Feature", "geometry": {"type": "Point", "coordinates": [15.4552, 52.2372]}, "properties": {"name": "Lubusz", "min_label": 6.7}}, {"type": "Feature", "geometry": {"type": "Point", "coordinates": [12.9206, 52.8156]}, "properties": {"name": "Brandenburg", "min_label": 6.6}}, {"type": "Feature", "geometry": {"type": "Point", "coordinates": [15.5906, 53.5878]}, "properties": {"name": "West Pomeranian", "min_label": 6.7}}, {"type": "Feature", "geometry": {"type": "Point", "coordinates": [12.5647, 53.7528]}, "properties": {"name": "Mecklenburg-Vorpommern", "min_label": 6.6}}, {"type": "Feature", "geometry": {"type": "Point", "coordinates": [22.9252, 44.5837]}, "properties": {"name": "Mehedinti", "min_label": 8.0}}, {"type": "Feature", "geometry": {"type": "Point", "coordinates": [23.5718, 44.219]}, "properties": {"name": "Dolj", "min_label": 8.0}}, {"type": "Feature", "geometry": {"type": "Point", "coordinates": [27.0072, 43.9352]}, "properties": {"name": "Silistra", "min_label": 8.0}}, {"type": "Feature", "geometry": {"type": "Point", "coordinates": [27.1514, 44.3144]}, "properties": {"name": "Calarasi", "min_label": 8.0}}, {"type": "Feature", "geometry": {"type": "Point", "coordinates": [25.9305, 43.6211]}, "properties": {"name": "Ruse", "min_label": 8.0}}, {"type": "Feature", "geometry": {"type": "Point", "coordinates": [25.1818, 44.0831]}, "properties": {"name": "Teleorman", "min_label": 8.0}}, {"type": "Feature", "geometry": {"type": "Point", "coordinates": [25.978, 44.1133]}, "properties": {"name": "Giurgiu", "min_label": 8.0}}, {"type": "Feature", "geometry": {"type": "Point", "coordinates": [28.4763, 44.5099]}, "properties": {"name": "Constanta", "min_label": 8.0}}, {"type": "Feature", "geometry": {"type": "Point", "coordinates": [27.9018, 43.6874]}, "properties": {"name": "Dobrich", "min_label": 8.0}}, {"type": "Feature", "geometry": {"type": "Point", "coordinates": [23.832, 43.4325]}, "properties": {"name": "Vratsa", "min_label": 8.0}}, {"type": "Feature", "geometry": {"type": "Point", "coordinates": [24.3781, 44.3288]}, "properties": {"name": "Olt", "min_label": 8.0}}, {"type": "Feature", "geometry": {"type": "Point", "coordinates": [24.6181, 43.4953]}, "properties": {"name": "Pleven", "min_label": 8.0}}, {"type": "Feature", "geometry": {"type": "Point", "coordinates": [25.6222, 42.8079]}, "properties": {"name": "Veliko Tarnovo", "min_label": 8.0}}, {"type": "Feature", "geometry": {"type": "Point", "coordinates": [20.5398, 45.4421]}, "properties": {"name": "Srednje-Banatski", "min_label": 9.0}}, {"type": "Feature", "geometry": {"type": "Point", "coordinates": [20.9652, 45.0065]}, "properties": {"name": "Ju\u017eno-Banatski", "min_label": 9.0}}, {"type": "Feature", "geometry": {"type": "Point", "coordinates": [22.0247, 45.0625]}, "properties": {"name": "Caras-Severin", "min_label": 8.0}}, {"type": "Feature", "geometry": {"type": "Point", "coordinates": [21.5363, 44.4632]}, "properties": {"name": "Branicevski", "min_label": 9.0}}, {"type": "Feature", "geometry": {"type": "Point", "coordinates": [25.2076, 41.1043]}, "properties": {"name": "Anatoliki Makedonia kai Thraki", "min_label": 7.7}}, {"type": "Feature", "geometry": {"type": "Point", "coordinates": [25.5852, 41.5377]}, "properties": {"name": "Kardzhali", "min_label": 8.0}}, {"type": "Feature", "geometry": {"type": "Point", "coordinates": [24.6089, 41.6644]}, "properties": {"name": "Smolyan", "min_label": 8.0}}, {"type": "Feature", "geometry": {"type": "Point", "coordinates": [19.7573, 42.2144]}, "properties": {"name": "Shkod\u00ebr", "min_label": 9.0}}, {"type": "Feature", "geometry": {"type": "Point", "coordinates": [19.7688, 42.6933]}, "properties": {"name": "Andrijevica", "min_label": 10.0}}, {"type": "Feature", "geometry": {"type": "Point", "coordinates": [19.3069, 42.4462]}, "properties": {"name": "Podgorica", "min_label": 10.0}}, {"type": "Feature", "geometry": {"type": "Point", "coordinates": [19.1463, 42.1416]}, "properties": {"name": "Bar", "min_label": 10.0}}, {"type": "Feature", "geometry": {"type": "Point", "coordinates": [19.2564, 42.0039]}, "properties": {"name": "Ulcinj", "min_label": 10.0}}, {"type": "Feature", "geometry": {"type": "Point", "coordinates": [26.7668, 47.868]}, "properties": {"name": "Botosani", "min_label": 8.0}}, {"type": "Feature", "geometry": {"type": "Point", "coordinates": [26.9644, 48.2646]}, "properties": {"name": "Briceni", "min_label": 10.0}}, {"type": "Feature", "geometry": {"type": "Point", "coordinates": [27.2978, 48.1332]}, "properties": {"name": "Edine\u0163", "min_label": 10.0}}, {"type": "Feature", "geometry": {"type": "Point", "coordinates": [27.5565, 47.9614]}, "properties": {"name": "R\u00ee\u015fcani", "min_label": 10.0}}, {"type": "Feature", "geometry": {"type": "Point", "coordinates": [27.5658, 47.7495]}, "properties": {"name": "Glodeni", "min_label": 10.0}}, {"type": "Feature", "geometry": {"type": "Point", "coordinates": [27.7231, 47.57]}, "properties": {"name": "F\u0103le\u015fti", "min_label": 10.0}}, {"type": "Feature", "geometry": {"type": "Point", "coordinates": [27.3031, 47.2053]}, "properties": {"name": "Iasi", "min_label": 8.0}}, {"type": "Feature", "geometry": {"type": "Point", "coordinates": [27.9072, 47.2556]}, "properties": {"name": "Ungheni", "min_label": 10.0}}, {"type": "Feature", "geometry": {"type": "Point", "coordinates": [28.2369, 47.0476]}, "properties": {"name": "Nisporeni", "min_label": 10.0}}, {"type": "Feature", "geometry": {"type": "Point", "coordinates": [28.416, 46.8298]}, "properties": {"name": "H\u00eencesti", "min_label": 10.0}}, {"type": "Feature", "geometry": {"type": "Point", "coordinates": [27.7259, 46.5225]}, "properties": {"name": "Vaslui", "min_label": 8.0}}, {"type": "Feature", "geometry": {"type": "Point", "coordinates": [28.4105, 46.5654]}, "properties": {"name": "Leova", "min_label": 10.0}}, {"type": "Feature", "geometry": {"type": "Point", "coordinates": [28.3107, 46.262]}, "properties": {"name": "Cantemir", "min_label": 10.0}}, {"type": "Feature", "geometry": {"type": "Point", "coordinates": [28.3144, 45.64]}, "properties": {"name": "Cahul", "min_label": 10.0}}, {"type": "Feature", "geometry": {"type": "Point", "coordinates": [27.7329, 45.7861]}, "properties": {"name": "Galati", "min_label": 8.0}}, {"type": "Feature", "geometry": {"type": "Point", "coordinates": [26.2156, 48.2892]}, "properties": {"name": "Chernivtsi", "min_label": 6.7}}, {"type": "Feature", "geometry": {"type": "Point", "coordinates": [25.8089, 47.2144]}, "properties": {"name": "Suceava", "min_label": 8.0}}, {"type": "Feature", "geometry": {"type": "Point", "coordinates": [23.9992, 47.6435]}, "properties": {"name": "Maramures", "min_label": 8.0}}, {"type": "Feature", "geometry": {"type": "Point", "coordinates": [24.6363, 48.665]}, "properties": {"name": "Ivano-Frankivs'k", "min_label": 6.7}}, {"type": "Feature", "geometry": {"type": "Point", "coordinates": [29.7568, 46.0315]}, "properties": {"name": "Odessa", "min_label": 6.7}}, {"type": "Feature", "geometry": {"type": "Point", "coordinates": [28.6227, 45.0257]}, "properties": {"name": "Tulcea", "min_label": 8.0}}, {"type": "Feature", "geometry": {"type": "Point", "coordinates": [27.5685, 48.4024]}, "properties": {"name": "Ocni\u0163a", "min_label": 10.0}}, {"type": "Feature", "geometry": {"type": "Point", "coordinates": [28.7233, 48.9623]}, "properties": {"name": "Vinnytsya", "min_label": 6.7}}, {"type": "Feature", "geometry": {"type": "Point", "coordinates": [27.7632, 48.2339]}, "properties": {"name": "Donduseni", "min_label": 10.0}}, {"type": "Feature", "geometry": {"type": "Point", "coordinates": [28.2477, 48.1034]}, "properties": {"name": "Soroca", "min_label": 10.0}}, {"type": "Feature", "geometry": {"type": "Point", "coordinates": [28.7044, 48.0369]}, "properties": {"name": "Camenca", "min_label": 10.0}}, {"type": "Feature", "geometry": {"type": "Point", "coordinates": [29.084, 47.7344]}, "properties": {"name": "Rezina", "min_label": 10.0}}, {"type": "Feature", "geometry": {"type": "Point", "coordinates": [29.1763, 47.1532]}, "properties": {"name": "St\u00eeng\u0103 Nistrului", "min_label": 10.0}}, {"type": "Feature", "geometry": {"type": "Point", "coordinates": [29.4396, 47.1194]}, "properties": {"name": "Grigoriopol", "min_label": 10.0}}, {"type": "Feature", "geometry": {"type": "Point", "coordinates": [29.6966, 46.7897]}, "properties": {"name": "Bender", "min_label": 10.0}}, {"type": "Feature", "geometry": {"type": "Point", "coordinates": [29.7739, 46.5031]}, "properties": {"name": "\u0218tefan Vod\u0103", "min_label": 10.0}}, {"type": "Feature", "geometry": {"type": "Point", "coordinates": [29.3728, 46.6185]}, "properties": {"name": "Causeni", "min_label": 10.0}}, {"type": "Feature", "geometry": {"type": "Point", "coordinates": [28.7794, 46.5885]}, "properties": {"name": "Cimi\u015flia", "min_label": 10.0}}, {"type": "Feature", "geometry": {"type": "Point", "coordinates": [28.8846, 46.3726]}, "properties": {"name": "Basarabeasca", "min_label": 10.0}}, {"type": "Feature", "geometry": {"type": "Point", "coordinates": [28.7033, 45.8995]}, "properties": {"name": "Taraclia", "min_label": 10.0}}, {"type": "Feature", "geometry": {"type": "Point", "coordinates": [28.6386, 46.191]}, "properties": {"name": "Comrat", "min_label": 10.0}}, {"type": "Feature", "geometry": {"type": "Point", "coordinates": [22.8943, 51.2088]}, "properties": {"name": "Lublin", "min_label": 6.7}}, {"type": "Feature", "geometry": {"type": "Point", "coordinates": [24.0372, 49.8152]}, "properties": {"name": "L'viv", "min_label": 6.7}}, {"type": "Feature", "geometry": {"type": "Point", "coordinates": [27.6246, 56.1183]}, "properties": {"name": "Dagdas", "min_label": 10.0}}, {"type": "Feature", "geometry": {"type": "Point", "coordinates": [27.3415, 55.9319]}, "properties": {"name": "Kraslavas", "min_label": 10.0}}, {"type": "Feature", "geometry": {"type": "Point", "coordinates": [21.2287, 54.6636]}, "properties": {"name": "Kaliningrad", "min_label": 4.7}}, {"type": "Feature", "geometry": {"type": "Point", "coordinates": [22.6458, 55.2657]}, "properties": {"name": "Taurages", "min_label": 7.0}}, {"type": "Feature", "geometry": {"type": "Point", "coordinates": [33.0803, 54.6726]}, "properties": {"name": "Smolensk", "min_label": 4.7}}, {"type": "Feature", "geometry": {"type": "Point", "coordinates": [30.4041, 53.8241]}, "properties": {"name": "Mogilev", "min_label": 6.6}}, {"type": "Feature", "geometry": {"type": "Point", "coordinates": [33.2803, 53.0868]}, "properties": {"name": "Bryansk", "min_label": 4.7}}, {"type": "Feature", "geometry": {"type": "Point", "coordinates": [34.3159, 50.8153]}, "properties": {"name": "Sumy", "min_label": 6.7}}, {"type": "Feature", "geometry": {"type": "Point", "coordinates": [36.2921, 51.7358]}, "properties": {"name": "Kursk", "min_label": 4.7}}, {"type": "Feature", "geometry": {"type": "Point", "coordinates": [37.277, 50.8757]}, "properties": {"name": "Belgorod", "min_label": 4.7}}, {"type": "Feature", "geometry": {"type": "Point", "coordinates": [36.4612, 49.4655]}, "properties": {"name": "Kharkiv", "min_label": 6.7}}, {"type": "Feature", "geometry": {"type": "Point", "coordinates": [39.0033, 48.9084]}, "properties": {"name": "Luhans'k", "min_label": 6.7}}, {"type": "Feature", "geometry": {"type": "Point", "coordinates": [40.5223, 50.7774]}, "properties": {"name": "Voronezh", "min_label": 4.7}}, {"type": "Feature", "geometry": {"type": "Point", "coordinates": [41.2613, 47.9913]}, "properties": {"name": "Rostov", "min_label": 4.7}}, {"type": "Feature", "geometry": {"type": "Point", "coordinates": [37.7933, 48.145]}, "properties": {"name": "Donets'k", "min_label": 6.7}}, {"type": "Feature", "geometry": {"type": "Point", "coordinates": [46.7723, 37.8501]}, "properties": {"name": "East Azarbaijan", "min_label": 6.6}}, {"type": "Feature", "geometry": {"type": "Point", "coordinates": [43.074, 40.3671]}, "properties": {"name": "Kars", "min_label": 7.0}}, {"type": "Feature", "geometry": {"type": "Point", "coordinates": [44.0736, 40.3213]}, "properties": {"name": "Aragatsotn", "min_label": 9.0}}, {"type": "Feature", "geometry": {"type": "Point", "coordinates": [44.0464, 40.0992]}, "properties": {"name": "Armavir", "min_label": 9.0}}, {"type": "Feature", "geometry": {"type": "Point", "coordinates": [47.7241, 38.9113]}, "properties": {"name": "Ardebil", "min_label": 6.6}}, {"type": "Feature", "geometry": {"type": "Point", "coordinates": [48.0606, 39.9121]}, "properties": {"name": "\u0130mi\u015fli", "min_label": 9.0}}, {"type": "Feature", "geometry": {"type": "Point", "coordinates": [48.3681, 39.4604]}, "properties": {"name": "Bil\u0259suvar", "min_label": 9.0}}, {"type": "Feature", "geometry": {"type": "Point", "coordinates": [48.4338, 39.1757]}, "properties": {"name": "C\u0259lilabad", "min_label": 9.0}}, {"type": "Feature", "geometry": {"type": "Point", "coordinates": [48.269, 38.866]}, "properties": {"name": "Yard\u0131ml\u0131", "min_label": 9.0}}, {"type": "Feature", "geometry": {"type": "Point", "coordinates": [48.4779, 38.7139]}, "properties": {"name": "Lerik", "min_label": 9.0}}, {"type": "Feature", "geometry": {"type": "Point", "coordinates": [46.9823, 39.2768]}, "properties": {"name": "C\u0259bray\u0131l", "min_label": 9.0}}, {"type": "Feature", "geometry": {"type": "Point", "coordinates": [47.322, 39.5574]}, "properties": {"name": "F\u00fczuli", "min_label": 9.0}}, {"type": "Feature", "geometry": {"type": "Point", "coordinates": [47.6611, 39.7591]}, "properties": {"name": "Beyl\u0259qan", "min_label": 9.0}}, {"type": "Feature", "geometry": {"type": "Point", "coordinates": [48.7049, 38.4938]}, "properties": {"name": "Astara", "min_label": 9.0}}, {"type": "Feature", "geometry": {"type": "Point", "coordinates": [49.5162, 37.0503]}, "properties": {"name": "Gilan", "min_label": 6.6}}, {"type": "Feature", "geometry": {"type": "Point", "coordinates": [109.341, 52.9061]}, "properties": {"name": "Buryat", "min_label": 4.7}}, {"type": "Feature", "geometry": {"type": "Point", "coordinates": [99.8205, 50.1456]}, "properties": {"name": "H\u00f6vsg\u00f6l", "min_label": 6.0}}, {"type": "Feature", "geometry": {"type": "Point", "coordinates": [93.9927, 51.6051]}, "properties": {"name": "Tuva", "min_label": 4.7}}, {"type": "Feature", "geometry": {"type": "Point", "coordinates": [103.196, 49.0014]}, "properties": {"name": "Bulgan", "min_label": 6.0}}, {"type": "Feature", "geometry": {"type": "Point", "coordinates": [92.8431, 49.6911]}, "properties": {"name": "Uvs", "min_label": 6.0}}, {"type": "Feature", "geometry": {"type": "Point", "coordinates": [106.46, 48.8536]}, "properties": {"name": "Selenge", "min_label": 6.0}}, {"type": "Feature", "geometry": {"type": "Point", "coordinates": [116.559, 52.159]}, "properties": {"name": "Chita", "min_label": 4.7}}, {"type": "Feature", "geometry": {"type": "Point", "coordinates": [96.1728, 48.615]}, "properties": {"name": "Dzavhan", "min_label": 6.0}}, {"type": "Feature", "geometry": {"type": "Point", "coordinates": [110.542, 47.7116]}, "properties": {"name": "Hentiy", "min_label": 6.0}}, {"type": "Feature", "geometry": {"type": "Point", "coordinates": [127.97, 46.8451]}, "properties": {"name": "Heilongjiang", "min_label": 4.6}}, {"type": "Feature", "geometry": {"type": "Point", "coordinates": [128.354, 52.9236]}, "properties": {"name": "Amur", "min_label": 4.7}}, {"type": "Feature", "geometry": {"type": "Point", "coordinates": [132.758, 48.64]}, "properties": {"name": "Yevrey", "min_label": 4.7}}, {"type": "Feature", "geometry": {"type": "Point", "coordinates": [135.443, 57.0232]}, "properties": {"name": "Khabarovsk", "min_label": 4.7}}, {"type": "Feature", "geometry": {"type": "Point", "coordinates": [134.594, 44.8622]}, "properties": {"name": "Primor'ye", "min_label": 4.7}}, {"type": "Feature", "geometry": {"type": "Point", "coordinates": [126.466, 43.2978]}, "properties": {"name": "Jilin", "min_label": 4.6}}, {"type": "Feature", "geometry": {"type": "Point", "coordinates": [129.417, 41.8666]}, "properties": {"name": "Hamgy\u014fng-bukto", "min_label": 8.0}}, {"type": "Feature", "geometry": {"type": "Point", "coordinates": [130.373, 42.3414]}, "properties": {"name": "Ras\u014fn", "min_label": 8.0}}, {"type": "Feature", "geometry": {"type": "Point", "coordinates": [127.875, 40.9611]}, "properties": {"name": "Ryanggang", "min_label": 8.0}}, {"type": "Feature", "geometry": {"type": "Point", "coordinates": [126.404, 40.6548]}, "properties": {"name": "Chagang-do", "min_label": 8.0}}, {"type": "Feature", "geometry": {"type": "Point", "coordinates": [123.07, 41.386]}, "properties": {"name": "Liaoning", "min_label": 4.6}}, {"type": "Feature", "geometry": {"type": "Point", "coordinates": [124.698, 39.5177]}, "properties": {"name": "P'y\u014fngan-bukto", "min_label": 8.0}}, {"type": "Feature", "geometry": {"type": "Point", "coordinates": [68.8037, 39.9519]}, "properties": {"name": "Sirdaryo", "min_label": 6.6}}, {"type": "Feature", "geometry": {"type": "Point", "coordinates": [67.6556, 40.3905]}, "properties": {"name": "Jizzakh", "min_label": 6.6}}, {"type": "Feature", "geometry": {"type": "Point", "coordinates": [66.3126, 39.9926]}, "properties": {"name": "Samarkand", "min_label": 6.6}}, {"type": "Feature", "geometry": {"type": "Point", "coordinates": [66.0231, 38.7774]}, "properties": {"name": "Kashkadarya", "min_label": 6.6}}, {"type": "Feature", "geometry": {"type": "Point", "coordinates": [67.4269, 37.9835]}, "properties": {"name": "Surkhandarya", "min_label": 6.6}}, {"type": "Feature", "geometry": {"type": "Point", "coordinates": [69.1055, 37.8063]}, "properties": {"name": "Khatlon", "min_label": 6.7}}, {"type": "Feature", "geometry": {"type": "Point", "coordinates": [69.8124, 36.8335]}, "properties": {"name": "Takhar", "min_label": 6.7}}, {"type": "Feature", "geometry": {"type": "Point", "coordinates": [68.682, 36.9043]}, "properties": {"name": "Kunduz", "min_label": 6.7}}, {"type": "Feature", "geometry": {"type": "Point", "coordinates": [67.2185, 36.6851]}, "properties": {"name": "Balkh", "min_label": 6.7}}, {"type": "Feature", "geometry": {"type": "Point", "coordinates": [63.4465, 38.6421]}, "properties": {"name": "Chardzhou", "min_label": 6.6}}, {"type": "Feature", "geometry": {"type": "Point", "coordinates": [65.9617, 36.8971]}, "properties": {"name": "Jawzjan", "min_label": 6.7}}, {"type": "Feature", "geometry": {"type": "Point", "coordinates": [64.7678, 35.8043]}, "properties": {"name": "Faryab", "min_label": 6.7}}, {"type": "Feature", "geometry": {"type": "Point", "coordinates": [62.5938, 36.7994]}, "properties": {"name": "Mary", "min_label": 6.6}}, {"type": "Feature", "geometry": {"type": "Point", "coordinates": [63.8495, 35.2699]}, "properties": {"name": "Badghis", "min_label": 6.7}}, {"type": "Feature", "geometry": {"type": "Point", "coordinates": [62.4845, 34.1551]}, "properties": {"name": "Hirat", "min_label": 6.7}}, {"type": "Feature", "geometry": {"type": "Point", "coordinates": [59.0838, 38.8103]}, "properties": {"name": "Ahal", "min_label": 6.6}}, {"type": "Feature", "geometry": {"type": "Point", "coordinates": [40.9092, 36.3536]}, "properties": {"name": "Hasaka (Al Haksa)", "min_label": 7.0}}, {"type": "Feature", "geometry": {"type": "Point", "coordinates": [40.9525, 37.4282]}, "properties": {"name": "Mardin", "min_label": 7.0}}, {"type": "Feature", "geometry": {"type": "Point", "coordinates": [38.9127, 36.0067]}, "properties": {"name": "Ar Raqqah", "min_label": 7.0}}, {"type": "Feature", "geometry": {"type": "Point", "coordinates": [39.0508, 37.3189]}, "properties": {"name": "Sanliurfa", "min_label": 7.0}}, {"type": "Feature", "geometry": {"type": "Point", "coordinates": [37.601, 36.1054]}, "properties": {"name": "Aleppo", "min_label": 7.0}}, {"type": "Feature", "geometry": {"type": "Point", "coordinates": [37.0035, 36.8329]}, "properties": {"name": "Kilis", "min_label": 7.0}}, {"type": "Feature", "geometry": {"type": "Point", "coordinates": [37.2462, 36.9988]}, "properties": {"name": "Gaziantep", "min_label": 7.0}}, {"type": "Feature", "geometry": {"type": "Point", "coordinates": [36.2284, 36.4876]}, "properties": {"name": "Hatay", "min_label": 7.0}}, {"type": "Feature", "geometry": {"type": "Point", "coordinates": [36.6829, 35.8528]}, "properties": {"name": "Idlib", "min_label": 7.0}}, {"type": "Feature", "geometry": {"type": "Point", "coordinates": [36.0061, 35.5494]}, "properties": {"name": "Lattakia", "min_label": 7.0}}, {"type": "Feature", "geometry": {"type": "Point", "coordinates": [45.4331, 35.332]}, "properties": {"name": "As-Sulaymaniyah", "min_label": 6.7}}, {"type": "Feature", "geometry": {"type": "Point", "coordinates": [46.8636, 35.5778]}, "properties": {"name": "Kordestan", "min_label": 6.6}}, {"type": "Feature", "geometry": {"type": "Point", "coordinates": [46.6893, 34.2796]}, "properties": {"name": "Kermanshah", "min_label": 6.6}}, {"type": "Feature", "geometry": {"type": "Point", "coordinates": [45.1046, 33.9882]}, "properties": {"name": "Diyala", "min_label": 6.7}}, {"type": "Feature", "geometry": {"type": "Point", "coordinates": [46.8116, 33.2369]}, "properties": {"name": "Ilam", "min_label": 6.6}}, {"type": "Feature", "geometry": {"type": "Point", "coordinates": [45.5635, 32.6139]}, "properties": {"name": "Wasit", "min_label": 6.7}}, {"type": "Feature", "geometry": {"type": "Point", "coordinates": [47.0739, 31.8089]}, "properties": {"name": "Maysan", "min_label": 6.7}}, {"type": "Feature", "geometry": {"type": "Point", "coordinates": [48.7558, 31.3484]}, "properties": {"name": "Khuzestan", "min_label": 6.6}}, {"type": "Feature", "geometry": {"type": "Point", "coordinates": [35.8195, 32.5559]}, "properties": {"name": "Irbid", "min_label": 8.7}}, {"type": "Feature", "geometry": {"type": "Point", "coordinates": [35.6722, 31.5852]}, "properties": {"name": "Madaba", "min_label": 8.7}}, {"type": "Feature", "geometry": {"type": "Point", "coordinates": [35.7693, 31.1753]}, "properties": {"name": "Karak", "min_label": 8.7}}, {"type": "Feature", "geometry": {"type": "Point", "coordinates": [35.6436, 30.7879]}, "properties": {"name": "Tafilah", "min_label": 8.7}}, {"type": "Feature", "geometry": {"type": "Point", "coordinates": [35.3449, 29.6276]}, "properties": {"name": "Aqaba", "min_label": 8.7}}, {"type": "Feature", "geometry": {"type": "Point", "coordinates": [35.7216, 31.8345]}, "properties": {"name": "Balqa", "min_label": 8.7}}, {"type": "Feature", "geometry": {"type": "Point", "coordinates": [82.4637, 29.474]}, "properties": {"name": "Karnali", "min_label": 7.7}}, {"type": "Feature", "geometry": {"type": "Point", "coordinates": [80.5573, 29.5205]}, "properties": {"name": "Mahakali", "min_label": 7.7}}, {"type": "Feature", "geometry": {"type": "Point", "coordinates": [81.163, 29.312]}, "properties": {"name": "Seti", "min_label": 7.7}}, {"type": "Feature", "geometry": {"type": "Point", "coordinates": [83.5602, 28.4801]}, "properties": {"name": "Dhawalagiri", "min_label": 7.7}}, {"type": "Feature", "geometry": {"type": "Point", "coordinates": [84.3034, 28.3293]}, "properties": {"name": "Gandaki", "min_label": 7.7}}, {"type": "Feature", "geometry": {"type": "Point", "coordinates": [85.3494, 27.8491]}, "properties": {"name": "Bagmati", "min_label": 7.7}}, {"type": "Feature", "geometry": {"type": "Point", "coordinates": [85.9718, 27.179]}, "properties": {"name": "Janakpur", "min_label": 7.7}}, {"type": "Feature", "geometry": {"type": "Point", "coordinates": [86.6607, 27.2719]}, "properties": {"name": "Sagarmatha", "min_label": 7.7}}, {"type": "Feature", "geometry": {"type": "Point", "coordinates": [87.3229, 27.0937]}, "properties": {"name": "Bhojpur", "min_label": 7.7}}, {"type": "Feature", "geometry": {"type": "Point", "coordinates": [87.8075, 27.1587]}, "properties": {"name": "Mechi", "min_label": 7.7}}, {"type": "Feature", "geometry": {"type": "Point", "coordinates": [97.2978, 25.7926]}, "properties": {"name": "Kachin", "min_label": 7.0}}, {"type": "Feature", "geometry": {"type": "Point", "coordinates": [95.1821, 23.7031]}, "properties": {"name": "Sagaing", "min_label": 7.0}}, {"type": "Feature", "geometry": {"type": "Point", "coordinates": [94.5664, 26.1094]}, "properties": {"name": "Nagaland", "min_label": 4.6}}, {"type": "Feature", "geometry": {"type": "Point", "coordinates": [93.8457, 24.7442]}, "properties": {"name": "Manipur", "min_label": 4.6}}, {"type": "Feature", "geometry": {"type": "Point", "coordinates": [92.8409, 23.2037]}, "properties": {"name": "Mizoram", "min_label": 4.6}}, {"type": "Feature", "geometry": {"type": "Point", "coordinates": [99.9059, 19.9607]}, "properties": {"name": "Chiang Rai", "min_label": 8.0}}, {"type": "Feature", "geometry": {"type": "Point", "coordinates": [98.1593, 21.5185]}, "properties": {"name": "Shan", "min_label": 7.0}}, {"type": "Feature", "geometry": {"type": "Point", "coordinates": [98.6967, 18.8368]}, "properties": {"name": "Chiang Mai", "min_label": 8.0}}, {"type": "Feature", "geometry": {"type": "Point", "coordinates": [97.8911, 18.4043]}, "properties": {"name": "Mae Hong Son", "min_label": 8.0}}, {"type": "Feature", "geometry": {"type": "Point", "coordinates": [97.3526, 19.2658]}, "properties": {"name": "Kayah", "min_label": 7.0}}, {"type": "Feature", "geometry": {"type": "Point", "coordinates": [97.651, 17.3996]}, "properties": {"name": "Kayin", "min_label": 7.0}}, {"type": "Feature", "geometry": {"type": "Point", "coordinates": [98.8441, 17.0043]}, "properties": {"name": "Tak", "min_label": 8.0}}, {"type": "Feature", "geometry": {"type": "Point", "coordinates": [99.2969, 14.3317]}, "properties": {"name": "Kanchanaburi", "min_label": 8.0}}, {"type": "Feature", "geometry": {"type": "Point", "coordinates": [97.8062, 16.3045]}, "properties": {"name": "Mon", "min_label": 7.0}}, {"type": "Feature", "geometry": {"type": "Point", "coordinates": [98.7746, 13.6116]}, "properties": {"name": "Tanintharyi", "min_label": 7.0}}, {"type": "Feature", "geometry": {"type": "Point", "coordinates": [99.7274, 12.3053]}, "properties": {"name": "Prachuap Khiri Khan", "min_label": 8.0}}, {"type": "Feature", "geometry": {"type": "Point", "coordinates": [99.5964, 12.8727]}, "properties": {"name": "Phetchaburi", "min_label": 8.0}}, {"type": "Feature", "geometry": {"type": "Point", "coordinates": [99.6128, 13.4964]}, "properties": {"name": "Ratchaburi", "min_label": 8.0}}, {"type": "Feature", "geometry": {"type": "Point", "coordinates": [99.0755, 10.3809]}, "properties": {"name": "Chumphon", "min_label": 8.0}}, {"type": "Feature", "geometry": {"type": "Point", "coordinates": [98.58, 9.51717]}, "properties": {"name": "Ranong", "min_label": 8.0}}, {"type": "Feature", "geometry": {"type": "Point", "coordinates": [100.672, 20.3044]}, "properties": {"name": "Bokeo", "min_label": 8.0}}, {"type": "Feature", "geometry": {"type": "Point", "coordinates": [101.143, 17.7502]}, "properties": {"name": "Xaignabouri", "min_label": 8.0}}, {"type": "Feature", "geometry": {"type": "Point", "coordinates": [100.16, 19.1866]}, "properties": {"name": "Phayao", "min_label": 8.0}}, {"type": "Feature", "geometry": {"type": "Point", "coordinates": [100.837, 18.8264]}, "properties": {"name": "Nan", "min_label": 8.0}}, {"type": "Feature", "geometry": {"type": "Point", "coordinates": [100.531, 17.7188]}, "properties": {"name": "Uttaradit", "min_label": 8.0}}, {"type": "Feature", "geometry": {"type": "Point", "coordinates": [100.49, 16.9748]}, "properties": {"name": "Phitsanulok", "min_label": 8.0}}, {"type": "Feature", "geometry": {"type": "Point", "coordinates": [101.517, 17.4099]}, "properties": {"name": "Loei", "min_label": 8.0}}, {"type": "Feature", "geometry": {"type": "Point", "coordinates": [103.752, 18.1565]}, "properties": {"name": "Bueng Kan", "min_label": 8.0}}, {"type": "Feature", "geometry": {"type": "Point", "coordinates": [104.039, 18.538]}, "properties": {"name": "Bolikhamxai", "min_label": 8.0}}, {"type": "Feature", "geometry": {"type": "Point", "coordinates": [102.754, 17.7553]}, "properties": {"name": "Nong Khai", "min_label": 8.0}}, {"type": "Feature", "geometry": {"type": "Point", "coordinates": [104.628, 17.2227]}, "properties": {"name": "Nakhon Phanom", "min_label": 8.0}}, {"type": "Feature", "geometry": {"type": "Point", "coordinates": [105.343, 17.6151]}, "properties": {"name": "Khammouan", "min_label": 8.0}}, {"type": "Feature", "geometry": {"type": "Point", "coordinates": [105.771, 16.4937]}, "properties": {"name": "Savannakh\u00e9t", "min_label": 8.0}}, {"type": "Feature", "geometry": {"type": "Point", "coordinates": [104.531, 16.5636]}, "properties": {"name": "Mukdahan", "min_label": 8.0}}, {"type": "Feature", "geometry": {"type": "Point", "coordinates": [104.766, 15.8583]}, "properties": {"name": "Amnat Charoen", "min_label": 8.0}}, {"type": "Feature", "geometry": {"type": "Point", "coordinates": [106.248, 15.7614]}, "properties": {"name": "Saravan", "min_label": 8.0}}, {"type": "Feature", "geometry": {"type": "Point", "coordinates": [102.563, 18.103]}, "properties": {"name": "Vientiane [prefecture]", "min_label": 8.0}}, {"type": "Feature", "geometry": {"type": "Point", "coordinates": [102.156, 18.9186]}, "properties": {"name": "Vientiane", "min_label": 8.0}}, {"type": "Feature", "geometry": {"type": "Point", "coordinates": [106.003, 14.1093]}, "properties": {"name": "Champasak", "min_label": 8.0}}, {"type": "Feature", "geometry": {"type": "Point", "coordinates": [103.226, 21.7487]}, "properties": {"name": "\u0110i\u1ec7n Bi\u00ean", "min_label": 8.0}}, {"type": "Feature", "geometry": {"type": "Point", "coordinates": [102.549, 20.0788]}, "properties": {"name": "Louangphrabang", "min_label": 8.0}}, {"type": "Feature", "geometry": {"type": "Point", "coordinates": [104.039, 20.3729]}, "properties": {"name": "Houaphan", "min_label": 8.0}}, {"type": "Feature", "geometry": {"type": "Point", "coordinates": [104.159, 21.3011]}, "properties": {"name": "Son La", "min_label": 8.0}}, {"type": "Feature", "geometry": {"type": "Point", "coordinates": [105.215, 20.0917]}, "properties": {"name": "Thanh H\u00f3a", "min_label": 8.0}}, {"type": "Feature", "geometry": {"type": "Point", "coordinates": [104.827, 19.3548]}, "properties": {"name": "Ngh\u1ec7 An", "min_label": 8.0}}, {"type": "Feature", "geometry": {"type": "Point", "coordinates": [103.46, 19.5113]}, "properties": {"name": "Xiangkhoang", "min_label": 8.0}}, {"type": "Feature", "geometry": {"type": "Point", "coordinates": [105.799, 18.3563]}, "properties": {"name": "Ha Tinh", "min_label": 8.0}}, {"type": "Feature", "geometry": {"type": "Point", "coordinates": [106.357, 17.4691]}, "properties": {"name": "Qu\u1ea3ng B\u00ecnh", "min_label": 8.0}}, {"type": "Feature", "geometry": {"type": "Point", "coordinates": [106.973, 16.7204]}, "properties": {"name": "Qu\u1ea3ng Tr\u1ecb", "min_label": 8.0}}, {"type": "Feature", "geometry": {"type": "Point", "coordinates": [107.634, 16.312]}, "properties": {"name": "Th\u1eeba Thi\u00ean - Hu\u1ebf", "min_label": 8.0}}, {"type": "Feature", "geometry": {"type": "Point", "coordinates": [106.982, 15.6414]}, "properties": {"name": "X\u00e9kong", "min_label": 8.0}}, {"type": "Feature", "geometry": {"type": "Point", "coordinates": [107.955, 15.6535]}, "properties": {"name": "Qu\u00e0ng Nam", "min_label": 8.0}}, {"type": "Feature", "geometry": {"type": "Point", "coordinates": [106.866, 14.7848]}, "properties": {"name": "Attapu", "min_label": 8.0}}, {"type": "Feature", "geometry": {"type": "Point", "coordinates": [30.8231, -28.7468]}, "properties": {"name": "KwaZulu-Natal", "min_label": 4.6}}, {"type": "Feature", "geometry": {"type": "Point", "coordinates": [28.9988, -29.202]}, "properties": {"name": "Mokhotlong", "min_label": 8.7}}, {"type": "Feature", "geometry": {"type": "Point", "coordinates": [26.4914, -28.5815]}, "properties": {"name": "Free State", "min_label": 4.6}}, {"type": "Feature", "geometry": {"type": "Point", "coordinates": [28.5244, -28.8328]}, "properties": {"name": "Butha-Buthe", "min_label": 8.7}}, {"type": "Feature", "geometry": {"type": "Point", "coordinates": [28.2108, -28.8926]}, "properties": {"name": "Leribe", "min_label": 8.7}}, {"type": "Feature", "geometry": {"type": "Point", "coordinates": [26.6417, -32.0622]}, "properties": {"name": "Eastern Cape", "min_label": 4.6}}, {"type": "Feature", "geometry": {"type": "Point", "coordinates": [28.6768, -29.9679]}, "properties": {"name": "Qacha's Nek", "min_label": 8.7}}, {"type": "Feature", "geometry": {"type": "Point", "coordinates": [28.6979, -29.6029]}, "properties": {"name": "Thaba-Tseka", "min_label": 8.7}}, {"type": "Feature", "geometry": {"type": "Point", "coordinates": [27.8982, -29.1918]}, "properties": {"name": "Berea", "min_label": 8.7}}, {"type": "Feature", "geometry": {"type": "Point", "coordinates": [27.7516, -29.5571]}, "properties": {"name": "Maseru", "min_label": 8.7}}, {"type": "Feature", "geometry": {"type": "Point", "coordinates": [28.1834, -29.8081]}, "properties": {"name": "Mafeteng", "min_label": 8.7}}, {"type": "Feature", "geometry": {"type": "Point", "coordinates": [27.8628, -30.075]}, "properties": {"name": "Mohale's Hoek", "min_label": 8.7}}, {"type": "Feature", "geometry": {"type": "Point", "coordinates": [27.9441, -30.3539]}, "properties": {"name": "Quthing", "min_label": 8.7}}, {"type": "Feature", "geometry": {"type": "Point", "coordinates": [29.1301, -23.5859]}, "properties": {"name": "Limpopo", "min_label": 4.6}}, {"type": "Feature", "geometry": {"type": "Point", "coordinates": [26.4263, -24.2001]}, "properties": {"name": "Kgatleng", "min_label": 6.0}}, {"type": "Feature", "geometry": {"type": "Point", "coordinates": [25.7403, -26.3999]}, "properties": {"name": "North West", "min_label": 4.6}}, {"type": "Feature", "geometry": {"type": "Point", "coordinates": [25.7446, -24.9869]}, "properties": {"name": "South-East", "min_label": 6.0}}, {"type": "Feature", "geometry": {"type": "Point", "coordinates": [24.3683, -25.0004]}, "properties": {"name": "Southern", "min_label": 6.0}}, {"type": "Feature", "geometry": {"type": "Point", "coordinates": [22.2402, -24.8361]}, "properties": {"name": "Kgalagadi", "min_label": 6.0}}, {"type": "Feature", "geometry": {"type": "Point", "coordinates": [31.0875, -20.7844]}, "properties": {"name": "Masvingo", "min_label": 6.7}}, {"type": "Feature", "geometry": {"type": "Point", "coordinates": [29.0846, -15.4426]}, "properties": {"name": "Lusaka", "min_label": 6.6}}, {"type": "Feature", "geometry": {"type": "Point", "coordinates": [29.5025, -17.0176]}, "properties": {"name": "Mashonaland West", "min_label": 6.7}}, {"type": "Feature", "geometry": {"type": "Point", "coordinates": [31.3922, -16.8822]}, "properties": {"name": "Mashonaland Central", "min_label": 6.7}}, {"type": "Feature", "geometry": {"type": "Point", "coordinates": [26.9583, -16.6906]}, "properties": {"name": "Southern", "min_label": 6.6}}, {"type": "Feature", "geometry": {"type": "Point", "coordinates": [19.3143, 5.75536]}, "properties": {"name": "K\u00e9mo", "min_label": 7.0}}, {"type": "Feature", "geometry": {"type": "Point", "coordinates": [20.7064, 5.99454]}, "properties": {"name": "Ouaka", "min_label": 7.0}}, {"type": "Feature", "geometry": {"type": "Point", "coordinates": [21.3019, 5.00365]}, "properties": {"name": "Basse-Kotto", "min_label": 7.0}}, {"type": "Feature", "geometry": {"type": "Point", "coordinates": [23.4601, 5.48563]}, "properties": {"name": "Mbomou", "min_label": 7.0}}, {"type": "Feature", "geometry": {"type": "Point", "coordinates": [17.802, 5.17659]}, "properties": {"name": "Ombella-M'Poko", "min_label": 7.0}}, {"type": "Feature", "geometry": {"type": "Point", "coordinates": [18.5457, 4.38332]}, "properties": {"name": "Bangui", "min_label": 7.0}}, {"type": "Feature", "geometry": {"type": "Point", "coordinates": [17.6819, 4.07603]}, "properties": {"name": "Lobaye", "min_label": 7.0}}, {"type": "Feature", "geometry": {"type": "Point", "coordinates": [31.2578, -1.77904]}, "properties": {"name": "Kagera", "min_label": 6.7}}, {"type": "Feature", "geometry": {"type": "Point", "coordinates": [30.5612, -3.11103]}, "properties": {"name": "Cankuzo", "min_label": 10.0}}, {"type": "Feature", "geometry": {"type": "Point", "coordinates": [30.3391, -3.44273]}, "properties": {"name": "Ruyigi", "min_label": 10.0}}, {"type": "Feature", "geometry": {"type": "Point", "coordinates": [30.1331, -3.84824]}, "properties": {"name": "Rutana", "min_label": 10.0}}, {"type": "Feature", "geometry": {"type": "Point", "coordinates": [29.771, -4.21622]}, "properties": {"name": "Makamba", "min_label": 10.0}}, {"type": "Feature", "geometry": {"type": "Point", "coordinates": [29.3862, -3.1045]}, "properties": {"name": "Bubanza", "min_label": 10.0}}, {"type": "Feature", "geometry": {"type": "Point", "coordinates": [29.4237, -3.61843]}, "properties": {"name": "Bujumbura Rural", "min_label": 10.0}}, {"type": "Feature", "geometry": {"type": "Point", "coordinates": [29.3689, -3.39861]}, "properties": {"name": "Bujumbura Mairie", "min_label": 10.0}}, {"type": "Feature", "geometry": {"type": "Point", "coordinates": [29.5672, -3.85152]}, "properties": {"name": "Bururi", "min_label": 10.0}}, {"type": "Feature", "geometry": {"type": "Point", "coordinates": [28.5939, -0.659128]}, "properties": {"name": "Nord-Kivu", "min_label": 6.0}}, {"type": "Feature", "geometry": {"type": "Point", "coordinates": [37.7222, 11.6981]}, "properties": {"name": "Amhara", "min_label": 6.6}}, {"type": "Feature", "geometry": {"type": "Point", "coordinates": [35.0351, 14.0283]}, "properties": {"name": "Gedarif", "min_label": 6.6}}, {"type": "Feature", "geometry": {"type": "Point", "coordinates": [38.2158, 14.1003]}, "properties": {"name": "Tigray", "min_label": 6.6}}, {"type": "Feature", "geometry": {"type": "Point", "coordinates": [35.6017, 10.5396]}, "properties": {"name": "Benshangul-Gumaz", "min_label": 6.6}}, {"type": "Feature", "geometry": {"type": "Point", "coordinates": [34.1155, 11.1657]}, "properties": {"name": "Blue Nile", "min_label": 6.6}}, {"type": "Feature", "geometry": {"type": "Point", "coordinates": [34.252, 13.21]}, "properties": {"name": "Sennar", "min_label": 6.6}}, {"type": "Feature", "geometry": {"type": "Point", "coordinates": [34.1775, 7.86869]}, "properties": {"name": "Gambela Peoples", "min_label": 6.6}}, {"type": "Feature", "geometry": {"type": "Point", "coordinates": [32.5251, 10.3577]}, "properties": {"name": "Upper Nile", "min_label": 6.6}}, {"type": "Feature", "geometry": {"type": "Point", "coordinates": [40.2242, 7.55642]}, "properties": {"name": "Oromiya", "min_label": 6.6}}, {"type": "Feature", "geometry": {"type": "Point", "coordinates": [32.5795, 7.2461]}, "properties": {"name": "Jonglei", "min_label": 6.6}}, {"type": "Feature", "geometry": {"type": "Point", "coordinates": [21.1347, 12.2336]}, "properties": {"name": "Sila", "min_label": 6.6}}, {"type": "Feature", "geometry": {"type": "Point", "coordinates": [20.6054, 10.5811]}, "properties": {"name": "Salamat", "min_label": 6.6}}, {"type": "Feature", "geometry": {"type": "Point", "coordinates": [20.6318, 8.21272]}, "properties": {"name": "Bamingui-Bangoran", "min_label": 7.0}}, {"type": "Feature", "geometry": {"type": "Point", "coordinates": [18.4827, 9.0852]}, "properties": {"name": "Moyen-Chari", "min_label": 6.6}}, {"type": "Feature", "geometry": {"type": "Point", "coordinates": [17.8774, 6.92835]}, "properties": {"name": "Ouham", "min_label": 7.0}}, {"type": "Feature", "geometry": {"type": "Point", "coordinates": [17.5493, 8.67832]}, "properties": {"name": "Mandoul", "min_label": 6.6}}, {"type": "Feature", "geometry": {"type": "Point", "coordinates": [16.23, 8.12559]}, "properties": {"name": "Logone Oriental", "min_label": 6.6}}, {"type": "Feature", "geometry": {"type": "Point", "coordinates": [16.0108, 6.67901]}, "properties": {"name": "Ouham-Pend\u00e9", "min_label": 7.0}}, {"type": "Feature", "geometry": {"type": "Point", "coordinates": [11.731, 2.79256]}, "properties": {"name": "Sud", "min_label": 6.7}}, {"type": "Feature", "geometry": {"type": "Point", "coordinates": [11.8313, 1.43947]}, "properties": {"name": "Wouleu-Ntem", "min_label": 7.7}}, {"type": "Feature", "geometry": {"type": "Point", "coordinates": [15.7466, 1.12682]}, "properties": {"name": "Sangha", "min_label": 6.7}}, {"type": "Feature", "geometry": {"type": "Point", "coordinates": [12.8739, 0.72338]}, "properties": {"name": "Ogoou\u00e9-Ivindo", "min_label": 7.7}}, {"type": "Feature", "geometry": {"type": "Point", "coordinates": [14.558, 0.0348606]}, "properties": {"name": "Cuvette-Ouest", "min_label": 6.7}}, {"type": "Feature", "geometry": {"type": "Point", "coordinates": [13.6198, -1.13187]}, "properties": {"name": "Haut-Ogoou\u00e9", "min_label": 7.7}}, {"type": "Feature", "geometry": {"type": "Point", "coordinates": [12.5284, -0.972672]}, "properties": {"name": "Ogoou\u00e9-Lolo", "min_label": 7.7}}, {"type": "Feature", "geometry": {"type": "Point", "coordinates": [11.1859, -1.48647]}, "properties": {"name": "Ngouni\u00e9", "min_label": 7.7}}, {"type": "Feature", "geometry": {"type": "Point", "coordinates": [13.4727, -3.2378]}, "properties": {"name": "L\u00e9koumou", "min_label": 6.7}}, {"type": "Feature", "geometry": {"type": "Point", "coordinates": [10.9768, -2.97713]}, "properties": {"name": "Nyanga", "min_label": 7.7}}, {"type": "Feature", "geometry": {"type": "Point", "coordinates": [15.8235, 12.7695]}, "properties": {"name": "Hadjer-Lamis", "min_label": 6.6}}, {"type": "Feature", "geometry": {"type": "Point", "coordinates": [14.5367, 10.7227]}, "properties": {"name": "Extr\u00eame-Nord", "min_label": 6.7}}, {"type": "Feature", "geometry": {"type": "Point", "coordinates": [16.2095, 11.468]}, "properties": {"name": "Chari-Baguirmi", "min_label": 6.6}}, {"type": "Feature", "geometry": {"type": "Point", "coordinates": [15.0579, 12.1413]}, "properties": {"name": "Ville de N'Djamena", "min_label": 6.6}}, {"type": "Feature", "geometry": {"type": "Point", "coordinates": [15.4373, 9.71626]}, "properties": {"name": "Mayo-Kebbi Est", "min_label": 6.6}}, {"type": "Feature", "geometry": {"type": "Point", "coordinates": [14.7357, 9.26179]}, "properties": {"name": "Mayo-Kebbi Ouest", "min_label": 6.6}}, {"type": "Feature", "geometry": {"type": "Point", "coordinates": [13.8908, 8.90981]}, "properties": {"name": "Nord", "min_label": 6.7}}, {"type": "Feature", "geometry": {"type": "Point", "coordinates": [12.5768, 9.47906]}, "properties": {"name": "Adamawa", "min_label": 6.6}}, {"type": "Feature", "geometry": {"type": "Point", "coordinates": [13.217, 6.80472]}, "properties": {"name": "Adamaoua", "min_label": 6.7}}, {"type": "Feature", "geometry": {"type": "Point", "coordinates": [10.5428, 7.93608]}, "properties": {"name": "Taraba", "min_label": 6.6}}, {"type": "Feature", "geometry": {"type": "Point", "coordinates": [10.4002, 6.34548]}, "properties": {"name": "Nord-Ouest", "min_label": 6.7}}, {"type": "Feature", "geometry": {"type": "Point", "coordinates": [9.24481, 5.12818]}, "properties": {"name": "Sud-Ouest", "min_label": 6.7}}, {"type": "Feature", "geometry": {"type": "Point", "coordinates": [8.70736, 7.48719]}, "properties": {"name": "Benue", "min_label": 6.6}}, {"type": "Feature", "geometry": {"type": "Point", "coordinates": [8.67873, 5.93762]}, "properties": {"name": "Cross River", "min_label": 6.6}}, {"type": "Feature", "geometry": {"type": "Point", "coordinates": [5.4366, 13.0603]}, "properties": {"name": "Sokoto", "min_label": 6.6}}, {"type": "Feature", "geometry": {"type": "Point", "coordinates": [5.27361, 15.6002]}, "properties": {"name": "Tahoua", "min_label": 6.6}}, {"type": "Feature", "geometry": {"type": "Point", "coordinates": [3.55023, 12.8124]}, "properties": {"name": "Dosso", "min_label": 6.6}}, {"type": "Feature", "geometry": {"type": "Point", "coordinates": [13.0899, 15.7652]}, "properties": {"name": "Diffa", "min_label": 6.6}}, {"type": "Feature", "geometry": {"type": "Point", "coordinates": [7.41198, 14.1148]}, "properties": {"name": "Maradi", "min_label": 6.6}}, {"type": "Feature", "geometry": {"type": "Point", "coordinates": [6.12834, 12.0084]}, "properties": {"name": "Zamfara", "min_label": 6.6}}, {"type": "Feature", "geometry": {"type": "Point", "coordinates": [11.5881, 12.3156]}, "properties": {"name": "Yobe", "min_label": 6.6}}, {"type": "Feature", "geometry": {"type": "Point", "coordinates": [9.66231, 14.5314]}, "properties": {"name": "Zinder", "min_label": 6.6}}, {"type": "Feature", "geometry": {"type": "Point", "coordinates": [7.58609, 12.5056]}, "properties": {"name": "Katsina", "min_label": 6.6}}, {"type": "Feature", "geometry": {"type": "Point", "coordinates": [9.36225, 12.0714]}, "properties": {"name": "Jigawa", "min_label": 6.6}}, {"type": "Feature", "geometry": {"type": "Point", "coordinates": [2.19539, 13.8777]}, "properties": {"name": "Tillab\u00e9ri", "min_label": 6.6}}, {"type": "Feature", "geometry": {"type": "Point", "coordinates": [1.79465, 12.0191]}, "properties": {"name": "Tapoa", "min_label": 9.0}}, {"type": "Feature", "geometry": {"type": "Point", "coordinates": [1.55782, 10.7035]}, "properties": {"name": "Atakora", "min_label": 7.7}}, {"type": "Feature", "geometry": {"type": "Point", "coordinates": [0.898878, 11.4519]}, "properties": {"name": "Kompienga", "min_label": 9.0}}, {"type": "Feature", "geometry": {"type": "Point", "coordinates": [0.415303, 10.5136]}, "properties": {"name": "Savanes", "min_label": 7.7}}, {"type": "Feature", "geometry": {"type": "Point", "coordinates": [-0.779779, 10.8183]}, "properties": {"name": "Upper East", "min_label": 7.7}}, {"type": "Feature", "geometry": {"type": "Point", "coordinates": [-1.11905, 9.27258]}, "properties": {"name": "Northern", "min_label": 7.7}}, {"type": "Feature", "geometry": {"type": "Point", "coordinates": [0.821351, 9.58879]}, "properties": {"name": "Kara", "min_label": 7.7}}, {"type": "Feature", "geometry": {"type": "Point", "coordinates": [1.00462, 8.5878]}, "properties": {"name": "Centre", "min_label": 7.7}}, {"type": "Feature", "geometry": {"type": "Point", "coordinates": [1.05973, 7.38285]}, "properties": {"name": "Plateaux", "min_label": 7.7}}, {"type": "Feature", "geometry": {"type": "Point", "coordinates": [0.396325, 7.33855]}, "properties": {"name": "Volta", "min_label": 7.7}}, {"type": "Feature", "geometry": {"type": "Point", "coordinates": [1.24665, 6.42521]}, "properties": {"name": "Maritime", "min_label": 7.7}}, {"type": "Feature", "geometry": {"type": "Point", "coordinates": [-3.41485, 8.60755]}, "properties": {"name": "Zanzan", "min_label": 7.7}}, {"type": "Feature", "geometry": {"type": "Point", "coordinates": [-1.42805, 8.16555]}, "properties": {"name": "Brong Ahafo", "min_label": 7.7}}, {"type": "Feature", "geometry": {"type": "Point", "coordinates": [-3.47724, 6.76303]}, "properties": {"name": "Comoe", "min_label": 7.7}}, {"type": "Feature", "geometry": {"type": "Point", "coordinates": [-2.34206, 5.70024]}, "properties": {"name": "Western", "min_label": 7.7}}, {"type": "Feature", "geometry": {"type": "Point", "coordinates": [-3.12754, 5.52003]}, "properties": {"name": "Sud-Como\u00e9", "min_label": 7.7}}, {"type": "Feature", "geometry": {"type": "Point", "coordinates": [-5.2352, 10.5879]}, "properties": {"name": "L\u00e9raba", "min_label": 9.0}}, {"type": "Feature", "geometry": {"type": "Point", "coordinates": [-5.36817, 9.82238]}, "properties": {"name": "Savanes", "min_label": 7.7}}, {"type": "Feature", "geometry": {"type": "Point", "coordinates": [-4.41757, 10.2156]}, "properties": {"name": "Komo\u00e9", "min_label": 9.0}}, {"type": "Feature", "geometry": {"type": "Point", "coordinates": [-3.34011, 10.251]}, "properties": {"name": "Poni", "min_label": 9.0}}, {"type": "Feature", "geometry": {"type": "Point", "coordinates": [-3.34011, 10.251]}, "properties": {"name": "Noumbiel", "min_label": 9.0}}, {"type": "Feature", "geometry": {"type": "Point", "coordinates": [-0.411597, 14.5769]}, "properties": {"name": "Oudalan", "min_label": 9.0}}, {"type": "Feature", "geometry": {"type": "Point", "coordinates": [1.2641, 16.4482]}, "properties": {"name": "Gao", "min_label": 6.6}}, {"type": "Feature", "geometry": {"type": "Point", "coordinates": [-1.31801, 14.2352]}, "properties": {"name": "Soum", "min_label": 9.0}}, {"type": "Feature", "geometry": {"type": "Point", "coordinates": [-3.21795, 14.7873]}, "properties": {"name": "Mopti", "min_label": 6.6}}, {"type": "Feature", "geometry": {"type": "Point", "coordinates": [-2.07087, 13.8724]}, "properties": {"name": "Loroum", "min_label": 9.0}}, {"type": "Feature", "geometry": {"type": "Point", "coordinates": [-2.32529, 13.6813]}, "properties": {"name": "Yatenga", "min_label": 9.0}}, {"type": "Feature", "geometry": {"type": "Point", "coordinates": [-2.95968, 13.2875]}, "properties": {"name": "Sourou", "min_label": 9.0}}, {"type": "Feature", "geometry": {"type": "Point", "coordinates": [-3.88894, 12.9587]}, "properties": {"name": "Kossi", "min_label": 9.0}}, {"type": "Feature", "geometry": {"type": "Point", "coordinates": [-5.51952, 13.5852]}, "properties": {"name": "S\u00e9gou", "min_label": 6.6}}, {"type": "Feature", "geometry": {"type": "Point", "coordinates": [-4.10849, 12.1648]}, "properties": {"name": "Banwa", "min_label": 9.0}}, {"type": "Feature", "geometry": {"type": "Point", "coordinates": [-6.54441, 11.155]}, "properties": {"name": "Sikasso", "min_label": 6.6}}, {"type": "Feature", "geometry": {"type": "Point", "coordinates": [-4.18998, 11.3355]}, "properties": {"name": "Houet", "min_label": 9.0}}, {"type": "Feature", "geometry": {"type": "Point", "coordinates": [-5.02728, 11.4128]}, "properties": {"name": "K\u00e9n\u00e9dougou", "min_label": 9.0}}, {"type": "Feature", "geometry": {"type": "Point", "coordinates": [-8.73626, 6.8643]}, "properties": {"name": "Nimba", "min_label": 8.0}}, {"type": "Feature", "geometry": {"type": "Point", "coordinates": [-7.79453, 5.99237]}, "properties": {"name": "Cavally", "min_label": 7.7}}, {"type": "Feature", "geometry": {"type": "Point", "coordinates": [-8.16416, 5.87286]}, "properties": {"name": "Grand Gedeh", "min_label": 8.0}}, {"type": "Feature", "geometry": {"type": "Point", "coordinates": [-6.67522, 5.47996]}, "properties": {"name": "Bas-Sassandra", "min_label": 7.7}}, {"type": "Feature", "geometry": {"type": "Point", "coordinates": [-7.91438, 5.29303]}, "properties": {"name": "River Gee", "min_label": 8.0}}, {"type": "Feature", "geometry": {"type": "Point", "coordinates": [-7.69738, 4.64403]}, "properties": {"name": "Maryland", "min_label": 8.0}}, {"type": "Feature", "geometry": {"type": "Point", "coordinates": [-9.31986, 8.54658]}, "properties": {"name": "Macenta", "min_label": 8.0}}, {"type": "Feature", "geometry": {"type": "Point", "coordinates": [-9.08019, 7.61555]}, "properties": {"name": "Yomou", "min_label": 8.0}}, {"type": "Feature", "geometry": {"type": "Point", "coordinates": [-9.80604, 6.99958]}, "properties": {"name": "Bong", "min_label": 8.0}}, {"type": "Feature", "geometry": {"type": "Point", "coordinates": [-8.73838, 8.05075]}, "properties": {"name": "Nz\u00e9r\u00e9kor\u00e9", "min_label": 8.0}}, {"type": "Feature", "geometry": {"type": "Point", "coordinates": [-13.3943, 11.7453]}, "properties": {"name": "Gaoual", "min_label": 8.0}}, {"type": "Feature", "geometry": {"type": "Point", "coordinates": [-14.1098, 12.1569]}, "properties": {"name": "Gab\u00fa", "min_label": 8.7}}, {"type": "Feature", "geometry": {"type": "Point", "coordinates": [-14.3088, 11.1674]}, "properties": {"name": "Boke", "min_label": 8.0}}, {"type": "Feature", "geometry": {"type": "Point", "coordinates": [-14.9293, 11.2932]}, "properties": {"name": "Tombali", "min_label": 8.7}}, {"type": "Feature", "geometry": {"type": "Point", "coordinates": [-9.3936, 11.5701]}, "properties": {"name": "Siguiri", "min_label": 8.0}}, {"type": "Feature", "geometry": {"type": "Point", "coordinates": [-7.54325, 13.7514]}, "properties": {"name": "Koulikoro", "min_label": 6.6}}, {"type": "Feature", "geometry": {"type": "Point", "coordinates": [-11.7074, 11.6162]}, "properties": {"name": "Koubia", "min_label": 8.0}}, {"type": "Feature", "geometry": {"type": "Point", "coordinates": [-11.4677, 11.4503]}, "properties": {"name": "Tougu\u00e9", "min_label": 8.0}}, {"type": "Feature", "geometry": {"type": "Point", "coordinates": [-10.6749, 11.5609]}, "properties": {"name": "Dinguiraye", "min_label": 8.0}}, {"type": "Feature", "geometry": {"type": "Point", "coordinates": [106.095, 13.6662]}, "properties": {"name": "St\u0153ng Tr\u00eang", "min_label": 8.0}}, {"type": "Feature", "geometry": {"type": "Point", "coordinates": [104.965, 22.7655]}, "properties": {"name": "H\u00e0 Giang", "min_label": 8.0}}, {"type": "Feature", "geometry": {"type": "Point", "coordinates": [108.756, 23.7451]}, "properties": {"name": "Guangxi", "min_label": 4.6}}, {"type": "Feature", "geometry": {"type": "Point", "coordinates": [106.047, 22.7595]}, "properties": {"name": "Cao B\u1eb1ng", "min_label": 8.0}}, {"type": "Feature", "geometry": {"type": "Point", "coordinates": [104.096, 22.3559]}, "properties": {"name": "L\u00e0o Cai", "min_label": 8.0}}, {"type": "Feature", "geometry": {"type": "Point", "coordinates": [103.255, 22.3502]}, "properties": {"name": "Lai Chau", "min_label": 8.0}}, {"type": "Feature", "geometry": {"type": "Point", "coordinates": [106.724, 21.7826]}, "properties": {"name": "L\u1ea1ng S\u01a1n", "min_label": 8.0}}, {"type": "Feature", "geometry": {"type": "Point", "coordinates": [107.181, 21.223]}, "properties": {"name": "Qu\u1ea3ng Ninh", "min_label": 8.0}}, {"type": "Feature", "geometry": {"type": "Point", "coordinates": [114.92, 4.90214]}, "properties": {"name": "Brunei and Muara", "min_label": 9.0}}, {"type": "Feature", "geometry": {"type": "Point", "coordinates": [114.671, 4.64496]}, "properties": {"name": "Tutong", "min_label": 9.0}}, {"type": "Feature", "geometry": {"type": "Point", "coordinates": [114.408, 4.45555]}, "properties": {"name": "Belait", "min_label": 9.0}}, {"type": "Feature", "geometry": {"type": "Point", "coordinates": [91.7031, 23.8519]}, "properties": {"name": "Tripura", "min_label": 4.6}}, {"type": "Feature", "geometry": {"type": "Point", "coordinates": [91.7033, 24.6452]}, "properties": {"name": "Sylhet", "min_label": 7.7}}, {"type": "Feature", "geometry": {"type": "Point", "coordinates": [91.3031, 25.4804]}, "properties": {"name": "Meghalaya", "min_label": 4.6}}, {"type": "Feature", "geometry": {"type": "Point", "coordinates": [90.4053, 24.1653]}, "properties": {"name": "Dhaka", "min_label": 7.7}}, {"type": "Feature", "geometry": {"type": "Point", "coordinates": [89.112, 25.7571]}, "properties": {"name": "Rangpur", "min_label": 7.7}}, {"type": "Feature", "geometry": {"type": "Point", "coordinates": [89.0438, 24.6664]}, "properties": {"name": "Rajshahi", "min_label": 7.7}}, {"type": "Feature", "geometry": {"type": "Point", "coordinates": [89.3708, 22.9179]}, "properties": {"name": "Khulna", "min_label": 7.7}}, {"type": "Feature", "geometry": {"type": "Point", "coordinates": [39.3146, -12.51]}, "properties": {"name": "Cabo Delgado", "min_label": 6.6}}, {"type": "Feature", "geometry": {"type": "Point", "coordinates": [39.2212, -10.814]}, "properties": {"name": "Mtwara", "min_label": 6.7}}, {"type": "Feature", "geometry": {"type": "Point", "coordinates": [36.4227, -13.4918]}, "properties": {"name": "Niassa", "min_label": 6.6}}, {"type": "Feature", "geometry": {"type": "Point", "coordinates": [-5.34595, 36.1291]}, "properties": {"name": "Gibraltar", "min_label": 18.0}}, {"type": "Feature", "geometry": {"type": "Point", "coordinates": [-5.82488, 36.4828]}, "properties": {"name": "C\u00e1diz", "min_label": 7.7}}, {"type": "Feature", "geometry": {"type": "Point", "coordinates": [-120.361, 47.4865]}, "properties": {"name": "Washington", "min_label": 2.0}}, {"type": "Feature", "geometry": {"type": "Point", "coordinates": [-124.662, 54.6943]}, "properties": {"name": "British Columbia", "min_label": 2.0}}, {"type": "Feature", "geometry": {"type": "Point", "coordinates": [-114.133, 43.7825]}, "properties": {"name": "Idaho", "min_label": 2.0}}, {"type": "Feature", "geometry": {"type": "Point", "coordinates": [-110.044, 46.9965]}, "properties": {"name": "Montana", "min_label": 2.0}}, {"type": "Feature", "geometry": {"type": "Point", "coordinates": [-115.0, 55.2816]}, "properties": {"name": "Alberta", "min_label": 2.0}}, {"type": "Feature", "geometry": {"type": "Point", "coordinates": [-105.682, 54.4965]}, "properties": {"name": "Saskatchewan", "min_label": 2.0}}, {"type": "Feature", "geometry": {"type": "Point", "coordinates": [-100.302, 47.4675]}, "properties": {"name": "North Dakota", "min_label": 2.0}}, {"type": "Feature", "geometry": {"type": "Point", "coordinates": [-97.3828, 54.85]}, "properties": {"name": "Manitoba", "min_label": 2.0}}, {"type": "Feature", "geometry": {"type": "Point", "coordinates": [-93.364, 46.0592]}, "properties": {"name": "Minnesota", "min_label": 2.0}}, {"type": "Feature", "geometry": {"type": "Point", "coordinates": [-84.7943, 50.5244]}, "properties": {"name": "Ontario", "min_label": 2.0}}, {"type": "Feature", "geometry": {"type": "Point", "coordinates": [-84.9479, 43.4343]}, "properties": {"name": "Michigan", "min_label": 2.0}}, {"type": "Feature", "geometry": {"type": "Point", "coordinates": [-82.6719, 40.0924]}, "properties": {"name": "Ohio", "min_label": 2.0}}, {"type": "Feature", "geometry": {"type": "Point", "coordinates": [-77.6094, 40.8601]}, "properties": {"name": "Pennsylvania", "min_label": 2.0}}, {"type": "Feature", "geometry": {"type": "Point", "coordinates": [-75.3242, 43.1988]}, "properties": {"name": "New York", "min_label": 2.0}}, {"type": "Feature", "geometry": {"type": "Point", "coordinates": [-73.7168, 52.2593]}, "properties": {"name": "Qu\u00e9bec", "min_label": 2.0}}, {"type": "Feature", "geometry": {"type": "Point", "coordinates": [-72.7317, 44.0886]}, "properties": {"name": "Vermont", "min_label": 2.0}}, {"type": "Feature", "geometry": {"type": "Point", "coordinates": [-71.6301, 43.5993]}, "properties": {"name": "New Hampshire", "min_label": 2.0}}, {"type": "Feature", "geometry": {"type": "Point", "coordinates": [-69.1973, 45.148]}, "properties": {"name": "Maine", "min_label": 2.0}}, {"type": "Feature", "geometry": {"type": "Point", "coordinates": [-66.4558, 46.5822]}, "properties": {"name": "New Brunswick", "min_label": 2.0}}, {"type": "Feature", "geometry": {"type": "Point", "coordinates": [-111.935, 34.3046]}, "properties": {"name": "Arizona", "min_label": 2.0}}, {"type": "Feature", "geometry": {"type": "Point", "coordinates": [-110.485, 29.5293]}, "properties": {"name": "Sonora", "min_label": 6.6}}, {"type": "Feature", "geometry": {"type": "Point", "coordinates": [-115.209, 30.3399]}, "properties": {"name": "Baja California", "min_label": 6.6}}, {"type": "Feature", "geometry": {"type": "Point", "coordinates": [-119.591, 36.7496]}, "properties": {"name": "California", "min_label": 2.0}}, {"type": "Feature", "geometry": {"type": "Point", "coordinates": [-106.024, 34.5002]}, "properties": {"name": "New Mexico", "min_label": 2.0}}, {"type": "Feature", "geometry": {"type": "Point", "coordinates": [-106.232, 28.973]}, "properties": {"name": "Chihuahua", "min_label": 6.6}}, {"type": "Feature", "geometry": {"type": "Point", "coordinates": [-98.7607, 31.131]}, "properties": {"name": "Texas", "min_label": 2.0}}, {"type": "Feature", "geometry": {"type": "Point", "coordinates": [-101.885, 27.4473]}, "properties": {"name": "Coahuila", "min_label": 6.6}}, {"type": "Feature", "geometry": {"type": "Point", "coordinates": [-98.5197, 24.0808]}, "properties": {"name": "Tamaulipas", "min_label": 6.6}}, {"type": "Feature", "geometry": {"type": "Point", "coordinates": [-99.8307, 25.6178]}, "properties": {"name": "Nuevo Le\u00f3n", "min_label": 6.6}}, {"type": "Feature", "geometry": {"type": "Point", "coordinates": [-88.8833, 16.9902]}, "properties": {"name": "Cayo", "min_label": 8.0}}, {"type": "Feature", "geometry": {"type": "Point", "coordinates": [-90.0321, 16.888]}, "properties": {"name": "Pet\u00e9n", "min_label": 8.0}}, {"type": "Feature", "geometry": {"type": "Point", "coordinates": [-88.8552, 17.7122]}, "properties": {"name": "Orange Walk", "min_label": 8.0}}, {"type": "Feature", "geometry": {"type": "Point", "coordinates": [-88.3492, 18.1667]}, "properties": {"name": "Corozal", "min_label": 8.0}}, {"type": "Feature", "geometry": {"type": "Point", "coordinates": [-88.344, 19.3861]}, "properties": {"name": "Quintana Roo", "min_label": 6.6}}, {"type": "Feature", "geometry": {"type": "Point", "coordinates": [-90.2807, 18.6624]}, "properties": {"name": "Campeche", "min_label": 6.6}}, {"type": "Feature", "geometry": {"type": "Point", "coordinates": [-92.8274, 18.1252]}, "properties": {"name": "Tabasco", "min_label": 6.6}}, {"type": "Feature", "geometry": {"type": "Point", "coordinates": [-92.581, 16.527]}, "properties": {"name": "Chiapas", "min_label": 6.6}}, {"type": "Feature", "geometry": {"type": "Point", "coordinates": [-91.9311, 15.0311]}, "properties": {"name": "San Marcos", "min_label": 8.0}}, {"type": "Feature", "geometry": {"type": "Point", "coordinates": [-91.5504, 15.6369]}, "properties": {"name": "Huehuetenango", "min_label": 8.0}}, {"type": "Feature", "geometry": {"type": "Point", "coordinates": [-90.8819, 15.5049]}, "properties": {"name": "Quich\u00e9", "min_label": 8.0}}, {"type": "Feature", "geometry": {"type": "Point", "coordinates": [-90.1072, 15.6455]}, "properties": {"name": "Alta Verapaz", "min_label": 8.0}}, {"type": "Feature", "geometry": {"type": "Point", "coordinates": [-85.3552, 10.3333]}, "properties": {"name": "Guanacaste", "min_label": 7.7}}, {"type": "Feature", "geometry": {"type": "Point", "coordinates": [-85.7633, 11.3524]}, "properties": {"name": "Rivas", "min_label": 7.7}}, {"type": "Feature", "geometry": {"type": "Point", "coordinates": [-88.9414, 15.5246]}, "properties": {"name": "Izabal", "min_label": 8.0}}, {"type": "Feature", "geometry": {"type": "Point", "coordinates": [-88.0359, 15.5336]}, "properties": {"name": "Cort\u00e9s", "min_label": 8.0}}, {"type": "Feature", "geometry": {"type": "Point", "coordinates": [-88.33, 15.0527]}, "properties": {"name": "Santa B\u00e1rbara", "min_label": 8.0}}, {"type": "Feature", "geometry": {"type": "Point", "coordinates": [-88.9362, 14.8909]}, "properties": {"name": "Cop\u00e1n", "min_label": 8.0}}, {"type": "Feature", "geometry": {"type": "Point", "coordinates": [-89.5127, 15.0329]}, "properties": {"name": "Zacapa", "min_label": 8.0}}, {"type": "Feature", "geometry": {"type": "Point", "coordinates": [-82.6597, 9.20739]}, "properties": {"name": "Bocas del Toro", "min_label": 7.7}}, {"type": "Feature", "geometry": {"type": "Point", "coordinates": [-83.1486, 9.7018]}, "properties": {"name": "Lim\u00f3n", "min_label": 7.7}}, {"type": "Feature", "geometry": {"type": "Point", "coordinates": [-83.2294, 8.93419]}, "properties": {"name": "Puntarenas", "min_label": 7.7}}, {"type": "Feature", "geometry": {"type": "Point", "coordinates": [-82.0992, 8.30824]}, "properties": {"name": "Chiriqu\u00ed", "min_label": 7.7}}, {"type": "Feature", "geometry": {"type": "Point", "coordinates": [-78.3273, 9.28269]}, "properties": {"name": "Kuna Yala", "min_label": 7.7}}, {"type": "Feature", "geometry": {"type": "Point", "coordinates": [-76.7263, 5.38283]}, "properties": {"name": "Choc\u00f3", "min_label": 6.7}}, {"type": "Feature", "geometry": {"type": "Point", "coordinates": [-78.1396, 7.86013]}, "properties": {"name": "Ember\u00e1", "min_label": 7.7}}, {"type": "Feature", "geometry": {"type": "Point", "coordinates": [-77.7067, 7.90194]}, "properties": {"name": "Dari\u00e9n", "min_label": 7.7}}, {"type": "Feature", "geometry": {"type": "Point", "coordinates": [-59.7502, 7.74233]}, "properties": {"name": "Barima-Waini", "min_label": 8.0}}, {"type": "Feature", "geometry": {"type": "Point", "coordinates": [-61.5863, 8.78915]}, "properties": {"name": "Delta Amacuro", "min_label": 6.7}}, {"type": "Feature", "geometry": {"type": "Point", "coordinates": [-63.8628, 6.00608]}, "properties": {"name": "Bol\u00edvar", "min_label": 6.7}}, {"type": "Feature", "geometry": {"type": "Point", "coordinates": [-63.7853, -4.21774]}, "properties": {"name": "Amazonas", "min_label": 3.0}}, {"type": "Feature", "geometry": {"type": "Point", "coordinates": [-68.8925, 2.70535]}, "properties": {"name": "Guain\u00eda", "min_label": 6.7}}, {"type": "Feature", "geometry": {"type": "Point", "coordinates": [-70.5869, 0.790971]}, "properties": {"name": "Vaup\u00e9s", "min_label": 6.7}}, {"type": "Feature", "geometry": {"type": "Point", "coordinates": [-71.9171, -1.26032]}, "properties": {"name": "Amazonas", "min_label": 6.7}}, {"type": "Feature", "geometry": {"type": "Point", "coordinates": [-73.8868, -4.27471]}, "properties": {"name": "Loreto", "min_label": 6.6}}, {"type": "Feature", "geometry": {"type": "Point", "coordinates": [-76.4248, -0.875888]}, "properties": {"name": "Orellana", "min_label": 8.0}}, {"type": "Feature", "geometry": {"type": "Point", "coordinates": [-76.8768, -1.84655]}, "properties": {"name": "Pastaza", "min_label": 8.0}}, {"type": "Feature", "geometry": {"type": "Point", "coordinates": [-77.8071, -2.4505]}, "properties": {"name": "Morona Santiago", "min_label": 8.0}}, {"type": "Feature", "geometry": {"type": "Point", "coordinates": [-77.9695, -5.0485]}, "properties": {"name": "Amazonas", "min_label": 6.6}}, {"type": "Feature", "geometry": {"type": "Point", "coordinates": [-78.8595, -3.93679]}, "properties": {"name": "Zamora Chinchipe", "min_label": 8.0}}, {"type": "Feature", "geometry": {"type": "Point", "coordinates": [-78.6091, -6.81775]}, "properties": {"name": "Cajamarca", "min_label": 6.6}}, {"type": "Feature", "geometry": {"type": "Point", "coordinates": [-79.8079, -4.15948]}, "properties": {"name": "Loja", "min_label": 8.0}}, {"type": "Feature", "geometry": {"type": "Point", "coordinates": [-80.6135, -3.88493]}, "properties": {"name": "Tumbes", "min_label": 6.6}}, {"type": "Feature", "geometry": {"type": "Point", "coordinates": [-79.8552, -3.43657]}, "properties": {"name": "El Oro", "min_label": 8.0}}, {"type": "Feature", "geometry": {"type": "Point", "coordinates": [-80.2868, -5.09955]}, "properties": {"name": "Piura", "min_label": 6.6}}, {"type": "Feature", "geometry": {"type": "Point", "coordinates": [-65.6187, 3.36185]}, "properties": {"name": "Amazonas", "min_label": 6.7}}, {"type": "Feature", "geometry": {"type": "Point", "coordinates": [-63.9529, -20.0848]}, "properties": {"name": "Chuquisaca", "min_label": 6.6}}, {"type": "Feature", "geometry": {"type": "Point", "coordinates": [-73.2493, -9.99816]}, "properties": {"name": "Ucayali", "min_label": 6.6}}, {"type": "Feature", "geometry": {"type": "Point", "coordinates": [-67.4319, -11.273]}, "properties": {"name": "Pando", "min_label": 6.6}}, {"type": "Feature", "geometry": {"type": "Point", "coordinates": [-63.1439, -10.9712]}, "properties": {"name": "Rond\u00f4nia", "min_label": 3.0}}, {"type": "Feature", "geometry": {"type": "Point", "coordinates": [-64.5806, -14.0358]}, "properties": {"name": "El Beni", "min_label": 6.6}}, {"type": "Feature", "geometry": {"type": "Point", "coordinates": [-55.9235, -13.3926]}, "properties": {"name": "Mato Grosso", "min_label": 3.0}}, {"type": "Feature", "geometry": {"type": "Point", "coordinates": [-69.9802, -15.1677]}, "properties": {"name": "Puno", "min_label": 6.6}}, {"type": "Feature", "geometry": {"type": "Point", "coordinates": [-67.0086, -26.7709]}, "properties": {"name": "Catamarca", "min_label": 6.0}}, {"type": "Feature", "geometry": {"type": "Point", "coordinates": [-69.9123, -27.4469]}, "properties": {"name": "Atacama", "min_label": 6.0}}, {"type": "Feature", "geometry": {"type": "Point", "coordinates": [-67.5283, -29.3762]}, "properties": {"name": "La Rioja", "min_label": 6.0}}, {"type": "Feature", "geometry": {"type": "Point", "coordinates": [-68.6612, -30.97]}, "properties": {"name": "San Juan", "min_label": 6.0}}, {"type": "Feature", "geometry": {"type": "Point", "coordinates": [-70.7749, -30.5838]}, "properties": {"name": "Coquimbo", "min_label": 6.0}}, {"type": "Feature", "geometry": {"type": "Point", "coordinates": [-68.5423, -34.8484]}, "properties": {"name": "Mendoza", "min_label": 6.0}}, {"type": "Feature", "geometry": {"type": "Point", "coordinates": [-70.7527, -33.4568]}, "properties": {"name": "Regi\u00f3n Metropolitana de Santiago", "min_label": 6.0}}, {"type": "Feature", "geometry": {"type": "Point", "coordinates": [-70.936, -32.4884]}, "properties": {"name": "Valpara\u00edso", "min_label": 6.0}}, {"type": "Feature", "geometry": {"type": "Point", "coordinates": [-71.5811, -35.6067]}, "properties": {"name": "Maule", "min_label": 6.0}}, {"type": "Feature", "geometry": {"type": "Point", "coordinates": [-71.0756, -34.5255]}, "properties": {"name": "Libertador General Bernardo O'Higgins", "min_label": 6.0}}, {"type": "Feature", "geometry": {"type": "Point", "coordinates": [-69.9833, -38.3579]}, "properties": {"name": "Neuqu\u00e9n", "min_label": 6.0}}, {"type": "Feature", "geometry": {"type": "Point", "coordinates": [-72.068431307, -36.619326948]}, "properties": {"name": "\u00d1uble", "min_label": 6.0}}, {"type": "Feature", "geometry": {"type": "Point", "coordinates": [-72.3806, -38.738]}, "properties": {"name": "La Araucan\u00eda", "min_label": 6.0}}, {"type": "Feature", "geometry": {"type": "Point", "coordinates": [-72.3475, -36.9791]}, "properties": {"name": "B\u00edo-B\u00edo", "min_label": 6.0}}, {"type": "Feature", "geometry": {"type": "Point", "coordinates": [-72.6829, -40.1186]}, "properties": {"name": "Los R\u00edos", "min_label": 6.0}}, {"type": "Feature", "geometry": {"type": "Point", "coordinates": [-67.8642, -43.9995]}, "properties": {"name": "Chubut", "min_label": 6.0}}, {"type": "Feature", "geometry": {"type": "Point", "coordinates": [-72.9043, -41.0592]}, "properties": {"name": "Los Lagos", "min_label": 6.0}}, {"type": "Feature", "geometry": {"type": "Point", "coordinates": [-67.3641, -40.1261]}, "properties": {"name": "R\u00edo Negro", "min_label": 6.0}}, {"type": "Feature", "geometry": {"type": "Point", "coordinates": [-73.3899, -46.8716]}, "properties": {"name": "Ais\u00e9n del General Carlos Ib\u00e1\u00f1ez del Campo", "min_label": 6.0}}, {"type": "Feature", "geometry": {"type": "Point", "coordinates": [-69.6596, -49.0428]}, "properties": {"name": "Santa Cruz", "min_label": 6.0}}, {"type": "Feature", "geometry": {"type": "Point", "coordinates": [-71.3975, -53.4723]}, "properties": {"name": "Magallanes y Ant\u00e1rtica Chilena", "min_label": 6.0}}, {"type": "Feature", "geometry": {"type": "Point", "coordinates": [-67.5329, -54.3887]}, "properties": {"name": "Tierra del Fuego", "min_label": 6.0}}, {"type": "Feature", "geometry": {"type": "Point", "coordinates": [-72.5482, 9.58469]}, "properties": {"name": "Zulia", "min_label": 6.7}}, {"type": "Feature", "geometry": {"type": "Point", "coordinates": [-72.6702, 11.4245]}, "properties": {"name": "La Guajira", "min_label": 6.7}}, {"type": "Feature", "geometry": {"type": "Point", "coordinates": [-73.4339, 9.84893]}, "properties": {"name": "Cesar", "min_label": 6.7}}, {"type": "Feature", "geometry": {"type": "Point", "coordinates": [-72.8175, 8.086]}, "properties": {"name": "Norte de Santander", "min_label": 6.7}}, {"type": "Feature", "geometry": {"type": "Point", "coordinates": [-72.0039, 7.85734]}, "properties": {"name": "T\u00e1chira", "min_label": 6.7}}, {"type": "Feature", "geometry": {"type": "Point", "coordinates": [-68.55, 7.0405]}, "properties": {"name": "Apure", "min_label": 6.7}}, {"type": "Feature", "geometry": {"type": "Point", "coordinates": [-70.8913, 6.64307]}, "properties": {"name": "Arauca", "min_label": 6.7}}, {"type": "Feature", "geometry": {"type": "Point", "coordinates": [-72.933, 5.68515]}, "properties": {"name": "Boyac\u00e1", "min_label": 6.7}}, {"type": "Feature", "geometry": {"type": "Point", "coordinates": [-69.2414, 4.89224]}, "properties": {"name": "Vichada", "min_label": 6.7}}, {"type": "Feature", "geometry": {"type": "Point", "coordinates": [18.272, 54.26]}, "properties": {"name": "Pomeranian", "min_label": 6.7}}, {"type": "Feature", "geometry": {"type": "Point", "coordinates": [138.689, -4.10825]}, "properties": {"name": "Papua", "min_label": 4.6}}, {"type": "Feature", "geometry": {"type": "Point", "coordinates": [141.741, -3.45778]}, "properties": {"name": "Sandaun", "min_label": 7.0}}, {"type": "Feature", "geometry": {"type": "Point", "coordinates": [142.01, -7.48919]}, "properties": {"name": "Western", "min_label": 7.0}}, {"type": "Feature", "geometry": {"type": "Point", "coordinates": [55.2571, 39.7244]}, "properties": {"name": "Balkan", "min_label": 6.6}}, {"type": "Feature", "geometry": {"type": "Point", "coordinates": [53.8538, 44.0351]}, "properties": {"name": "Mangghystau", "min_label": 6.0}}, {"type": "Feature", "geometry": {"type": "Point", "coordinates": [63.6151, 44.6012]}, "properties": {"name": "Qyzylorda", "min_label": 6.0}}, {"type": "Feature", "geometry": {"type": "Point", "coordinates": [59.2233, 43.8529]}, "properties": {"name": "Karakalpakstan", "min_label": 6.6}}, {"type": "Feature", "geometry": {"type": "Point", "coordinates": [58.9373, 48.0288]}, "properties": {"name": "Aqt\u00f6be", "min_label": 6.0}}, {"type": "Feature", "geometry": {"type": "Point", "coordinates": [64.2722, 42.1726]}, "properties": {"name": "Navoi", "min_label": 6.6}}, {"type": "Feature", "geometry": {"type": "Point", "coordinates": [58.769, 41.3981]}, "properties": {"name": "Tashauz", "min_label": 6.6}}, {"type": "Feature", "geometry": {"type": "Point", "coordinates": [61.2481, 41.2489]}, "properties": {"name": "Khorezm", "min_label": 6.6}}, {"type": "Feature", "geometry": {"type": "Point", "coordinates": [63.7729, 39.946]}, "properties": {"name": "Bukhoro", "min_label": 6.6}}, {"type": "Feature", "geometry": {"type": "Point", "coordinates": [57.0475, 37.5789]}, "properties": {"name": "North Khorasan", "min_label": 6.6}}, {"type": "Feature", "geometry": {"type": "Point", "coordinates": [55.0042, 37.312]}, "properties": {"name": "Golestan", "min_label": 6.6}}, {"type": "Feature", "geometry": {"type": "Point", "coordinates": [58.7976, 35.584]}, "properties": {"name": "Razavi Khorasan", "min_label": 6.6}}, {"type": "Feature", "geometry": {"type": "Point", "coordinates": [59.489, 32.4563]}, "properties": {"name": "South Khorasan", "min_label": 6.6}}, {"type": "Feature", "geometry": {"type": "Point", "coordinates": [62.2069, 30.7528]}, "properties": {"name": "Nimroz", "min_label": 6.7}}, {"type": "Feature", "geometry": {"type": "Point", "coordinates": [61.0471, 27.4268]}, "properties": {"name": "Sistan and Baluchestan", "min_label": 6.6}}, {"type": "Feature", "geometry": {"type": "Point", "coordinates": [62.6498, 32.5314]}, "properties": {"name": "Farah", "min_label": 6.7}}, {"type": "Feature", "geometry": {"type": "Point", "coordinates": [72.6402, 34.9407]}, "properties": {"name": "K.P.", "min_label": 5.0}}, {"type": "Feature", "geometry": {"type": "Point", "coordinates": [69.8985, 32.6148]}, "properties": {"name": "F.A.T.A.", "min_label": 5.0}}, {"type": "Feature", "geometry": {"type": "Point", "coordinates": [71.1061, 34.9013]}, "properties": {"name": "Kunar", "min_label": 6.7}}, {"type": "Feature", "geometry": {"type": "Point", "coordinates": [70.7567, 35.2898]}, "properties": {"name": "Nuristan", "min_label": 6.7}}, {"type": "Feature", "geometry": {"type": "Point", "coordinates": [70.3027, 34.2153]}, "properties": {"name": "Nangarhar", "min_label": 6.7}}, {"type": "Feature", "geometry": {"type": "Point", "coordinates": [69.8211, 33.363]}, "properties": {"name": "Khost", "min_label": 6.7}}, {"type": "Feature", "geometry": {"type": "Point", "coordinates": [69.3826, 33.575]}, "properties": {"name": "Paktya", "min_label": 6.7}}, {"type": "Feature", "geometry": {"type": "Point", "coordinates": [65.5512, 27.5194]}, "properties": {"name": "Baluchistan", "min_label": 5.0}}, {"type": "Feature", "geometry": {"type": "Point", "coordinates": [68.651, 32.5106]}, "properties": {"name": "Paktika", "min_label": 6.7}}, {"type": "Feature", "geometry": {"type": "Point", "coordinates": [67.1401, 32.4033]}, "properties": {"name": "Zabul", "min_label": 6.7}}, {"type": "Feature", "geometry": {"type": "Point", "coordinates": [65.7163, 31.135]}, "properties": {"name": "Kandahar", "min_label": 6.7}}, {"type": "Feature", "geometry": {"type": "Point", "coordinates": [63.9824, 30.9278]}, "properties": {"name": "Hilmand", "min_label": 6.7}}, {"type": "Feature", "geometry": {"type": "Point", "coordinates": [69.0682, 54.4528]}, "properties": {"name": "North Kazakhstan", "min_label": 6.0}}, {"type": "Feature", "geometry": {"type": "Point", "coordinates": [68.5186, 57.2639]}, "properties": {"name": "Tyumen'", "min_label": 4.7}}, {"type": "Feature", "geometry": {"type": "Point", "coordinates": [65.3505, 55.4316]}, "properties": {"name": "Kurgan", "min_label": 4.7}}, {"type": "Feature", "geometry": {"type": "Point", "coordinates": [73.3995, 56.0471]}, "properties": {"name": "Omsk", "min_label": 4.7}}, {"type": "Feature", "geometry": {"type": "Point", "coordinates": [64.1291, 51.2854]}, "properties": {"name": "Qostanay", "min_label": 6.0}}, {"type": "Feature", "geometry": {"type": "Point", "coordinates": [76.3751, 52.2076]}, "properties": {"name": "Pavlodar", "min_label": 6.0}}, {"type": "Feature", "geometry": {"type": "Point", "coordinates": [80.0832, 55.3139]}, "properties": {"name": "Novosibirsk", "min_label": 4.7}}, {"type": "Feature", "geometry": {"type": "Point", "coordinates": [60.2383, 54.1131]}, "properties": {"name": "Chelyabinsk", "min_label": 4.7}}, {"type": "Feature", "geometry": {"type": "Point", "coordinates": [82.8667, 52.4268]}, "properties": {"name": "Altay", "min_label": 4.7}}, {"type": "Feature", "geometry": {"type": "Point", "coordinates": [56.2149, 51.5157]}, "properties": {"name": "Orenburg", "min_label": 4.7}}, {"type": "Feature", "geometry": {"type": "Point", "coordinates": [50.5145, 49.8909]}, "properties": {"name": "West Kazakhstan", "min_label": 6.0}}, {"type": "Feature", "geometry": {"type": "Point", "coordinates": [46.6368, 51.6742]}, "properties": {"name": "Saratov", "min_label": 4.7}}, {"type": "Feature", "geometry": {"type": "Point", "coordinates": [47.7227, 47.0334]}, "properties": {"name": "Astrakhan'", "min_label": 4.7}}, {"type": "Feature", "geometry": {"type": "Point", "coordinates": [44.4488, 49.5014]}, "properties": {"name": "Volgograd", "min_label": 4.7}}, {"type": "Feature", "geometry": {"type": "Point", "coordinates": [51.7585, 47.7744]}, "properties": {"name": "Atyrau", "min_label": 6.0}}, {"type": "Feature", "geometry": {"type": "Point", "coordinates": [37.6195, 32.2481]}, "properties": {"name": "Mafraq", "min_label": 8.7}}, {"type": "Feature", "geometry": {"type": "Point", "coordinates": [36.9153, 32.7577]}, "properties": {"name": "As Suwayda'", "min_label": 7.0}}, {"type": "Feature", "geometry": {"type": "Point", "coordinates": [36.1698, 32.8686]}, "properties": {"name": "Dar`a", "min_label": 7.0}}, {"type": "Feature", "geometry": {"type": "Point", "coordinates": [33.6723, 30.5071]}, "properties": {"name": "Shamal Sina'", "min_label": 7.7}}, {"type": "Feature", "geometry": {"type": "Point", "coordinates": [43.3124, 29.227]}, "properties": {"name": "Al Hudud ash Shamaliyah", "min_label": 6.6}}, {"type": "Feature", "geometry": {"type": "Point", "coordinates": [41.5307, 33.2317]}, "properties": {"name": "Al-Anbar", "min_label": 6.7}}, {"type": "Feature", "geometry": {"type": "Point", "coordinates": [43.7551, 30.9322]}, "properties": {"name": "An-Najaf", "min_label": 6.7}}, {"type": "Feature", "geometry": {"type": "Point", "coordinates": [38.3651, 29.5589]}, "properties": {"name": "Al Jawf", "min_label": 6.6}}, {"type": "Feature", "geometry": {"type": "Point", "coordinates": [36.6401, 30.492]}, "properties": {"name": "Ma`an", "min_label": 8.7}}, {"type": "Feature", "geometry": {"type": "Point", "coordinates": [36.4418, 31.6211]}, "properties": {"name": "Amman", "min_label": 8.7}}, {"type": "Feature", "geometry": {"type": "Point", "coordinates": [36.8284, 31.8095]}, "properties": {"name": "Zarqa", "min_label": 8.7}}, {"type": "Feature", "geometry": {"type": "Point", "coordinates": [47.9393, 28.8653]}, "properties": {"name": "Al Ahmadi", "min_label": 8.7}}, {"type": "Feature", "geometry": {"type": "Point", "coordinates": [42.7469, 35.9228]}, "properties": {"name": "Ninawa", "min_label": 6.7}}, {"type": "Feature", "geometry": {"type": "Point", "coordinates": [40.275, 35.0736]}, "properties": {"name": "Dayr Az Zawr", "min_label": 7.0}}, {"type": "Feature", "geometry": {"type": "Point", "coordinates": [48.9133, 16.3779]}, "properties": {"name": "Hadramawt", "min_label": 8.7}}, {"type": "Feature", "geometry": {"type": "Point", "coordinates": [54.2927, 18.4966]}, "properties": {"name": "Dhofar", "min_label": 8.7}}, {"type": "Feature", "geometry": {"type": "Point", "coordinates": [51.6413, 16.8785]}, "properties": {"name": "Al Mahrah", "min_label": 8.7}}, {"type": "Feature", "geometry": {"type": "Point", "coordinates": [56.8705, 20.4263]}, "properties": {"name": "Al Wusta", "min_label": 8.7}}, {"type": "Feature", "geometry": {"type": "Point", "coordinates": [45.6917, 18.2931]}, "properties": {"name": "Najran", "min_label": 6.6}}, {"type": "Feature", "geometry": {"type": "Point", "coordinates": [44.0404, 16.9876]}, "properties": {"name": "Sa`dah", "min_label": 8.7}}, {"type": "Feature", "geometry": {"type": "Point", "coordinates": [42.9503, 19.3484]}, "properties": {"name": "`Asir", "min_label": 6.6}}, {"type": "Feature", "geometry": {"type": "Point", "coordinates": [43.1804, 16.1813]}, "properties": {"name": "Hajjah", "min_label": 8.7}}, {"type": "Feature", "geometry": {"type": "Point", "coordinates": [42.726, 17.3028]}, "properties": {"name": "Jizan", "min_label": 6.6}}, {"type": "Feature", "geometry": {"type": "Point", "coordinates": [45.6137, 16.5629]}, "properties": {"name": "Al Jawf", "min_label": 8.7}}, {"type": "Feature", "geometry": {"type": "Point", "coordinates": [22.0744, 23.7231]}, "properties": {"name": "Al Kufrah", "min_label": 7.7}}, {"type": "Feature", "geometry": {"type": "Point", "coordinates": [22.1045, 18.1286]}, "properties": {"name": "Ennedi", "min_label": 6.6}}, {"type": "Feature", "geometry": {"type": "Point", "coordinates": [19.4819, 18.8249]}, "properties": {"name": "Borkou", "min_label": 6.6}}, {"type": "Feature", "geometry": {"type": "Point", "coordinates": [15.2592, 24.9977]}, "properties": {"name": "Murzuq", "min_label": 7.7}}, {"type": "Feature", "geometry": {"type": "Point", "coordinates": [16.6178, 21.4716]}, "properties": {"name": "Tibesti", "min_label": 6.6}}, {"type": "Feature", "geometry": {"type": "Point", "coordinates": [10.0991, 19.4523]}, "properties": {"name": "Agadez", "min_label": 6.6}}, {"type": "Feature", "geometry": {"type": "Point", "coordinates": [6.39695, 23.0089]}, "properties": {"name": "Tamanghasset", "min_label": 7.7}}, {"type": "Feature", "geometry": {"type": "Point", "coordinates": [-8.99419, 24.3349]}, "properties": {"name": "Tiris Zemmour", "min_label": 6.6}}, {"type": "Feature", "geometry": {"type": "Point", "coordinates": [-5.8285, 27.4985]}, "properties": {"name": "Tindouf", "min_label": 7.7}}, {"type": "Feature", "geometry": {"type": "Point", "coordinates": [15.8001, 15.2641]}, "properties": {"name": "Kanem", "min_label": 6.6}}, {"type": "Feature", "geometry": {"type": "Point", "coordinates": [28.8329, 19.3151]}, "properties": {"name": "Northern", "min_label": 6.6}}, {"type": "Feature", "geometry": {"type": "Point", "coordinates": [32.2794, 22.6543]}, "properties": {"name": "Aswan", "min_label": 7.7}}, {"type": "Feature", "geometry": {"type": "Point", "coordinates": [33.7267, 25.2164]}, "properties": {"name": "Al Bahr al Ahmar", "min_label": 7.7}}, {"type": "Feature", "geometry": {"type": "Point", "coordinates": [33.7623, 17.558]}, "properties": {"name": "River Nile", "min_label": 6.6}}, {"type": "Feature", "geometry": {"type": "Point", "coordinates": [37.7915, 2.60695]}, "properties": {"name": "Eastern", "min_label": 6.6}}, {"type": "Feature", "geometry": {"type": "Point", "coordinates": [40.2748, 1.01482]}, "properties": {"name": "North-Eastern", "min_label": 6.6}}, {"type": "Feature", "geometry": {"type": "Point", "coordinates": [-2.81838, 30.1882]}, "properties": {"name": "B\u00e9char", "min_label": 7.7}}, {"type": "Feature", "geometry": {"type": "Point", "coordinates": [-4.78602, 31.7916]}, "properties": {"name": "Mekn\u00e8s - Tafilalet", "min_label": 7.7}}, {"type": "Feature", "geometry": {"type": "Point", "coordinates": [-7.71517, 30.6732]}, "properties": {"name": "Souss - Massa - Dra\u00e2", "min_label": 7.7}}, {"type": "Feature", "geometry": {"type": "Point", "coordinates": [-16.1354, 20.8429]}, "properties": {"name": "Dakhlet Nouadhibou", "min_label": 6.6}}, {"type": "Feature", "geometry": {"type": "Point", "coordinates": [-10.3339, 20.7634]}, "properties": {"name": "Adrar", "min_label": 6.6}}, {"type": "Feature", "geometry": {"type": "Point", "coordinates": [8.62064, 36.6155]}, "properties": {"name": "Jendouba", "min_label": 7.7}}, {"type": "Feature", "geometry": {"type": "Point", "coordinates": [8.14597, 36.7012]}, "properties": {"name": "El Tarf", "min_label": 7.7}}, {"type": "Feature", "geometry": {"type": "Point", "coordinates": [8.84791, 33.3621]}, "properties": {"name": "Kebili", "min_label": 7.7}}, {"type": "Feature", "geometry": {"type": "Point", "coordinates": [7.03557, 33.1137]}, "properties": {"name": "El Oued", "min_label": 7.7}}, {"type": "Feature", "geometry": {"type": "Point", "coordinates": [8.07434, 33.9476]}, "properties": {"name": "Tozeur", "min_label": 7.7}}, {"type": "Feature", "geometry": {"type": "Point", "coordinates": [7.78338, 34.9437]}, "properties": {"name": "T\u00e9bessa", "min_label": 7.7}}, {"type": "Feature", "geometry": {"type": "Point", "coordinates": [8.79521, 34.4233]}, "properties": {"name": "Gafsa", "min_label": 7.7}}, {"type": "Feature", "geometry": {"type": "Point", "coordinates": [8.78774, 35.2529]}, "properties": {"name": "Kass\u00e9rine", "min_label": 7.7}}, {"type": "Feature", "geometry": {"type": "Point", "coordinates": [8.69565, 36.0965]}, "properties": {"name": "Le Kef", "min_label": 7.7}}, {"type": "Feature", "geometry": {"type": "Point", "coordinates": [7.84211, 36.1547]}, "properties": {"name": "Souk Ahras", "min_label": 7.7}}, {"type": "Feature", "geometry": {"type": "Point", "coordinates": [6.2527, 31.0014]}, "properties": {"name": "Ouargla", "min_label": 7.7}}, {"type": "Feature", "geometry": {"type": "Point", "coordinates": [1.09427, 19.4258]}, "properties": {"name": "Kidal", "min_label": 6.6}}, {"type": "Feature", "geometry": {"type": "Point", "coordinates": [25.506, 16.4602]}, "properties": {"name": "North Darfur", "min_label": 6.6}}, {"type": "Feature", "geometry": {"type": "Point", "coordinates": [23.0863, 14.2109]}, "properties": {"name": "Western Darfur", "min_label": 6.6}}, {"type": "Feature", "geometry": {"type": "Point", "coordinates": [21.1068, 13.4714]}, "properties": {"name": "Ouadda\u00ef", "min_label": 6.6}}, {"type": "Feature", "geometry": {"type": "Point", "coordinates": [21.5596, 15.0457]}, "properties": {"name": "Wadi Fira", "min_label": 6.6}}, {"type": "Feature", "geometry": {"type": "Point", "coordinates": [24.0559, 30.069]}, "properties": {"name": "Al Butnan", "min_label": 7.7}}, {"type": "Feature", "geometry": {"type": "Point", "coordinates": [27.5083, 29.6121]}, "properties": {"name": "Matruh", "min_label": 7.7}}, {"type": "Feature", "geometry": {"type": "Point", "coordinates": [21.74, 29.0419]}, "properties": {"name": "Ajdabiya", "min_label": 7.7}}, {"type": "Feature", "geometry": {"type": "Point", "coordinates": [28.9556, 24.8314]}, "properties": {"name": "Al Wadi at Jadid", "min_label": 7.7}}, {"type": "Feature", "geometry": {"type": "Point", "coordinates": [-14.707, 12.1429]}, "properties": {"name": "Bafat\u00e1", "min_label": 8.7}}, {"type": "Feature", "geometry": {"type": "Point", "coordinates": [-15.3013, 12.2794]}, "properties": {"name": "Oio", "min_label": 8.7}}, {"type": "Feature", "geometry": {"type": "Point", "coordinates": [-15.6151, 12.8803]}, "properties": {"name": "S\u00e9dhiou", "min_label": 7.7}}, {"type": "Feature", "geometry": {"type": "Point", "coordinates": [-16.0628, 12.19]}, "properties": {"name": "Cacheu", "min_label": 8.7}}, {"type": "Feature", "geometry": {"type": "Point", "coordinates": [-16.3435, 12.4818]}, "properties": {"name": "Ziguinchor", "min_label": 7.7}}, {"type": "Feature", "geometry": {"type": "Point", "coordinates": [41.8088, 0.0078977]}, "properties": {"name": "Jubbada Hoose", "min_label": 7.0}}, {"type": "Feature", "geometry": {"type": "Point", "coordinates": [39.5816, -2.51514]}, "properties": {"name": "Coast", "min_label": 6.6}}, {"type": "Feature", "geometry": {"type": "Point", "coordinates": [34.0227, -1.58906]}, "properties": {"name": "Mara", "min_label": 6.7}}, {"type": "Feature", "geometry": {"type": "Point", "coordinates": [34.4239, -0.511452]}, "properties": {"name": "Nyanza", "min_label": 6.6}}, {"type": "Feature", "geometry": {"type": "Point", "coordinates": [36.0865, -3.02634]}, "properties": {"name": "Arusha", "min_label": 6.7}}, {"type": "Feature", "geometry": {"type": "Point", "coordinates": [37.6511, -4.01115]}, "properties": {"name": "Kilimanjaro", "min_label": 6.7}}, {"type": "Feature", "geometry": {"type": "Point", "coordinates": [38.1412, -5.18525]}, "properties": {"name": "Tanga", "min_label": 6.7}}, {"type": "Feature", "geometry": {"type": "Point", "coordinates": [31.5253, -0.753019]}, "properties": {"name": "Rakai", "min_label": 10.0}}, {"type": "Feature", "geometry": {"type": "Point", "coordinates": [32.2457, -0.355954]}, "properties": {"name": "Kalangala", "min_label": 10.0}}, {"type": "Feature", "geometry": {"type": "Point", "coordinates": [33.2585, 0.0968329]}, "properties": {"name": "Buvuma", "min_label": 10.0}}, {"type": "Feature", "geometry": {"type": "Point", "coordinates": [33.5556, 0.277049]}, "properties": {"name": "Mayuge", "min_label": 10.0}}, {"type": "Feature", "geometry": {"type": "Point", "coordinates": [33.8049, 0.246262]}, "properties": {"name": "Namayingo", "min_label": 10.0}}, {"type": "Feature", "geometry": {"type": "Point", "coordinates": [9.7992, 1.30717]}, "properties": {"name": "Litoral", "min_label": 8.7}}, {"type": "Feature", "geometry": {"type": "Point", "coordinates": [10.8707, 2.04853]}, "properties": {"name": "Ki\u00e9-Ntem", "min_label": 8.7}}, {"type": "Feature", "geometry": {"type": "Point", "coordinates": [10.4494, 1.46235]}, "properties": {"name": "Centro Sur", "min_label": 8.7}}, {"type": "Feature", "geometry": {"type": "Point", "coordinates": [10.9267, 1.33965]}, "properties": {"name": "Wele-Nz\u00e1s", "min_label": 8.7}}, {"type": "Feature", "geometry": {"type": "Point", "coordinates": [10.1365, 0.32201]}, "properties": {"name": "Estuaire", "min_label": 7.7}}, {"type": "Feature", "geometry": {"type": "Point", "coordinates": [-13.6298, 17.0824]}, "properties": {"name": "Brakna", "min_label": 6.6}}, {"type": "Feature", "geometry": {"type": "Point", "coordinates": [-14.9945, 16.3051]}, "properties": {"name": "Saint-Louis", "min_label": 7.7}}, {"type": "Feature", "geometry": {"type": "Point", "coordinates": [-14.6057, 17.9339]}, "properties": {"name": "Trarza", "min_label": 6.6}}, {"type": "Feature", "geometry": {"type": "Point", "coordinates": [-12.8565, 16.0296]}, "properties": {"name": "Gorgol", "min_label": 6.6}}, {"type": "Feature", "geometry": {"type": "Point", "coordinates": [-13.5063, 15.4647]}, "properties": {"name": "Matam", "min_label": 7.7}}, {"type": "Feature", "geometry": {"type": "Point", "coordinates": [-12.1235, 15.3352]}, "properties": {"name": "Guidimaka", "min_label": 6.6}}, {"type": "Feature", "geometry": {"type": "Point", "coordinates": [-7.19158, 18.0225]}, "properties": {"name": "Hodh ech Chargui", "min_label": 6.6}}, {"type": "Feature", "geometry": {"type": "Point", "coordinates": [-9.69143, 16.4832]}, "properties": {"name": "Hodh el Gharbi", "min_label": 6.6}}, {"type": "Feature", "geometry": {"type": "Point", "coordinates": [-11.7106, 16.5835]}, "properties": {"name": "Assaba", "min_label": 6.6}}, {"type": "Feature", "geometry": {"type": "Point", "coordinates": [23.7642, -15.7815]}, "properties": {"name": "Western", "min_label": 6.6}}, {"type": "Feature", "geometry": {"type": "Point", "coordinates": [19.9218, -16.311]}, "properties": {"name": "Cuando Cubango", "min_label": 6.6}}, {"type": "Feature", "geometry": {"type": "Point", "coordinates": [21.0033, -13.281]}, "properties": {"name": "Moxico", "min_label": 6.6}}, {"type": "Feature", "geometry": {"type": "Point", "coordinates": [24.7847, -12.7303]}, "properties": {"name": "North-Western", "min_label": 6.6}}, {"type": "Feature", "geometry": {"type": "Point", "coordinates": [12.6525, -15.8249]}, "properties": {"name": "Namibe", "min_label": 6.6}}, {"type": "Feature", "geometry": {"type": "Point", "coordinates": [13.9847, -19.8757]}, "properties": {"name": "Kunene", "min_label": 6.0}}, {"type": "Feature", "geometry": {"type": "Point", "coordinates": [15.281, -16.6271]}, "properties": {"name": "Cunene", "min_label": 6.6}}, {"type": "Feature", "geometry": {"type": "Point", "coordinates": [14.8918, -18.3099]}, "properties": {"name": "Omusati", "min_label": 6.0}}, {"type": "Feature", "geometry": {"type": "Point", "coordinates": [16.7798, -17.5789]}, "properties": {"name": "Ohangwena", "min_label": 6.0}}, {"type": "Feature", "geometry": {"type": "Point", "coordinates": [19.4968, -18.5224]}, "properties": {"name": "Kavango", "min_label": 6.0}}, {"type": "Feature", "geometry": {"type": "Point", "coordinates": [23.1229, -17.8491]}, "properties": {"name": "Caprivi", "min_label": 6.0}}, {"type": "Feature", "geometry": {"type": "Point", "coordinates": [32.7751, -15.4259]}, "properties": {"name": "Tete", "min_label": 6.6}}, {"type": "Feature", "geometry": {"type": "Point", "coordinates": [31.666, -18.2141]}, "properties": {"name": "Mashonaland East", "min_label": 6.7}}, {"type": "Feature", "geometry": {"type": "Point", "coordinates": [33.4678, -20.811]}, "properties": {"name": "Manica", "min_label": 6.6}}, {"type": "Feature", "geometry": {"type": "Point", "coordinates": [32.1206, -18.9399]}, "properties": {"name": "Manicaland", "min_label": 6.7}}, {"type": "Feature", "geometry": {"type": "Point", "coordinates": [32.8795, -23.1231]}, "properties": {"name": "Gaza", "min_label": 6.6}}, {"type": "Feature", "geometry": {"type": "Point", "coordinates": [13.6096, -6.78301]}, "properties": {"name": "Zaire", "min_label": 6.6}}, {"type": "Feature", "geometry": {"type": "Point", "coordinates": [15.4475, -6.95896]}, "properties": {"name": "U\u00edge", "min_label": 6.6}}, {"type": "Feature", "geometry": {"type": "Point", "coordinates": [21.7144, -4.87578]}, "properties": {"name": "Kasa\u00ef-Occidental", "min_label": 6.0}}, {"type": "Feature", "geometry": {"type": "Point", "coordinates": [19.6268, -8.4722]}, "properties": {"name": "Lunda Norte", "min_label": 6.6}}, {"type": "Feature", "geometry": {"type": "Point", "coordinates": [16.9731, -9.14742]}, "properties": {"name": "Malanje", "min_label": 6.6}}, {"type": "Feature", "geometry": {"type": "Point", "coordinates": [20.3821, -10.2341]}, "properties": {"name": "Lunda Sul", "min_label": 6.6}}, {"type": "Feature", "geometry": {"type": "Point", "coordinates": [17.2167, -24.5108]}, "properties": {"name": "Hardap", "min_label": 6.0}}, {"type": "Feature", "geometry": {"type": "Point", "coordinates": [18.2876, -20.0032]}, "properties": {"name": "Otjozondjupa", "min_label": 6.0}}, {"type": "Feature", "geometry": {"type": "Point", "coordinates": [19.4738, -22.0526]}, "properties": {"name": "Omaheke", "min_label": 6.0}}, {"type": "Feature", "geometry": {"type": "Point", "coordinates": [22.7086, -22.1555]}, "properties": {"name": "Ghanzi", "min_label": 6.0}}, {"type": "Feature", "geometry": {"type": "Point", "coordinates": [-14.9804, 13.637]}, "properties": {"name": "Central River", "min_label": 8.0}}, {"type": "Feature", "geometry": {"type": "Point", "coordinates": [-15.2014, 14.2364]}, "properties": {"name": "Kaffrine", "min_label": 7.7}}, {"type": "Feature", "geometry": {"type": "Point", "coordinates": [-15.9799, 13.5236]}, "properties": {"name": "North Bank", "min_label": 8.0}}, {"type": "Feature", "geometry": {"type": "Point", "coordinates": [-15.9845, 13.8846]}, "properties": {"name": "Kaolack", "min_label": 7.7}}, {"type": "Feature", "geometry": {"type": "Point", "coordinates": [-14.1857, 13.3797]}, "properties": {"name": "Upper River", "min_label": 8.0}}, {"type": "Feature", "geometry": {"type": "Point", "coordinates": [-15.7046, 13.4062]}, "properties": {"name": "Lower River", "min_label": 8.0}}, {"type": "Feature", "geometry": {"type": "Point", "coordinates": [-16.4165, 13.8699]}, "properties": {"name": "Fatick", "min_label": 7.7}}, {"type": "Feature", "geometry": {"type": "Point", "coordinates": [-16.3138, 13.2212]}, "properties": {"name": "West Coast", "min_label": 8.0}}, {"type": "Feature", "geometry": {"type": "Point", "coordinates": [8.7628, 26.8506]}, "properties": {"name": "Illizi", "min_label": 7.7}}, {"type": "Feature", "geometry": {"type": "Point", "coordinates": [12.8352, 27.8732]}, "properties": {"name": "Ash Shati'", "min_label": 7.7}}, {"type": "Feature", "geometry": {"type": "Point", "coordinates": [10.4298, 25.9201]}, "properties": {"name": "Ghat", "min_label": 7.7}}, {"type": "Feature", "geometry": {"type": "Point", "coordinates": [-0.07114, 13.8673]}, "properties": {"name": "S\u00e9no", "min_label": 9.0}}, {"type": "Feature", "geometry": {"type": "Point", "coordinates": [0.664784, 13.3228]}, "properties": {"name": "Yagha", "min_label": 9.0}}, {"type": "Feature", "geometry": {"type": "Point", "coordinates": [0.775979, 12.6971]}, "properties": {"name": "Komondjari", "min_label": 9.0}}, {"type": "Feature", "geometry": {"type": "Point", "coordinates": [16.3383, 3.21418]}, "properties": {"name": "Sangha-Mba\u00e9r\u00e9", "min_label": 7.0}}, {"type": "Feature", "geometry": {"type": "Point", "coordinates": [14.1674, 3.78379]}, "properties": {"name": "Est", "min_label": 6.7}}, {"type": "Feature", "geometry": {"type": "Point", "coordinates": [15.4564, 5.67426]}, "properties": {"name": "Nana-Mamb\u00e9r\u00e9", "min_label": 7.0}}, {"type": "Feature", "geometry": {"type": "Point", "coordinates": [15.8888, 4.5324]}, "properties": {"name": "Mamb\u00e9r\u00e9-Kad\u00e9\u00ef", "min_label": 7.0}}, {"type": "Feature", "geometry": {"type": "Point", "coordinates": [34.0364, 3.70606]}, "properties": {"name": "Kaabong", "min_label": 10.0}}, {"type": "Feature", "geometry": {"type": "Point", "coordinates": [33.3078, 3.36108]}, "properties": {"name": "Kitgum", "min_label": 10.0}}, {"type": "Feature", "geometry": {"type": "Point", "coordinates": [32.7269, 3.56903]}, "properties": {"name": "Lamwo", "min_label": 10.0}}, {"type": "Feature", "geometry": {"type": "Point", "coordinates": [32.0347, 2.9511]}, "properties": {"name": "Amuru", "min_label": 10.0}}, {"type": "Feature", "geometry": {"type": "Point", "coordinates": [31.7282, 3.21788]}, "properties": {"name": "Adjumani", "min_label": 10.0}}, {"type": "Feature", "geometry": {"type": "Point", "coordinates": [31.7226, 3.62202]}, "properties": {"name": "Moyo", "min_label": 10.0}}, {"type": "Feature", "geometry": {"type": "Point", "coordinates": [31.2996, 3.52312]}, "properties": {"name": "Yumbe", "min_label": 10.0}}, {"type": "Feature", "geometry": {"type": "Point", "coordinates": [30.9725, 3.51005]}, "properties": {"name": "Koboko", "min_label": 10.0}}, {"type": "Feature", "geometry": {"type": "Point", "coordinates": [30.1421, -25.9893]}, "properties": {"name": "Mpumalanga", "min_label": 4.6}}, {"type": "Feature", "geometry": {"type": "Point", "coordinates": [31.322, -26.0265]}, "properties": {"name": "Hhohho", "min_label": 8.7}}, {"type": "Feature", "geometry": {"type": "Point", "coordinates": [31.2402, -26.6342]}, "properties": {"name": "Manzini", "min_label": 8.7}}, {"type": "Feature", "geometry": {"type": "Point", "coordinates": [31.4265, -27.0243]}, "properties": {"name": "Shiselweni", "min_label": 8.7}}, {"type": "Feature", "geometry": {"type": "Point", "coordinates": [29.4045, -11.6471]}, "properties": {"name": "Luapula", "min_label": 6.6}}, {"type": "Feature", "geometry": {"type": "Point", "coordinates": [27.9272, -13.1044]}, "properties": {"name": "Copperbelt", "min_label": 6.6}}, {"type": "Feature", "geometry": {"type": "Point", "coordinates": [28.3755, -14.5199]}, "properties": {"name": "Central", "min_label": 6.6}}, {"type": "Feature", "geometry": {"type": "Point", "coordinates": [0.204257, 11.4079]}, "properties": {"name": "Koulp\u00e9logo", "min_label": 9.0}}, {"type": "Feature", "geometry": {"type": "Point", "coordinates": [-0.43666, 11.4767]}, "properties": {"name": "Boulgou", "min_label": 9.0}}, {"type": "Feature", "geometry": {"type": "Point", "coordinates": [1.77142, 9.31506]}, "properties": {"name": "Donga", "min_label": 7.7}}, {"type": "Feature", "geometry": {"type": "Point", "coordinates": [2.09135, 7.22681]}, "properties": {"name": "Zou", "min_label": 7.7}}, {"type": "Feature", "geometry": {"type": "Point", "coordinates": [1.81235, 6.98499]}, "properties": {"name": "Kouffo", "min_label": 7.7}}, {"type": "Feature", "geometry": {"type": "Point", "coordinates": [1.79465, 6.48568]}, "properties": {"name": "Mono", "min_label": 7.7}}, {"type": "Feature", "geometry": {"type": "Point", "coordinates": [-1.16782, 11.2028]}, "properties": {"name": "Nahouri", "min_label": 9.0}}, {"type": "Feature", "geometry": {"type": "Point", "coordinates": [-2.10887, 11.1806]}, "properties": {"name": "Sissili", "min_label": 9.0}}, {"type": "Feature", "geometry": {"type": "Point", "coordinates": [-2.14449, 10.404]}, "properties": {"name": "Upper West", "min_label": 7.7}}, {"type": "Feature", "geometry": {"type": "Point", "coordinates": [-2.96967, 11.0116]}, "properties": {"name": "Ioba", "min_label": 9.0}}, {"type": "Feature", "geometry": {"type": "Point", "coordinates": [34.1715, -12.8398]}, "properties": {"name": "Nkhotakota", "min_label": 8.7}}, {"type": "Feature", "geometry": {"type": "Point", "coordinates": [34.4903, -13.7572]}, "properties": {"name": "Salima", "min_label": 8.7}}, {"type": "Feature", "geometry": {"type": "Point", "coordinates": [35.3501, -14.374]}, "properties": {"name": "Mangochi", "min_label": 8.7}}, {"type": "Feature", "geometry": {"type": "Point", "coordinates": [35.5384, -14.9533]}, "properties": {"name": "Machinga", "min_label": 8.7}}, {"type": "Feature", "geometry": {"type": "Point", "coordinates": [34.1833, -14.2064]}, "properties": {"name": "Dedza", "min_label": 8.7}}, {"type": "Feature", "geometry": {"type": "Point", "coordinates": [33.7683, -14.0415]}, "properties": {"name": "Lilongwe", "min_label": 8.7}}, {"type": "Feature", "geometry": {"type": "Point", "coordinates": [35.1003, -17.0479]}, "properties": {"name": "Nsanje", "min_label": 8.7}}, {"type": "Feature", "geometry": {"type": "Point", "coordinates": [34.6636, -16.1524]}, "properties": {"name": "Chikwawa", "min_label": 8.7}}, {"type": "Feature", "geometry": {"type": "Point", "coordinates": [34.5126, -15.6394]}, "properties": {"name": "Mwanza", "min_label": 8.7}}, {"type": "Feature", "geometry": {"type": "Point", "coordinates": [34.6946, -15.4366]}, "properties": {"name": "Neno", "min_label": 8.7}}, {"type": "Feature", "geometry": {"type": "Point", "coordinates": [34.6861, -14.7843]}, "properties": {"name": "Ntcheu", "min_label": 8.7}}, {"type": "Feature", "geometry": {"type": "Point", "coordinates": [35.4256, -15.4526]}, "properties": {"name": "Zomba", "min_label": 8.7}}, {"type": "Feature", "geometry": {"type": "Point", "coordinates": [37.1305, -16.4213]}, "properties": {"name": "Zambezia", "min_label": 6.6}}, {"type": "Feature", "geometry": {"type": "Point", "coordinates": [35.667, -15.6883]}, "properties": {"name": "Phalombe", "min_label": 8.7}}, {"type": "Feature", "geometry": {"type": "Point", "coordinates": [35.5397, -15.9868]}, "properties": {"name": "Mulanje", "min_label": 8.7}}, {"type": "Feature", "geometry": {"type": "Point", "coordinates": [35.1071, -16.1135]}, "properties": {"name": "Thyolo", "min_label": 8.7}}, {"type": "Feature", "geometry": {"type": "Point", "coordinates": [34.712, 2.67]}, "properties": {"name": "Moroto", "min_label": 10.0}}, {"type": "Feature", "geometry": {"type": "Point", "coordinates": [34.5306, 0.537049]}, "properties": {"name": "Western", "min_label": 6.6}}, {"type": "Feature", "geometry": {"type": "Point", "coordinates": [34.4652, 1.35008]}, "properties": {"name": "Kapchorwa", "min_label": 10.0}}, {"type": "Feature", "geometry": {"type": "Point", "coordinates": [34.6781, 1.26283]}, "properties": {"name": "Bukwa", "min_label": 10.0}}, {"type": "Feature", "geometry": {"type": "Point", "coordinates": [34.883, 1.67258]}, "properties": {"name": "Amudat", "min_label": 10.0}}, {"type": "Feature", "geometry": {"type": "Point", "coordinates": [34.0041, 0.412014]}, "properties": {"name": "Busia", "min_label": 10.0}}, {"type": "Feature", "geometry": {"type": "Point", "coordinates": [34.0805, 0.737709]}, "properties": {"name": "Tororo", "min_label": 10.0}}, {"type": "Feature", "geometry": {"type": "Point", "coordinates": [34.312, 0.886597]}, "properties": {"name": "Manafwa", "min_label": 10.0}}, {"type": "Feature", "geometry": {"type": "Point", "coordinates": [34.3979, 1.03321]}, "properties": {"name": "Bududa", "min_label": 10.0}}, {"type": "Feature", "geometry": {"type": "Point", "coordinates": [30.9101, 3.2292]}, "properties": {"name": "Maracha", "min_label": 10.0}}, {"type": "Feature", "geometry": {"type": "Point", "coordinates": [31.1339, 2.7887]}, "properties": {"name": "Arua", "min_label": 10.0}}, {"type": "Feature", "geometry": {"type": "Point", "coordinates": [30.9019, 2.54111]}, "properties": {"name": "Zombo", "min_label": 10.0}}, {"type": "Feature", "geometry": {"type": "Point", "coordinates": [31.2582, 2.44381]}, "properties": {"name": "Nebbi", "min_label": 10.0}}, {"type": "Feature", "geometry": {"type": "Point", "coordinates": [31.4315, 1.95839]}, "properties": {"name": "Buliisa", "min_label": 10.0}}, {"type": "Feature", "geometry": {"type": "Point", "coordinates": [31.0319, 1.47115]}, "properties": {"name": "Hoima", "min_label": 10.0}}, {"type": "Feature", "geometry": {"type": "Point", "coordinates": [30.3756, 1.02038]}, "properties": {"name": "Ntoroko", "min_label": 10.0}}, {"type": "Feature", "geometry": {"type": "Point", "coordinates": [30.0508, 0.738092]}, "properties": {"name": "Bundibugyo", "min_label": 10.0}}, {"type": "Feature", "geometry": {"type": "Point", "coordinates": [30.2731, 0.596926]}, "properties": {"name": "Kabarole", "min_label": 10.0}}, {"type": "Feature", "geometry": {"type": "Point", "coordinates": [29.9844, 0.138279]}, "properties": {"name": "Kasese", "min_label": 10.0}}, {"type": "Feature", "geometry": {"type": "Point", "coordinates": [29.9095, -0.269997]}, "properties": {"name": "Rubirizi", "min_label": 10.0}}, {"type": "Feature", "geometry": {"type": "Point", "coordinates": [29.9095, -0.710038]}, "properties": {"name": "Rukungiri", "min_label": 10.0}}, {"type": "Feature", "geometry": {"type": "Point", "coordinates": [29.7256, -0.835254]}, "properties": {"name": "Kanungu", "min_label": 10.0}}, {"type": "Feature", "geometry": {"type": "Point", "coordinates": [40.1691, 15.6179]}, "properties": {"name": "Debub", "min_label": 8.7}}, {"type": "Feature", "geometry": {"type": "Point", "coordinates": [35.8873, 19.5289]}, "properties": {"name": "Red Sea", "min_label": 6.6}}, {"type": "Feature", "geometry": {"type": "Point", "coordinates": [37.9175, 16.6263]}, "properties": {"name": "Semenawi Keyih Bahri", "min_label": 8.7}}, {"type": "Feature", "geometry": {"type": "Point", "coordinates": [37.6058, 15.0297]}, "properties": {"name": "Gash Barka", "min_label": 8.7}}, {"type": "Feature", "geometry": {"type": "Point", "coordinates": [35.5979, 15.6265]}, "properties": {"name": "Kassala", "min_label": 6.6}}, {"type": "Feature", "geometry": {"type": "Point", "coordinates": [38.9679, 14.858]}, "properties": {"name": "Maekel", "min_label": 8.7}}, {"type": "Feature", "geometry": {"type": "Point", "coordinates": [27.4446, 59.1333]}, "properties": {"name": "Ida-Viru", "min_label": 7.0}}, {"type": "Feature", "geometry": {"type": "Point", "coordinates": [27.1696, 58.0905]}, "properties": {"name": "P\u00f5lva", "min_label": 7.0}}, {"type": "Feature", "geometry": {"type": "Point", "coordinates": [26.7967, 58.3727]}, "properties": {"name": "Tartu", "min_label": 7.0}}, {"type": "Feature", "geometry": {"type": "Point", "coordinates": [26.5975, 58.7313]}, "properties": {"name": "J\u00f5geva", "min_label": 7.0}}, {"type": "Feature", "geometry": {"type": "Point", "coordinates": [72.3449, 31.3589]}, "properties": {"name": "Punjab", "min_label": 5.0}}, {"type": "Feature", "geometry": {"type": "Point", "coordinates": [75.3762, 31.0245]}, "properties": {"name": "Punjab", "min_label": 4.6}}, {"type": "Feature", "geometry": {"type": "Point", "coordinates": [73.8556, 26.7468]}, "properties": {"name": "Rajasthan", "min_label": 4.6}}, {"type": "Feature", "geometry": {"type": "Point", "coordinates": [68.8685, 26.3734]}, "properties": {"name": "Sind", "min_label": 5.0}}, {"type": "Feature", "geometry": {"type": "Point", "coordinates": [71.3013, 22.7501]}, "properties": {"name": "Gujarat", "min_label": 4.6}}, {"type": "Feature", "geometry": {"type": "Point", "coordinates": [-151.604, 65.3609]}, "properties": {"name": "Alaska", "min_label": 2.0}}, {"type": "Feature", "geometry": {"type": "Point", "coordinates": [-135.7, 63.6088]}, "properties": {"name": "Yukon", "min_label": 2.0}}, {"type": "Feature", "geometry": {"type": "Point", "coordinates": [32.3633, 13.5951]}, "properties": {"name": "White Nile", "min_label": 6.6}}, {"type": "Feature", "geometry": {"type": "Point", "coordinates": [29.83, 11.4504]}, "properties": {"name": "South Kordufan", "min_label": 6.6}}, {"type": "Feature", "geometry": {"type": "Point", "coordinates": [29.8883, 8.99929]}, "properties": {"name": "Unity", "min_label": 6.6}}, {"type": "Feature", "geometry": {"type": "Point", "coordinates": [114.148, 22.5063]}, "properties": {"name": "North", "min_label": 11.0}}, {"type": "Feature", "geometry": {"type": "Point", "coordinates": [113.72, 23.7924]}, "properties": {"name": "Guangdong", "min_label": 4.6}}, {"type": "Feature", "geometry": {"type": "Point", "coordinates": [12.4534, 41.9034]}, "properties": {"name": "Vatican", "min_label": 18.0}}, {"type": "Feature", "geometry": {"type": "Point", "coordinates": [27.535, 8.90381]}, "properties": {"name": "Northern Bahr el Ghazal", "min_label": 6.6}}, {"type": "Feature", "geometry": {"type": "Point", "coordinates": [26.5295, 11.0263]}, "properties": {"name": "Eastern Darfur", "min_label": 6.6}}, {"type": "Feature", "geometry": {"type": "Point", "coordinates": [-0.830564, 33.1649]}, "properties": {"name": "Na\u00e2ma", "min_label": 7.7}}, {"type": "Feature", "geometry": {"type": "Point", "coordinates": [-1.49045, 34.7431]}, "properties": {"name": "Tlemcen", "min_label": 7.7}}, {"type": "Feature", "geometry": {"type": "Point", "coordinates": [77.2875, 31.6755]}, "properties": {"name": "Himachal Pradesh", "min_label": 4.6}}, {"type": "Feature", "geometry": {"type": "Point", "coordinates": [33.6025, 35.1975]}, "properties": {"name": "Northern Cyprus", "min_label": 18.0}}, {"type": "Feature", "geometry": {"type": "Point", "coordinates": [33.9489, 35.0164]}, "properties": {"name": "Famagusta", "min_label": 8.7}}, {"type": "Feature", "geometry": {"type": "Point", "coordinates": [33.043, 35.0214]}, "properties": {"name": "Nicosia", "min_label": 8.7}}, {"type": "Feature", "geometry": {"type": "Point", "coordinates": [77.2889, 35.3792]}, "properties": {"name": "Kashmir", "min_label": 18.0}}, {"type": "Feature", "geometry": {"type": "Point", "coordinates": [63.3524, 45.9632]}, "properties": {"name": "Baykonur lease in Qyzylorda", "min_label": 18.0}}, {"type": "Feature", "geometry": {"type": "Point", "coordinates": [35.9145, 33.053]}, "properties": {"name": "Quneitra", "min_label": 7.0}}, {"type": "Feature", "geometry": {"type": "Point", "coordinates": [32.9713, 34.6003]}, "properties": {"name": "Akrotiri", "min_label": 18.0}}, {"type": "Feature", "geometry": {"type": "Point", "coordinates": [32.9674, 34.7755]}, "properties": {"name": "Limassol", "min_label": 8.7}}, {"type": "Feature", "geometry": {"type": "Point", "coordinates": [-88.8117, 16.3761]}, "properties": {"name": "Toledo", "min_label": 8.0}}, {"type": "Feature", "geometry": {"type": "Point", "coordinates": [89.602, 27.4828]}, "properties": {"name": "Thimphu", "min_label": 8.7}}, {"type": "Feature", "geometry": {"type": "Point", "coordinates": [89.3837, 27.4896]}, "properties": {"name": "Paro", "min_label": 8.7}}, {"type": "Feature", "geometry": {"type": "Point", "coordinates": [89.9133, 28.0641]}, "properties": {"name": "Gasa", "min_label": 8.7}}, {"type": "Feature", "geometry": {"type": "Point", "coordinates": [76.6395, 33.9658]}, "properties": {"name": "Jammu and Kashmir", "min_label": 4.6}}, {"type": "Feature", "geometry": {"type": "Point", "coordinates": [34.2784, 45.3115]}, "properties": {"name": "Crimea", "min_label": 4.7}}, {"type": "Feature", "geometry": {"type": "Point", "coordinates": [33.5787, 46.6964]}, "properties": {"name": "Kherson", "min_label": 6.7}}, {"type": "Feature", "geometry": {"type": "Point", "coordinates": [85.8134, 25.6853]}, "properties": {"name": "Bihar", "min_label": 4.6}}, {"type": "Feature", "geometry": {"type": "Point", "coordinates": [84.7202, 27.3731]}, "properties": {"name": "Narayani", "min_label": 7.7}}, {"type": "Feature", "geometry": {"type": "Point", "coordinates": [83.55, 27.695]}, "properties": {"name": "Lumbini", "min_label": 7.7}}, {"type": "Feature", "geometry": {"type": "Point", "coordinates": [80.9966, 26.7201]}, "properties": {"name": "Uttar Pradesh", "min_label": 4.6}}, {"type": "Feature", "geometry": {"type": "Point", "coordinates": [82.5518, 28.3268]}, "properties": {"name": "Rapti", "min_label": 7.7}}, {"type": "Feature", "geometry": {"type": "Point", "coordinates": [81.7802, 28.4501]}, "properties": {"name": "Bheri", "min_label": 7.7}}, {"type": "Feature", "geometry": {"type": "Point", "coordinates": [-57.0428, -31.4398]}, "properties": {"name": "Salto", "min_label": 8.0}}, {"type": "Feature", "geometry": {"type": "Point", "coordinates": [-55.3279, -31.4683]}, "properties": {"name": "Rivera", "min_label": 8.0}}, {"type": "Feature", "geometry": {"type": "Point", "coordinates": [-53.9584, -33.9106]}, "properties": {"name": "Rocha", "min_label": 8.0}}, {"type": "Feature", "geometry": {"type": "Point", "coordinates": [-54.1659, -33.1021]}, "properties": {"name": "Treinta y Tres", "min_label": 8.0}}, {"type": "Feature", "geometry": {"type": "Point", "coordinates": [-54.2281, -32.2963]}, "properties": {"name": "Cerro Largo", "min_label": 8.0}}, {"type": "Feature", "geometry": {"type": "Point", "coordinates": [-83.9527, 10.4626]}, "properties": {"name": "Heredia", "min_label": 7.7}}, {"type": "Feature", "geometry": {"type": "Point", "coordinates": [16.2936, 46.5592]}, "properties": {"name": "\u010cren\u0161ovci", "min_label": 11.0}}, {"type": "Feature", "geometry": {"type": "Point", "coordinates": [16.1653, 46.5112]}, "properties": {"name": "Ljutomer", "min_label": 11.0}}, {"type": "Feature", "geometry": {"type": "Point", "coordinates": [16.2803, 46.5269]}, "properties": {"name": "Razkri\u017eje", "min_label": 11.0}}, {"type": "Feature", "geometry": {"type": "Point", "coordinates": [16.1469, 46.4411]}, "properties": {"name": "Ormo\u017e", "min_label": 11.0}}, {"type": "Feature", "geometry": {"type": "Point", "coordinates": [16.3267, 46.1918]}, "properties": {"name": "Vara\u017edinska", "min_label": 9.0}}, {"type": "Feature", "geometry": {"type": "Point", "coordinates": [16.0599, 46.3824]}, "properties": {"name": "Zavrc", "min_label": 11.0}}, {"type": "Feature", "geometry": {"type": "Point", "coordinates": [16.0215, 46.3668]}, "properties": {"name": "Gori\u0161nica", "min_label": 11.0}}, {"type": "Feature", "geometry": {"type": "Point", "coordinates": [15.8973, 46.3704]}, "properties": {"name": "Videm", "min_label": 11.0}}, {"type": "Feature", "geometry": {"type": "Point", "coordinates": [15.8719, 46.3116]}, "properties": {"name": "Podlehnik", "min_label": 11.0}}, {"type": "Feature", "geometry": {"type": "Point", "coordinates": [15.8193, 46.2837]}, "properties": {"name": "\u017detale", "min_label": 11.0}}, {"type": "Feature", "geometry": {"type": "Point", "coordinates": [15.9228, 46.0883]}, "properties": {"name": "Krapinsko-Zagorska", "min_label": 9.0}}, {"type": "Feature", "geometry": {"type": "Point", "coordinates": [15.7385, 46.2383]}, "properties": {"name": "Rogatec", "min_label": 11.0}}, {"type": "Feature", "geometry": {"type": "Point", "coordinates": [15.6536, 46.2433]}, "properties": {"name": "Roga\u0161ka Slatina", "min_label": 11.0}}, {"type": "Feature", "geometry": {"type": "Point", "coordinates": [15.5811, 46.1454]}, "properties": {"name": "Bistrica ob Sotli", "min_label": 11.0}}, {"type": "Feature", "geometry": {"type": "Point", "coordinates": [15.6501, 46.048]}, "properties": {"name": "Podcetrtek", "min_label": 11.0}}, {"type": "Feature", "geometry": {"type": "Point", "coordinates": [15.6036, 45.9082]}, "properties": {"name": "Bre\u017eice", "min_label": 11.0}}, {"type": "Feature", "geometry": {"type": "Point", "coordinates": [15.5948, 45.7203]}, "properties": {"name": "Zagrebacka", "min_label": 9.0}}, {"type": "Feature", "geometry": {"type": "Point", "coordinates": [15.4671, 45.9397]}, "properties": {"name": "Kr\u0161ko", "min_label": 11.0}}, {"type": "Feature", "geometry": {"type": "Point", "coordinates": [15.3503, 45.8143]}, "properties": {"name": "\u0160entjernej", "min_label": 11.0}}, {"type": "Feature", "geometry": {"type": "Point", "coordinates": [15.1945, 45.7779]}, "properties": {"name": "Novo Mesto", "min_label": 11.0}}, {"type": "Feature", "geometry": {"type": "Point", "coordinates": [15.2985, 45.6501]}, "properties": {"name": "Metlika", "min_label": 11.0}}, {"type": "Feature", "geometry": {"type": "Point", "coordinates": [15.2135, 45.5229]}, "properties": {"name": "Crnomelj", "min_label": 11.0}}, {"type": "Feature", "geometry": {"type": "Point", "coordinates": [14.6925, 45.3736]}, "properties": {"name": "Primorsko-Goranska", "min_label": 9.0}}, {"type": "Feature", "geometry": {"type": "Point", "coordinates": [14.9161, 45.6418]}, "properties": {"name": "Kocevje", "min_label": 11.0}}, {"type": "Feature", "geometry": {"type": "Point", "coordinates": [14.8204, 45.4814]}, "properties": {"name": "Kostel", "min_label": 11.0}}, {"type": "Feature", "geometry": {"type": "Point", "coordinates": [14.6363, 45.6506]}, "properties": {"name": "Lo\u0161ki Potok", "min_label": 11.0}}, {"type": "Feature", "geometry": {"type": "Point", "coordinates": [14.4776, 45.6638]}, "properties": {"name": "Lo\u0161ka dolina", "min_label": 11.0}}, {"type": "Feature", "geometry": {"type": "Point", "coordinates": [14.2891, 45.5678]}, "properties": {"name": "Ilirska Bistrica", "min_label": 11.0}}, {"type": "Feature", "geometry": {"type": "Point", "coordinates": [35.0176, 31.7397]}, "properties": {"name": "Jerusalem", "min_label": 8.0}}, {"type": "Feature", "geometry": {"type": "Point", "coordinates": [73.8036, 33.868]}, "properties": {"name": "Azad Kashmir", "min_label": 5.0}}, {"type": "Feature", "geometry": {"type": "Point", "coordinates": [-7.59234, 42.1609]}, "properties": {"name": "Orense", "min_label": 7.7}}, {"type": "Feature", "geometry": {"type": "Point", "coordinates": [-8.4986, 41.9099]}, "properties": {"name": "Viana do Castelo", "min_label": 7.7}}, {"type": "Feature", "geometry": {"type": "Point", "coordinates": [-6.08204, 39.7279]}, "properties": {"name": "C\u00e1ceres", "min_label": 7.7}}, {"type": "Feature", "geometry": {"type": "Point", "coordinates": [-7.58224, 39.9984]}, "properties": {"name": "Castelo Branco", "min_label": 7.7}}, {"type": "Feature", "geometry": {"type": "Point", "coordinates": [-7.31624, 40.2918]}, "properties": {"name": "Guarda", "min_label": 7.7}}, {"type": "Feature", "geometry": {"type": "Point", "coordinates": [-5.9926, 40.8324]}, "properties": {"name": "Salamanca", "min_label": 7.7}}, {"type": "Feature", "geometry": {"type": "Point", "coordinates": [-6.81935, 41.5188]}, "properties": {"name": "Bragan\u00e7a", "min_label": 7.7}}, {"type": "Feature", "geometry": {"type": "Point", "coordinates": [-5.84292, 41.6837]}, "properties": {"name": "Zamora", "min_label": 7.7}}, {"type": "Feature", "geometry": {"type": "Point", "coordinates": [-7.64533, 41.5279]}, "properties": {"name": "Vila Real", "min_label": 7.7}}, {"type": "Feature", "geometry": {"type": "Point", "coordinates": [-8.31863, 41.5663]}, "properties": {"name": "Braga", "min_label": 7.7}}, {"type": "Feature", "geometry": {"type": "Point", "coordinates": [-8.4998, 42.5257]}, "properties": {"name": "Pontevedra", "min_label": 7.7}}, {"type": "Feature", "geometry": {"type": "Point", "coordinates": [-6.90248, 37.6217]}, "properties": {"name": "Huelva", "min_label": 7.7}}, {"type": "Feature", "geometry": {"type": "Point", "coordinates": [-7.93895, 37.1704]}, "properties": {"name": "Faro", "min_label": 7.7}}, {"type": "Feature", "geometry": {"type": "Point", "coordinates": [-7.88716, 37.8511]}, "properties": {"name": "Beja", "min_label": 7.7}}, {"type": "Feature", "geometry": {"type": "Point", "coordinates": [-3.14709, 53.1815]}, "properties": {"name": "Flintshire", "min_label": 10.0}}, {"type": "Feature", "geometry": {"type": "Point", "coordinates": [-2.76774, 53.1671]}, "properties": {"name": "Cheshire West and Chester", "min_label": 10.0}}, {"type": "Feature", "geometry": {"type": "Point", "coordinates": [-3.0538, 53.017]}, "properties": {"name": "Wrexham", "min_label": 10.0}}, {"type": "Feature", "geometry": {"type": "Point", "coordinates": [-2.72133, 52.6167]}, "properties": {"name": "Shropshire", "min_label": 10.0}}, {"type": "Feature", "geometry": {"type": "Point", "coordinates": [-3.4415, 52.338]}, "properties": {"name": "Powys", "min_label": 10.0}}, {"type": "Feature", "geometry": {"type": "Point", "coordinates": [-2.73691, 52.0807]}, "properties": {"name": "Herefordshire", "min_label": 10.0}}, {"type": "Feature", "geometry": {"type": "Point", "coordinates": [-2.90226, 51.7744]}, "properties": {"name": "Monmouthshire", "min_label": 10.0}}, {"type": "Feature", "geometry": {"type": "Point", "coordinates": [-2.14862, 51.8153]}, "properties": {"name": "Gloucestershire", "min_label": 10.0}}, {"type": "Feature", "geometry": {"type": "Point", "coordinates": [-2.77899, 55.4929]}, "properties": {"name": "Scottish Borders", "min_label": 10.0}}, {"type": "Feature", "geometry": {"type": "Point", "coordinates": [-2.07057, 55.3152]}, "properties": {"name": "Northumberland", "min_label": 10.0}}, {"type": "Feature", "geometry": {"type": "Point", "coordinates": [-2.89222, 54.6368]}, "properties": {"name": "Cumbria", "min_label": 10.0}}, {"type": "Feature", "geometry": {"type": "Point", "coordinates": [-4.01555, 55.0998]}, "properties": {"name": "Dumfries and Galloway", "min_label": 10.0}}, {"type": "Feature", "geometry": {"type": "Point", "coordinates": [4.36266, 50.8332]}, "properties": {"name": "Brussels", "min_label": 8.7}}, {"type": "Feature", "geometry": {"type": "Point", "coordinates": [4.53709, 50.8709]}, "properties": {"name": "Flemish Brabant", "min_label": 8.7}}, {"type": "Feature", "geometry": {"type": "Point", "coordinates": [4.55466, 50.6416]}, "properties": {"name": "Walloon Brabant", "min_label": 8.7}}, {"type": "Feature", "geometry": {"type": "Point", "coordinates": [17.6547, 44.1028]}, "properties": {"name": "Central Bosnia", "min_label": 9.0}}, {"type": "Feature", "geometry": {"type": "Point", "coordinates": [18.2479, 44.2843]}, "properties": {"name": "Zenica-Doboj", "min_label": 9.0}}, {"type": "Feature", "geometry": {"type": "Point", "coordinates": [18.5549, 44.5325]}, "properties": {"name": "Tuzla", "min_label": 9.0}}, {"type": "Feature", "geometry": {"type": "Point", "coordinates": [18.751, 43.9275]}, "properties": {"name": "Sarajevo-romanija", "min_label": 9.0}}, {"type": "Feature", "geometry": {"type": "Point", "coordinates": [18.3077, 43.7991]}, "properties": {"name": "Sarajevo", "min_label": 9.0}}, {"type": "Feature", "geometry": {"type": "Point", "coordinates": [18.8198, 43.6774]}, "properties": {"name": "Bosnian Podrinje", "min_label": 9.0}}, {"type": "Feature", "geometry": {"type": "Point", "coordinates": [20.4001, 44.6408]}, "properties": {"name": "Grad Beograd", "min_label": 9.0}}, {"type": "Feature", "geometry": {"type": "Point", "coordinates": [20.9527, 44.4765]}, "properties": {"name": "Podunavski", "min_label": 9.0}}, {"type": "Feature", "geometry": {"type": "Point", "coordinates": [42.1824, 41.9634]}, "properties": {"name": "Guria", "min_label": 7.7}}, {"type": "Feature", "geometry": {"type": "Point", "coordinates": [43.7294, 34.3421]}, "properties": {"name": "Sala ad-Din", "min_label": 6.7}}, {"type": "Feature", "geometry": {"type": "Point", "coordinates": [44.0354, 35.3281]}, "properties": {"name": "At-Ta'mim", "min_label": 6.7}}, {"type": "Feature", "geometry": {"type": "Point", "coordinates": [0.238256, -81.6905]}, "properties": {"name": "Antarctica", "min_label": 11.0}}, {"type": "Feature", "geometry": {"type": "Point", "coordinates": [166.11, -50.7664]}, "properties": {"name": "Auckland Islands", "min_label": 7.0}}, {"type": "Feature", "geometry": {"type": "Point", "coordinates": [-60.1133, -36.6734]}, "properties": {"name": "Buenos Aires", "min_label": 6.0}}, {"type": "Feature", "geometry": {"type": "Point", "coordinates": [-45.389, -5.01897]}, "properties": {"name": "Maranh\u00e3o", "min_label": 3.0}}, {"type": "Feature", "geometry": {"type": "Point", "coordinates": [-43.1974, -8.08698]}, "properties": {"name": "Piau\u00ed", "min_label": 3.0}}, {"type": "Feature", "geometry": {"type": "Point", "coordinates": [-39.3429, -5.37602]}, "properties": {"name": "Cear\u00e1", "min_label": 3.0}}, {"type": "Feature", "geometry": {"type": "Point", "coordinates": [-36.5472, -5.66157]}, "properties": {"name": "Rio Grande do Norte", "min_label": 3.0}}, {"type": "Feature", "geometry": {"type": "Point", "coordinates": [-36.2726, -7.34234]}, "properties": {"name": "Para\u00edba", "min_label": 3.0}}, {"type": "Feature", "geometry": {"type": "Point", "coordinates": [-37.2958, -8.47283]}, "properties": {"name": "Pernambuco", "min_label": 3.0}}, {"type": "Feature", "geometry": {"type": "Point", "coordinates": [-36.6917, -9.77391]}, "properties": {"name": "Alagoas", "min_label": 3.0}}, {"type": "Feature", "geometry": {"type": "Point", "coordinates": [-37.3836, -10.5918]}, "properties": {"name": "Sergipe", "min_label": 3.0}}, {"type": "Feature", "geometry": {"type": "Point", "coordinates": [-41.8027, -12.3651]}, "properties": {"name": "Bahia", "min_label": 3.0}}, {"type": "Feature", "geometry": {"type": "Point", "coordinates": [-40.5436, -19.6916]}, "properties": {"name": "Esp\u00edrito Santo", "min_label": 3.0}}, {"type": "Feature", "geometry": {"type": "Point", "coordinates": [-43.1152, -22.4049]}, "properties": {"name": "Rio de Janeiro", "min_label": 3.0}}, {"type": "Feature", "geometry": {"type": "Point", "coordinates": [-48.5206, -22.2267]}, "properties": {"name": "S\u00e3o Paulo", "min_label": 3.0}}, {"type": "Feature", "geometry": {"type": "Point", "coordinates": [-54.9671, -34.6885]}, "properties": {"name": "Maldonado", "min_label": 8.0}}, {"type": "Feature", "geometry": {"type": "Point", "coordinates": [-55.9228, -34.5473]}, "properties": {"name": "Canelones", "min_label": 8.0}}, {"type": "Feature", "geometry": {"type": "Point", "coordinates": [-56.2283, -34.8267]}, "properties": {"name": "Montevideo", "min_label": 8.0}}, {"type": "Feature", "geometry": {"type": "Point", "coordinates": [-56.7651, -34.3117]}, "properties": {"name": "San Jos\u00e9", "min_label": 8.0}}, {"type": "Feature", "geometry": {"type": "Point", "coordinates": [-57.6787, -34.1954]}, "properties": {"name": "Colonia", "min_label": 8.0}}, {"type": "Feature", "geometry": {"type": "Point", "coordinates": [-57.7585, -33.4821]}, "properties": {"name": "Soriano", "min_label": 8.0}}, {"type": "Feature", "geometry": {"type": "Point", "coordinates": [-57.4891, -32.7441]}, "properties": {"name": "R\u00edo Negro", "min_label": 8.0}}, {"type": "Feature", "geometry": {"type": "Point", "coordinates": [-58.4527, -34.6202]}, "properties": {"name": "Ciudad de Buenos Aires", "min_label": 6.0}}, {"type": "Feature", "geometry": {"type": "Point", "coordinates": [165.058, -21.0082]}, "properties": {"name": "Nord", "min_label": 6.7}}, {"type": "Feature", "geometry": {"type": "Point", "coordinates": [121.646, -25.8483]}, "properties": {"name": "Western Australia", "min_label": 2.0}}, {"type": "Feature", "geometry": {"type": "Point", "coordinates": [133.78, -20.1026]}, "properties": {"name": "Northern Territory", "min_label": 2.0}}, {"type": "Feature", "geometry": {"type": "Point", "coordinates": [46.3149, -16.3187]}, "properties": {"name": "Boeny", "min_label": 7.0}}, {"type": "Feature", "geometry": {"type": "Point", "coordinates": [48.4645, -15.2909]}, "properties": {"name": "Sofia", "min_label": 7.0}}, {"type": "Feature", "geometry": {"type": "Point", "coordinates": [49.08, -13.5916]}, "properties": {"name": "Diana", "min_label": 7.0}}, {"type": "Feature", "geometry": {"type": "Point", "coordinates": [49.8621, -14.3074]}, "properties": {"name": "Sava", "min_label": 7.0}}, {"type": "Feature", "geometry": {"type": "Point", "coordinates": [49.5586, -16.5763]}, "properties": {"name": "Analanjirofo", "min_label": 7.0}}, {"type": "Feature", "geometry": {"type": "Point", "coordinates": [48.9044, -18.9143]}, "properties": {"name": "Atsinanana", "min_label": 7.0}}, {"type": "Feature", "geometry": {"type": "Point", "coordinates": [47.921, -21.399]}, "properties": {"name": "Vatovavy-Fitovinany", "min_label": 7.0}}, {"type": "Feature", "geometry": {"type": "Point", "coordinates": [47.3774, -23.3142]}, "properties": {"name": "Atsimo-Atsinanana", "min_label": 7.0}}, {"type": "Feature", "geometry": {"type": "Point", "coordinates": [46.2904, -24.22]}, "properties": {"name": "Anosy", "min_label": 7.0}}, {"type": "Feature", "geometry": {"type": "Point", "coordinates": [45.5069, -24.8192]}, "properties": {"name": "Androy", "min_label": 7.0}}, {"type": "Feature", "geometry": {"type": "Point", "coordinates": [44.4011, -23.3142]}, "properties": {"name": "Atsimo-Andrefana", "min_label": 7.0}}, {"type": "Feature", "geometry": {"type": "Point", "coordinates": [45.0481, -20.3119]}, "properties": {"name": "Menabe", "min_label": 7.0}}, {"type": "Feature", "geometry": {"type": "Point", "coordinates": [44.8928, -17.6203]}, "properties": {"name": "Melaky", "min_label": 7.0}}, {"type": "Feature", "geometry": {"type": "Point", "coordinates": [135.783, -29.6504]}, "properties": {"name": "South Australia", "min_label": 2.0}}, {"type": "Feature", "geometry": {"type": "Point", "coordinates": [144.778, -23.1364]}, "properties": {"name": "Queensland", "min_label": 2.0}}, {"type": "Feature", "geometry": {"type": "Point", "coordinates": [146.781, -32.4751]}, "properties": {"name": "New South Wales", "min_label": 2.0}}, {"type": "Feature", "geometry": {"type": "Point", "coordinates": [150.692, -35.1532]}, "properties": {"name": "Jervis Bay Territory", "min_label": 2.0}}, {"type": "Feature", "geometry": {"type": "Point", "coordinates": [144.75, -37.0082]}, "properties": {"name": "Victoria", "min_label": 2.0}}, {"type": "Feature", "geometry": {"type": "Point", "coordinates": [15.0504, -10.9232]}, "properties": {"name": "Cuanza Sul", "min_label": 6.6}}, {"type": "Feature", "geometry": {"type": "Point", "coordinates": [13.8119, -12.7993]}, "properties": {"name": "Benguela", "min_label": 6.6}}, {"type": "Feature", "geometry": {"type": "Point", "coordinates": [15.0824, -22.2166]}, "properties": {"name": "Erongo", "min_label": 6.0}}, {"type": "Feature", "geometry": {"type": "Point", "coordinates": [20.9745, -33.5035]}, "properties": {"name": "Western Cape", "min_label": 4.6}}, {"type": "Feature", "geometry": {"type": "Point", "coordinates": [32.5828, -25.949]}, "properties": {"name": "Maputo", "min_label": 6.6}}, {"type": "Feature", "geometry": {"type": "Point", "coordinates": [35.4619, -21.6677]}, "properties": {"name": "Inhambane", "min_label": 6.6}}, {"type": "Feature", "geometry": {"type": "Point", "coordinates": [34.8544, -18.7726]}, "properties": {"name": "Sofala", "min_label": 6.6}}, {"type": "Feature", "geometry": {"type": "Point", "coordinates": [38.7815, -14.9497]}, "properties": {"name": "Nampula", "min_label": 6.6}}, {"type": "Feature", "geometry": {"type": "Point", "coordinates": [38.4234, -9.44338]}, "properties": {"name": "Lindi", "min_label": 6.7}}, {"type": "Feature", "geometry": {"type": "Point", "coordinates": [39.7491, -7.86726]}, "properties": {"name": "Pwani", "min_label": 6.7}}, {"type": "Feature", "geometry": {"type": "Point", "coordinates": [39.2857, -6.89289]}, "properties": {"name": "Dar-Es-Salaam", "min_label": 6.7}}, {"type": "Feature", "geometry": {"type": "Point", "coordinates": [112.616, -7.88129]}, "properties": {"name": "Jawa Timur", "min_label": 4.6}}, {"type": "Feature", "geometry": {"type": "Point", "coordinates": [128.161, -8.24814]}, "properties": {"name": "Maluku", "min_label": 4.6}}, {"type": "Feature", "geometry": {"type": "Point", "coordinates": [116.294, -8.57106]}, "properties": {"name": "Nusa Tenggara Barat", "min_label": 4.6}}, {"type": "Feature", "geometry": {"type": "Point", "coordinates": [119.99, -3.7444]}, "properties": {"name": "Sulawesi Selatan", "min_label": 4.6}}, {"type": "Feature", "geometry": {"type": "Point", "coordinates": [109.896, -7.2901]}, "properties": {"name": "Jawa Tengah", "min_label": 4.6}}, {"type": "Feature", "geometry": {"type": "Point", "coordinates": [107.638, -6.90763]}, "properties": {"name": "Jawa Barat", "min_label": 4.6}}, {"type": "Feature", "geometry": {"type": "Point", "coordinates": [106.837, -6.22462]}, "properties": {"name": "Jakarta Raya", "min_label": 4.6}}, {"type": "Feature", "geometry": {"type": "Point", "coordinates": [106.167, -6.25794]}, "properties": {"name": "Banten", "min_label": 4.6}}, {"type": "Feature", "geometry": {"type": "Point", "coordinates": [110.443, -7.83533]}, "properties": {"name": "Yogyakarta", "min_label": 4.6}}, {"type": "Feature", "geometry": {"type": "Point", "coordinates": [122.119, -4.0746]}, "properties": {"name": "Sulawesi Tenggara", "min_label": 4.6}}, {"type": "Feature", "geometry": {"type": "Point", "coordinates": [132.825, -1.32525]}, "properties": {"name": "Papua Barat", "min_label": 4.6}}, {"type": "Feature", "geometry": {"type": "Point", "coordinates": [-79.8608, -1.98384]}, "properties": {"name": "Guayas", "min_label": 8.0}}, {"type": "Feature", "geometry": {"type": "Point", "coordinates": [120.153, -1.30097]}, "properties": {"name": "Sulawesi Tengah", "min_label": 4.6}}, {"type": "Feature", "geometry": {"type": "Point", "coordinates": [125.976, -2.28945]}, "properties": {"name": "Maluku Utara", "min_label": 4.6}}, {"type": "Feature", "geometry": {"type": "Point", "coordinates": [-89.685, -1.36804]}, "properties": {"name": "Gal\u00e1pagos", "min_label": 8.0}}, {"type": "Feature", "geometry": {"type": "Point", "coordinates": [143.391, -4.25081]}, "properties": {"name": "East Sepik", "min_label": 7.0}}, {"type": "Feature", "geometry": {"type": "Point", "coordinates": [145.086, -5.08973]}, "properties": {"name": "Madang", "min_label": 7.0}}, {"type": "Feature", "geometry": {"type": "Point", "coordinates": [146.83, -6.3992]}, "properties": {"name": "Morobe", "min_label": 7.0}}, {"type": "Feature", "geometry": {"type": "Point", "coordinates": [148.227, -9.11432]}, "properties": {"name": "Northern", "min_label": 7.0}}, {"type": "Feature", "geometry": {"type": "Point", "coordinates": [153.487, -11.581]}, "properties": {"name": "Milne Bay", "min_label": 7.0}}, {"type": "Feature", "geometry": {"type": "Point", "coordinates": [148.034, -9.84123]}, "properties": {"name": "Central", "min_label": 7.0}}, {"type": "Feature", "geometry": {"type": "Point", "coordinates": [147.174, -9.4476]}, "properties": {"name": "National Capital District", "min_label": 7.0}}, {"type": "Feature", "geometry": {"type": "Point", "coordinates": [144.812, -7.21915]}, "properties": {"name": "Gulf", "min_label": 7.0}}, {"type": "Feature", "geometry": {"type": "Point", "coordinates": [104.601, -0.142639]}, "properties": {"name": "Kepulauan Riau", "min_label": 4.6}}, {"type": "Feature", "geometry": {"type": "Point", "coordinates": [101.745, 0.396892]}, "properties": {"name": "Riau", "min_label": 4.6}}, {"type": "Feature", "geometry": {"type": "Point", "coordinates": [122.331, 0.760501]}, "properties": {"name": "Gorontalo", "min_label": 4.6}}, {"type": "Feature", "geometry": {"type": "Point", "coordinates": [124.446, 0.853039]}, "properties": {"name": "Sulawesi Utara", "min_label": 4.6}}, {"type": "Feature", "geometry": {"type": "Point", "coordinates": [119.316, -2.69615]}, "properties": {"name": "Sulawesi Barat", "min_label": 4.6}}, {"type": "Feature", "geometry": {"type": "Point", "coordinates": [-77.277, 2.61609]}, "properties": {"name": "Cauca", "min_label": 6.7}}, {"type": "Feature", "geometry": {"type": "Point", "coordinates": [-70.7546, -16.6807]}, "properties": {"name": "Moquegua", "min_label": 6.6}}, {"type": "Feature", "geometry": {"type": "Point", "coordinates": [-72.4209, -15.8757]}, "properties": {"name": "Arequipa", "min_label": 6.6}}, {"type": "Feature", "geometry": {"type": "Point", "coordinates": [-75.6773, -14.2257]}, "properties": {"name": "Ica", "min_label": 6.6}}, {"type": "Feature", "geometry": {"type": "Point", "coordinates": [-77.0756, -11.0602]}, "properties": {"name": "Lima", "min_label": 6.6}}, {"type": "Feature", "geometry": {"type": "Point", "coordinates": [-76.9236, -12.1124]}, "properties": {"name": "Lima Province", "min_label": 6.6}}, {"type": "Feature", "geometry": {"type": "Point", "coordinates": [-77.2248, -12.0859]}, "properties": {"name": "Callao", "min_label": 6.6}}, {"type": "Feature", "geometry": {"type": "Point", "coordinates": [-77.6571, -9.53996]}, "properties": {"name": "\u00c1ncash", "min_label": 6.6}}, {"type": "Feature", "geometry": {"type": "Point", "coordinates": [-78.2813, -8.21334]}, "properties": {"name": "La Libertad", "min_label": 6.6}}, {"type": "Feature", "geometry": {"type": "Point", "coordinates": [-79.8994, -6.2514]}, "properties": {"name": "Lambayeque", "min_label": 6.6}}, {"type": "Feature", "geometry": {"type": "Point", "coordinates": [-80.5772, -2.15487]}, "properties": {"name": "Santa Elena", "min_label": 8.0}}, {"type": "Feature", "geometry": {"type": "Point", "coordinates": [-80.1619, -0.727203]}, "properties": {"name": "Manabi", "min_label": 8.0}}, {"type": "Feature", "geometry": {"type": "Point", "coordinates": [-76.5923, 3.58331]}, "properties": {"name": "Valle del Cauca", "min_label": 6.7}}, {"type": "Feature", "geometry": {"type": "Point", "coordinates": [-78.9283, 9.08628]}, "properties": {"name": "Panama", "min_label": 7.7}}, {"type": "Feature", "geometry": {"type": "Point", "coordinates": [-80.4314, 8.57708]}, "properties": {"name": "Cocl\u00e9", "min_label": 7.7}}, {"type": "Feature", "geometry": {"type": "Point", "coordinates": [120.865, 5.53722]}, "properties": {"name": "Sulu", "min_label": 8.0}}, {"type": "Feature", "geometry": {"type": "Point", "coordinates": [102.823, -1.65497]}, "properties": {"name": "Jambi", "min_label": 4.6}}, {"type": "Feature", "geometry": {"type": "Point", "coordinates": [104.073, -3.3824]}, "properties": {"name": "Sumatera Selatan", "min_label": 4.6}}, {"type": "Feature", "geometry": {"type": "Point", "coordinates": [105.059, -4.919]}, "properties": {"name": "Lampung", "min_label": 4.6}}, {"type": "Feature", "geometry": {"type": "Point", "coordinates": [102.368, -3.48606]}, "properties": {"name": "Bengkulu", "min_label": 4.6}}, {"type": "Feature", "geometry": {"type": "Point", "coordinates": [100.611, -0.642611]}, "properties": {"name": "Sumatera Barat", "min_label": 4.6}}, {"type": "Feature", "geometry": {"type": "Point", "coordinates": [99.2161, 2.36304]}, "properties": {"name": "Sumatera Utara", "min_label": 4.6}}, {"type": "Feature", "geometry": {"type": "Point", "coordinates": [96.9956, 4.41533]}, "properties": {"name": "Aceh", "min_label": 4.6}}, {"type": "Feature", "geometry": {"type": "Point", "coordinates": [-58.3773, 6.54128]}, "properties": {"name": "Demerara-Mahaica", "min_label": 8.0}}, {"type": "Feature", "geometry": {"type": "Point", "coordinates": [113.286, -1.84217]}, "properties": {"name": "Kalimantan Tengah", "min_label": 4.6}}, {"type": "Feature", "geometry": {"type": "Point", "coordinates": [115.451, -3.00713]}, "properties": {"name": "Kalimantan Selatan", "min_label": 4.6}}, {"type": "Feature", "geometry": {"type": "Point", "coordinates": [125.651, 7.45436]}, "properties": {"name": "Davao del Norte", "min_label": 8.0}}, {"type": "Feature", "geometry": {"type": "Point", "coordinates": [-81.1447, 8.22553]}, "properties": {"name": "Veraguas", "min_label": 7.7}}, {"type": "Feature", "geometry": {"type": "Point", "coordinates": [122.926, 7.7136]}, "properties": {"name": "Zamboanga Sibugay", "min_label": 8.0}}, {"type": "Feature", "geometry": {"type": "Point", "coordinates": [117.912, 9.02764]}, "properties": {"name": "Palawan", "min_label": 8.0}}, {"type": "Feature", "geometry": {"type": "Point", "coordinates": [105.9, 9.5614]}, "properties": {"name": "S\u00f3c Tr\u0103ng", "min_label": 8.0}}, {"type": "Feature", "geometry": {"type": "Point", "coordinates": [125.959, 9.66326]}, "properties": {"name": "Surigao del Norte", "min_label": 8.0}}, {"type": "Feature", "geometry": {"type": "Point", "coordinates": [126.097, 8.80931]}, "properties": {"name": "Surigao del Sur", "min_label": 8.0}}, {"type": "Feature", "geometry": {"type": "Point", "coordinates": [125.56, 9.17346]}, "properties": {"name": "Agusan del Norte", "min_label": 8.0}}, {"type": "Feature", "geometry": {"type": "Point", "coordinates": [125.542, 8.94346]}, "properties": {"name": "Butuan", "min_label": 8.0}}, {"type": "Feature", "geometry": {"type": "Point", "coordinates": [124.992, 8.74226]}, "properties": {"name": "Misamis Oriental", "min_label": 8.0}}, {"type": "Feature", "geometry": {"type": "Point", "coordinates": [124.693, 8.45874]}, "properties": {"name": "Cagayan de Oro", "min_label": 8.0}}, {"type": "Feature", "geometry": {"type": "Point", "coordinates": [124.396, 8.26296]}, "properties": {"name": "Iligan", "min_label": 8.0}}, {"type": "Feature", "geometry": {"type": "Point", "coordinates": [124.122, 8.0566]}, "properties": {"name": "Lanao del Norte", "min_label": 8.0}}, {"type": "Feature", "geometry": {"type": "Point", "coordinates": [123.309, 7.84487]}, "properties": {"name": "Zamboanga del Sur", "min_label": 8.0}}, {"type": "Feature", "geometry": {"type": "Point", "coordinates": [123.717, 8.33846]}, "properties": {"name": "Misamis Occidental", "min_label": 8.0}}, {"type": "Feature", "geometry": {"type": "Point", "coordinates": [122.73, 8.02743]}, "properties": {"name": "Zamboanga del Norte", "min_label": 8.0}}, {"type": "Feature", "geometry": {"type": "Point", "coordinates": [122.055, 7.03966]}, "properties": {"name": "Zamboanga", "min_label": 8.0}}, {"type": "Feature", "geometry": {"type": "Point", "coordinates": [124.335, 7.90221]}, "properties": {"name": "Lanao del Sur", "min_label": 8.0}}, {"type": "Feature", "geometry": {"type": "Point", "coordinates": [124.437, 6.98075]}, "properties": {"name": "Maguindanao", "min_label": 8.0}}, {"type": "Feature", "geometry": {"type": "Point", "coordinates": [124.246, 7.22504]}, "properties": {"name": "Cotabato", "min_label": 8.0}}, {"type": "Feature", "geometry": {"type": "Point", "coordinates": [124.382, 6.52568]}, "properties": {"name": "Sultan Kudarat", "min_label": 8.0}}, {"type": "Feature", "geometry": {"type": "Point", "coordinates": [125.303, 5.95631]}, "properties": {"name": "Sarangani", "min_label": 8.0}}, {"type": "Feature", "geometry": {"type": "Point", "coordinates": [125.139, 6.13644]}, "properties": {"name": "General Santos", "min_label": 8.0}}, {"type": "Feature", "geometry": {"type": "Point", "coordinates": [125.511, 6.34808]}, "properties": {"name": "Davao del Sur", "min_label": 8.0}}, {"type": "Feature", "geometry": {"type": "Point", "coordinates": [125.587, 7.07729]}, "properties": {"name": "Davao", "min_label": 8.0}}, {"type": "Feature", "geometry": {"type": "Point", "coordinates": [125.984, 7.52967]}, "properties": {"name": "Compostela Valley", "min_label": 8.0}}, {"type": "Feature", "geometry": {"type": "Point", "coordinates": [126.286, 7.06305]}, "properties": {"name": "Davao Oriental", "min_label": 8.0}}, {"type": "Feature", "geometry": {"type": "Point", "coordinates": [81.0848, 8.56202]}, "properties": {"name": "Triku\u1e47\u0101malaya", "min_label": 8.7}}, {"type": "Feature", "geometry": {"type": "Point", "coordinates": [80.5667, 9.24043]}, "properties": {"name": "Mulativ", "min_label": 8.7}}, {"type": "Feature", "geometry": {"type": "Point", "coordinates": [79.6933, 9.50669]}, "properties": {"name": "Y\u0101panaya", "min_label": 8.7}}, {"type": "Feature", "geometry": {"type": "Point", "coordinates": [80.3341, 9.38429]}, "properties": {"name": "Kilin\u014fchchi", "min_label": 8.7}}, {"type": "Feature", "geometry": {"type": "Point", "coordinates": [80.0854, 8.84371]}, "properties": {"name": "Mann\u0101rama", "min_label": 8.7}}, {"type": "Feature", "geometry": {"type": "Point", "coordinates": [79.9111, 7.94944]}, "properties": {"name": "Puttalama", "min_label": 8.7}}, {"type": "Feature", "geometry": {"type": "Point", "coordinates": [80.0106, 7.12599]}, "properties": {"name": "Gampaha", "min_label": 8.7}}, {"type": "Feature", "geometry": {"type": "Point", "coordinates": [80.0349, 6.85989]}, "properties": {"name": "K\u014f\u1e37amba", "min_label": 8.7}}, {"type": "Feature", "geometry": {"type": "Point", "coordinates": [80.1374, 6.58989]}, "properties": {"name": "Ka\u1e37utara", "min_label": 8.7}}, {"type": "Feature", "geometry": {"type": "Point", "coordinates": [80.2387, 6.19513]}, "properties": {"name": "G\u0101lla", "min_label": 8.7}}, {"type": "Feature", "geometry": {"type": "Point", "coordinates": [80.5542, 6.16548]}, "properties": {"name": "M\u0101tara", "min_label": 8.7}}, {"type": "Feature", "geometry": {"type": "Point", "coordinates": [81.1619, 6.2704]}, "properties": {"name": "Hambant\u014f\u1e6da", "min_label": 8.7}}, {"type": "Feature", "geometry": {"type": "Point", "coordinates": [81.7242, 7.1632]}, "properties": {"name": "Amp\u0101ra", "min_label": 8.7}}, {"type": "Feature", "geometry": {"type": "Point", "coordinates": [81.4613, 7.85079]}, "properties": {"name": "Ma\u1e0dakalapuva", "min_label": 8.7}}, {"type": "Feature", "geometry": {"type": "Point", "coordinates": [125.215, 10.0694]}, "properties": {"name": "Southern Leyte", "min_label": 8.0}}, {"type": "Feature", "geometry": {"type": "Point", "coordinates": [106.217, 10.4581]}, "properties": {"name": "Ti\u1ec1n Giang", "min_label": 8.0}}, {"type": "Feature", "geometry": {"type": "Point", "coordinates": [107.143, 10.3969]}, "properties": {"name": "B\u00e0 R\u1ecba - V\u0169ng T\u00e0u", "min_label": 8.0}}, {"type": "Feature", "geometry": {"type": "Point", "coordinates": [103.775, 10.4854]}, "properties": {"name": "Krong Preah Sihanouk", "min_label": 8.0}}, {"type": "Feature", "geometry": {"type": "Point", "coordinates": [106.926, 10.409]}, "properties": {"name": "H\u1ed3 Ch\u00ed Minh city", "min_label": 8.0}}, {"type": "Feature", "geometry": {"type": "Point", "coordinates": [124.883, 10.9926]}, "properties": {"name": "Leyte", "min_label": 8.0}}, {"type": "Feature", "geometry": {"type": "Point", "coordinates": [125.755, 10.7291]}, "properties": {"name": "Eastern Samar", "min_label": 8.0}}, {"type": "Feature", "geometry": {"type": "Point", "coordinates": [124.487, 11.5911]}, "properties": {"name": "Biliran", "min_label": 8.0}}, {"type": "Feature", "geometry": {"type": "Point", "coordinates": [124.999, 11.8292]}, "properties": {"name": "Samar", "min_label": 8.0}}, {"type": "Feature", "geometry": {"type": "Point", "coordinates": [109.359, 12.6049]}, "properties": {"name": "Kh\u00e1nh H\u00f2a", "min_label": 8.0}}, {"type": "Feature", "geometry": {"type": "Point", "coordinates": [-68.955, 12.1558]}, "properties": {"name": "Cura\u00e7ao", "min_label": 11.0}}, {"type": "Feature", "geometry": {"type": "Point", "coordinates": [-79.9683, 9.17018]}, "properties": {"name": "Col\u00f3n", "min_label": 7.7}}, {"type": "Feature", "geometry": {"type": "Point", "coordinates": [-75.5071, 6.70366]}, "properties": {"name": "Antioquia", "min_label": 6.7}}, {"type": "Feature", "geometry": {"type": "Point", "coordinates": [-75.6522, 8.43894]}, "properties": {"name": "C\u00f3rdoba", "min_label": 6.7}}, {"type": "Feature", "geometry": {"type": "Point", "coordinates": [-75.1319, 9.01236]}, "properties": {"name": "Sucre", "min_label": 6.7}}, {"type": "Feature", "geometry": {"type": "Point", "coordinates": [-74.1807, 8.57823]}, "properties": {"name": "Bol\u00edvar", "min_label": 6.7}}, {"type": "Feature", "geometry": {"type": "Point", "coordinates": [-74.9941, 10.6712]}, "properties": {"name": "Atl\u00e1ntico", "min_label": 6.7}}, {"type": "Feature", "geometry": {"type": "Point", "coordinates": [-74.3474, 10.3731]}, "properties": {"name": "Magdalena", "min_label": 6.7}}, {"type": "Feature", "geometry": {"type": "Point", "coordinates": [-71.2398, 8.49098]}, "properties": {"name": "M\u00e9rida", "min_label": 6.7}}, {"type": "Feature", "geometry": {"type": "Point", "coordinates": [-70.5519, 9.49508]}, "properties": {"name": "Trujillo", "min_label": 6.7}}, {"type": "Feature", "geometry": {"type": "Point", "coordinates": [-69.7604, 11.0897]}, "properties": {"name": "Falc\u00f3n", "min_label": 6.7}}, {"type": "Feature", "geometry": {"type": "Point", "coordinates": [-68.7447, 10.3466]}, "properties": {"name": "Yaracuy", "min_label": 6.7}}, {"type": "Feature", "geometry": {"type": "Point", "coordinates": [-67.9745, 10.1548]}, "properties": {"name": "Carabobo", "min_label": 6.7}}, {"type": "Feature", "geometry": {"type": "Point", "coordinates": [-67.3252, 10.1618]}, "properties": {"name": "Aragua", "min_label": 6.7}}, {"type": "Feature", "geometry": {"type": "Point", "coordinates": [-66.8566, 10.5818]}, "properties": {"name": "Vargas", "min_label": 6.7}}, {"type": "Feature", "geometry": {"type": "Point", "coordinates": [-66.3229, 10.2616]}, "properties": {"name": "Miranda", "min_label": 6.7}}, {"type": "Feature", "geometry": {"type": "Point", "coordinates": [-64.1949, 9.05586]}, "properties": {"name": "Anzo\u00e1tegui", "min_label": 6.7}}, {"type": "Feature", "geometry": {"type": "Point", "coordinates": [-63.3542, 10.4729]}, "properties": {"name": "Sucre", "min_label": 6.7}}, {"type": "Feature", "geometry": {"type": "Point", "coordinates": [-63.0869, 9.50395]}, "properties": {"name": "Monagas", "min_label": 6.7}}, {"type": "Feature", "geometry": {"type": "Point", "coordinates": [-58.8206, 7.16881]}, "properties": {"name": "Cuyuni-Mazaruni", "min_label": 8.0}}, {"type": "Feature", "geometry": {"type": "Point", "coordinates": [-58.2455, 5.36479]}, "properties": {"name": "Upper Takutu-Upper Essequibo", "min_label": 8.0}}, {"type": "Feature", "geometry": {"type": "Point", "coordinates": [-58.0942, 6.56415]}, "properties": {"name": "East Berbice-Corentyne", "min_label": 8.0}}, {"type": "Feature", "geometry": {"type": "Point", "coordinates": [-57.8277, 6.23705]}, "properties": {"name": "Essequibo Islands-West Demerara", "min_label": 8.0}}, {"type": "Feature", "geometry": {"type": "Point", "coordinates": [-56.2504, 5.64121]}, "properties": {"name": "Coronie", "min_label": 8.0}}, {"type": "Feature", "geometry": {"type": "Point", "coordinates": [-55.6138, 5.70188]}, "properties": {"name": "Saramacca", "min_label": 8.0}}, {"type": "Feature", "geometry": {"type": "Point", "coordinates": [-55.1929, 5.72606]}, "properties": {"name": "Wanica", "min_label": 8.0}}, {"type": "Feature", "geometry": {"type": "Point", "coordinates": [-55.1707, 5.84317]}, "properties": {"name": "Paramaribo", "min_label": 8.0}}, {"type": "Feature", "geometry": {"type": "Point", "coordinates": [-54.8961, 5.7072]}, "properties": {"name": "Commewijne", "min_label": 8.0}}, {"type": "Feature", "geometry": {"type": "Point", "coordinates": [-69.9689, 12.5147]}, "properties": {"name": "Aruba", "min_label": 11.0}}, {"type": "Feature", "geometry": {"type": "Point", "coordinates": [79.208, 16.4854]}, "properties": {"name": "Andhra Pradesh", "min_label": 4.6}}, {"type": "Feature", "geometry": {"type": "Point", "coordinates": [-73.7855, 18.2929]}, "properties": {"name": "Sud", "min_label": 7.7}}, {"type": "Feature", "geometry": {"type": "Point", "coordinates": [5.19165, 7.1444]}, "properties": {"name": "Ondo", "min_label": 6.6}}, {"type": "Feature", "geometry": {"type": "Point", "coordinates": [5.88195, 5.44265]}, "properties": {"name": "Delta", "min_label": 6.6}}, {"type": "Feature", "geometry": {"type": "Point", "coordinates": [5.97421, 4.73907]}, "properties": {"name": "Bayelsa", "min_label": 6.6}}, {"type": "Feature", "geometry": {"type": "Point", "coordinates": [6.81969, 4.9979]}, "properties": {"name": "Rivers", "min_label": 6.6}}, {"type": "Feature", "geometry": {"type": "Point", "coordinates": [7.90963, 4.89926]}, "properties": {"name": "Akwa Ibom", "min_label": 6.6}}, {"type": "Feature", "geometry": {"type": "Point", "coordinates": [10.0932, 4.1938]}, "properties": {"name": "Littoral", "min_label": 6.7}}, {"type": "Feature", "geometry": {"type": "Point", "coordinates": [8.99566, -0.682548]}, "properties": {"name": "Ogoou\u00e9-Maritime", "min_label": 7.7}}, {"type": "Feature", "geometry": {"type": "Point", "coordinates": [11.859, -4.80537]}, "properties": {"name": "Pointe Noire", "min_label": 6.7}}, {"type": "Feature", "geometry": {"type": "Point", "coordinates": [13.907, -8.99949]}, "properties": {"name": "Bengo", "min_label": 6.6}}, {"type": "Feature", "geometry": {"type": "Point", "coordinates": [13.3166, -8.95941]}, "properties": {"name": "Luanda", "min_label": 6.6}}, {"type": "Feature", "geometry": {"type": "Point", "coordinates": [17.4523, 30.2021]}, "properties": {"name": "Surt", "min_label": 7.7}}, {"type": "Feature", "geometry": {"type": "Point", "coordinates": [15.0186, 32.2151]}, "properties": {"name": "Misratah", "min_label": 7.7}}, {"type": "Feature", "geometry": {"type": "Point", "coordinates": [14.1357, 32.5351]}, "properties": {"name": "Al Marqab", "min_label": 7.7}}, {"type": "Feature", "geometry": {"type": "Point", "coordinates": [13.5154, 32.6867]}, "properties": {"name": "Tajura' wa an Nawahi al Arba", "min_label": 7.7}}, {"type": "Feature", "geometry": {"type": "Point", "coordinates": [12.4868, 32.4551]}, "properties": {"name": "Az Zawiyah", "min_label": 7.7}}, {"type": "Feature", "geometry": {"type": "Point", "coordinates": [9.85987, 33.7571]}, "properties": {"name": "Gab\u00e8s", "min_label": 7.7}}, {"type": "Feature", "geometry": {"type": "Point", "coordinates": [11.0329, 34.6495]}, "properties": {"name": "Sfax", "min_label": 7.7}}, {"type": "Feature", "geometry": {"type": "Point", "coordinates": [10.6621, 35.3594]}, "properties": {"name": "Mahdia", "min_label": 7.7}}, {"type": "Feature", "geometry": {"type": "Point", "coordinates": [10.7538, 35.6225]}, "properties": {"name": "Monastir", "min_label": 7.7}}, {"type": "Feature", "geometry": {"type": "Point", "coordinates": [10.4255, 35.9323]}, "properties": {"name": "Sousse", "min_label": 7.7}}, {"type": "Feature", "geometry": {"type": "Point", "coordinates": [10.7319, 36.6794]}, "properties": {"name": "Nabeul", "min_label": 7.7}}, {"type": "Feature", "geometry": {"type": "Point", "coordinates": [10.1941, 36.6125]}, "properties": {"name": "Ben Arous (Tunis Sud)", "min_label": 7.7}}, {"type": "Feature", "geometry": {"type": "Point", "coordinates": [10.1724, 36.7791]}, "properties": {"name": "Tunis", "min_label": 7.7}}, {"type": "Feature", "geometry": {"type": "Point", "coordinates": [9.94514, 36.7903]}, "properties": {"name": "Manubah", "min_label": 7.7}}, {"type": "Feature", "geometry": {"type": "Point", "coordinates": [9.67332, 37.1109]}, "properties": {"name": "Bizerte", "min_label": 7.7}}, {"type": "Feature", "geometry": {"type": "Point", "coordinates": [9.37605, 36.5828]}, "properties": {"name": "B\u00e9ja", "min_label": 7.7}}, {"type": "Feature", "geometry": {"type": "Point", "coordinates": [7.53073, 36.823]}, "properties": {"name": "Annaba", "min_label": 7.7}}, {"type": "Feature", "geometry": {"type": "Point", "coordinates": [6.81608, 36.7555]}, "properties": {"name": "Skikda", "min_label": 7.7}}, {"type": "Feature", "geometry": {"type": "Point", "coordinates": [5.95292, 36.7106]}, "properties": {"name": "Jijel", "min_label": 7.7}}, {"type": "Feature", "geometry": {"type": "Point", "coordinates": [4.91591, 36.6189]}, "properties": {"name": "B\u00e9ja\u00efa", "min_label": 7.7}}, {"type": "Feature", "geometry": {"type": "Point", "coordinates": [4.19086, 36.6814]}, "properties": {"name": "Tizi Ouzou", "min_label": 7.7}}, {"type": "Feature", "geometry": {"type": "Point", "coordinates": [3.60632, 36.7503]}, "properties": {"name": "Boumerd\u00e8s", "min_label": 7.7}}, {"type": "Feature", "geometry": {"type": "Point", "coordinates": [3.09806, 36.7024]}, "properties": {"name": "Alger", "min_label": 7.7}}, {"type": "Feature", "geometry": {"type": "Point", "coordinates": [2.34141, 36.527]}, "properties": {"name": "Tipaza", "min_label": 7.7}}, {"type": "Feature", "geometry": {"type": "Point", "coordinates": [1.21078, 36.2337]}, "properties": {"name": "Chlef", "min_label": 7.7}}, {"type": "Feature", "geometry": {"type": "Point", "coordinates": [0.313449, 35.9631]}, "properties": {"name": "Mostaganem", "min_label": 7.7}}, {"type": "Feature", "geometry": {"type": "Point", "coordinates": [-0.610009, 35.5208]}, "properties": {"name": "Oran", "min_label": 7.7}}, {"type": "Feature", "geometry": {"type": "Point", "coordinates": [-0.995722, 35.2708]}, "properties": {"name": "A\u00efn T\u00e9mouchent", "min_label": 7.7}}, {"type": "Feature", "geometry": {"type": "Point", "coordinates": [-4.21989, 34.5526]}, "properties": {"name": "Taza - Al Hoceima - Taounate", "min_label": 7.7}}, {"type": "Feature", "geometry": {"type": "Point", "coordinates": [-5.9502, 34.5356]}, "properties": {"name": "Gharb - Chrarda - B\u00e9ni Hssen", "min_label": 7.7}}, {"type": "Feature", "geometry": {"type": "Point", "coordinates": [-6.42079, 33.6986]}, "properties": {"name": "Rabat - Sal\u00e9 - Zemmour - Zaer", "min_label": 7.7}}, {"type": "Feature", "geometry": {"type": "Point", "coordinates": [-7.0775, 33.0977]}, "properties": {"name": "Chaouia - Ouardigha", "min_label": 7.7}}, {"type": "Feature", "geometry": {"type": "Point", "coordinates": [-7.55595, 33.545]}, "properties": {"name": "Grand Casablanca", "min_label": 7.7}}, {"type": "Feature", "geometry": {"type": "Point", "coordinates": [-8.7136, 32.4059]}, "properties": {"name": "Doukkala - Abda", "min_label": 7.7}}, {"type": "Feature", "geometry": {"type": "Point", "coordinates": [-8.43749, 31.3472]}, "properties": {"name": "Marrakech - Tensift - Al Haouz", "min_label": 7.7}}, {"type": "Feature", "geometry": {"type": "Point", "coordinates": [-15.345, 20.0734]}, "properties": {"name": "Inchiri", "min_label": 6.6}}, {"type": "Feature", "geometry": {"type": "Point", "coordinates": [-15.92, 18.139]}, "properties": {"name": "Nouakchott", "min_label": 6.6}}, {"type": "Feature", "geometry": {"type": "Point", "coordinates": [-15.5162, 15.4183]}, "properties": {"name": "Louga", "min_label": 7.7}}, {"type": "Feature", "geometry": {"type": "Point", "coordinates": [-16.8671, 14.6931]}, "properties": {"name": "Thi\u00e8s", "min_label": 7.7}}, {"type": "Feature", "geometry": {"type": "Point", "coordinates": [-17.3327, 14.7835]}, "properties": {"name": "Dakar", "min_label": 7.7}}, {"type": "Feature", "geometry": {"type": "Point", "coordinates": [-16.6831, 13.4063]}, "properties": {"name": "Banjul", "min_label": 8.0}}, {"type": "Feature", "geometry": {"type": "Point", "coordinates": [-15.7839, 11.8108]}, "properties": {"name": "Biombo", "min_label": 8.7}}, {"type": "Feature", "geometry": {"type": "Point", "coordinates": [-15.6119, 11.8919]}, "properties": {"name": "Bissau", "min_label": 8.7}}, {"type": "Feature", "geometry": {"type": "Point", "coordinates": [-15.1905, 11.5576]}, "properties": {"name": "Quinara", "min_label": 8.7}}, {"type": "Feature", "geometry": {"type": "Point", "coordinates": [-15.962, 11.5187]}, "properties": {"name": "Bolama", "min_label": 8.7}}, {"type": "Feature", "geometry": {"type": "Point", "coordinates": [-14.0764, 10.3994]}, "properties": {"name": "Boffa", "min_label": 8.0}}, {"type": "Feature", "geometry": {"type": "Point", "coordinates": [-13.468, 10.1137]}, "properties": {"name": "Dubr\u00e9ka", "min_label": 8.0}}, {"type": "Feature", "geometry": {"type": "Point", "coordinates": [-13.6847, 9.5392]}, "properties": {"name": "Conakry", "min_label": 8.0}}, {"type": "Feature", "geometry": {"type": "Point", "coordinates": [-13.3482, 9.79103]}, "properties": {"name": "Coyah", "min_label": 8.0}}, {"type": "Feature", "geometry": {"type": "Point", "coordinates": [-13.0935, 8.31041]}, "properties": {"name": "Western", "min_label": 7.7}}, {"type": "Feature", "geometry": {"type": "Point", "coordinates": [-10.7753, 6.75329]}, "properties": {"name": "Bomi", "min_label": 8.0}}, {"type": "Feature", "geometry": {"type": "Point", "coordinates": [-10.5806, 6.43188]}, "properties": {"name": "Montserrado", "min_label": 8.0}}, {"type": "Feature", "geometry": {"type": "Point", "coordinates": [-10.1783, 6.62708]}, "properties": {"name": "Margibi", "min_label": 8.0}}, {"type": "Feature", "geometry": {"type": "Point", "coordinates": [-9.72887, 6.11786]}, "properties": {"name": "Grand Bassa", "min_label": 8.0}}, {"type": "Feature", "geometry": {"type": "Point", "coordinates": [-9.39724, 5.82919]}, "properties": {"name": "River Cess", "min_label": 8.0}}, {"type": "Feature", "geometry": {"type": "Point", "coordinates": [-8.86819, 5.39111]}, "properties": {"name": "Sinoe", "min_label": 8.0}}, {"type": "Feature", "geometry": {"type": "Point", "coordinates": [-8.25622, 4.87073]}, "properties": {"name": "Grand Kru", "min_label": 8.0}}, {"type": "Feature", "geometry": {"type": "Point", "coordinates": [-5.49467, 5.63293]}, "properties": {"name": "Sud-Bandama", "min_label": 7.7}}, {"type": "Feature", "geometry": {"type": "Point", "coordinates": [-4.42852, 5.4607]}, "properties": {"name": "Lagunes", "min_label": 7.7}}, {"type": "Feature", "geometry": {"type": "Point", "coordinates": [-1.26555, 5.49477]}, "properties": {"name": "Central", "min_label": 7.7}}, {"type": "Feature", "geometry": {"type": "Point", "coordinates": [0.105309, 5.83921]}, "properties": {"name": "Greater Accra", "min_label": 7.7}}, {"type": "Feature", "geometry": {"type": "Point", "coordinates": [2.22263, 6.61657]}, "properties": {"name": "Atlantique", "min_label": 7.7}}, {"type": "Feature", "geometry": {"type": "Point", "coordinates": [2.42192, 6.36623]}, "properties": {"name": "Littoral", "min_label": 7.7}}, {"type": "Feature", "geometry": {"type": "Point", "coordinates": [-103.915, 19.1325]}, "properties": {"name": "Colima", "min_label": 6.6}}, {"type": "Feature", "geometry": {"type": "Point", "coordinates": [-74.1273, 18.5137]}, "properties": {"name": "Grand'Anse", "min_label": 7.7}}, {"type": "Feature", "geometry": {"type": "Point", "coordinates": [121.756, 16.1271]}, "properties": {"name": "Aurora", "min_label": 8.0}}, {"type": "Feature", "geometry": {"type": "Point", "coordinates": [122.037, 13.8708]}, "properties": {"name": "Quezon", "min_label": 8.0}}, {"type": "Feature", "geometry": {"type": "Point", "coordinates": [122.699, 14.1942]}, "properties": {"name": "Camarines Norte", "min_label": 8.0}}, {"type": "Feature", "geometry": {"type": "Point", "coordinates": [123.365, 13.6733]}, "properties": {"name": "Camarines Sur", "min_label": 8.0}}, {"type": "Feature", "geometry": {"type": "Point", "coordinates": [123.563, 13.2254]}, "properties": {"name": "Albay", "min_label": 8.0}}, {"type": "Feature", "geometry": {"type": "Point", "coordinates": [124.001, 12.7377]}, "properties": {"name": "Sorsogon", "min_label": 8.0}}, {"type": "Feature", "geometry": {"type": "Point", "coordinates": [121.576, 13.9241]}, "properties": {"name": "Lucena", "min_label": 8.0}}, {"type": "Feature", "geometry": {"type": "Point", "coordinates": [121.076, 13.9268]}, "properties": {"name": "Batangas", "min_label": 8.0}}, {"type": "Feature", "geometry": {"type": "Point", "coordinates": [120.836, 14.2563]}, "properties": {"name": "Cavite", "min_label": 8.0}}, {"type": "Feature", "geometry": {"type": "Point", "coordinates": [120.995, 14.4591]}, "properties": {"name": "Las Pinas", "min_label": 8.0}}, {"type": "Feature", "geometry": {"type": "Point", "coordinates": [121.016, 14.49]}, "properties": {"name": "Paranaque", "min_label": 8.0}}, {"type": "Feature", "geometry": {"type": "Point", "coordinates": [120.999, 14.5449]}, "properties": {"name": "Pasay", "min_label": 8.0}}, {"type": "Feature", "geometry": {"type": "Point", "coordinates": [120.989, 14.5931]}, "properties": {"name": "Manila", "min_label": 8.0}}, {"type": "Feature", "geometry": {"type": "Point", "coordinates": [120.952, 14.6394]}, "properties": {"name": "Navotas", "min_label": 8.0}}, {"type": "Feature", "geometry": {"type": "Point", "coordinates": [121.003, 14.9603]}, "properties": {"name": "Bulacan", "min_label": 8.0}}, {"type": "Feature", "geometry": {"type": "Point", "coordinates": [120.651, 15.0215]}, "properties": {"name": "Pampanga", "min_label": 8.0}}, {"type": "Feature", "geometry": {"type": "Point", "coordinates": [120.42, 14.6561]}, "properties": {"name": "Bataan", "min_label": 8.0}}, {"type": "Feature", "geometry": {"type": "Point", "coordinates": [120.282, 14.8618]}, "properties": {"name": "Olongapo", "min_label": 8.0}}, {"type": "Feature", "geometry": {"type": "Point", "coordinates": [120.164, 15.0499]}, "properties": {"name": "Zambales", "min_label": 8.0}}, {"type": "Feature", "geometry": {"type": "Point", "coordinates": [120.341, 15.8696]}, "properties": {"name": "Pangasinan", "min_label": 8.0}}, {"type": "Feature", "geometry": {"type": "Point", "coordinates": [120.341, 16.0325]}, "properties": {"name": "Dagupan", "min_label": 8.0}}, {"type": "Feature", "geometry": {"type": "Point", "coordinates": [120.436, 16.5569]}, "properties": {"name": "La Union", "min_label": 8.0}}, {"type": "Feature", "geometry": {"type": "Point", "coordinates": [120.604, 16.9849]}, "properties": {"name": "Ilocos Sur", "min_label": 8.0}}, {"type": "Feature", "geometry": {"type": "Point", "coordinates": [120.71, 18.1995]}, "properties": {"name": "Ilocos Norte", "min_label": 8.0}}, {"type": "Feature", "geometry": {"type": "Point", "coordinates": [121.641, 17.9242]}, "properties": {"name": "Cagayan", "min_label": 8.0}}, {"type": "Feature", "geometry": {"type": "Point", "coordinates": [121.932, 17.0036]}, "properties": {"name": "Isabela", "min_label": 8.0}}, {"type": "Feature", "geometry": {"type": "Point", "coordinates": [-73.0166, 19.8257]}, "properties": {"name": "Nord-Ouest", "min_label": 7.7}}, {"type": "Feature", "geometry": {"type": "Point", "coordinates": [109.825, 19.1865]}, "properties": {"name": "Hainan", "min_label": 4.6}}, {"type": "Feature", "geometry": {"type": "Point", "coordinates": [-104.824, 21.7934]}, "properties": {"name": "Nayarit", "min_label": 6.6}}, {"type": "Feature", "geometry": {"type": "Point", "coordinates": [-73.3607, 21.06]}, "properties": {"name": "Inagua", "min_label": 8.0}}, {"type": "Feature", "geometry": {"type": "Point", "coordinates": [-72.2861, 21.7987]}, "properties": {"name": "Providenciales and West Caicos", "min_label": 11.0}}, {"type": "Feature", "geometry": {"type": "Point", "coordinates": [-71.4782, 21.7034]}, "properties": {"name": "South Caicos and East Caicos", "min_label": 11.0}}, {"type": "Feature", "geometry": {"type": "Point", "coordinates": [-71.7669, 21.8196]}, "properties": {"name": "Middle Caicos", "min_label": 11.0}}, {"type": "Feature", "geometry": {"type": "Point", "coordinates": [-71.9298, 21.8916]}, "properties": {"name": "North Caicos", "min_label": 11.0}}, {"type": "Feature", "geometry": {"type": "Point", "coordinates": [-73.0295, 22.3849]}, "properties": {"name": "Mayaguana", "min_label": 8.0}}, {"type": "Feature", "geometry": {"type": "Point", "coordinates": [-74.0024, 22.3745]}, "properties": {"name": "Acklins", "min_label": 8.0}}, {"type": "Feature", "geometry": {"type": "Point", "coordinates": [118.178, 26.408]}, "properties": {"name": "Fujian", "min_label": 4.6}}, {"type": "Feature", "geometry": {"type": "Point", "coordinates": [-111.452, 25.0656]}, "properties": {"name": "Baja California Sur", "min_label": 6.6}}, {"type": "Feature", "geometry": {"type": "Point", "coordinates": [42.4706, 1.55342]}, "properties": {"name": "Jubbada Dhexe", "min_label": 7.0}}, {"type": "Feature", "geometry": {"type": "Point", "coordinates": [44.185, 1.63602]}, "properties": {"name": "Shabeellaha Hoose", "min_label": 7.0}}, {"type": "Feature", "geometry": {"type": "Point", "coordinates": [45.436, 2.12409]}, "properties": {"name": "Banaadir", "min_label": 7.0}}, {"type": "Feature", "geometry": {"type": "Point", "coordinates": [46.0549, 3.00561]}, "properties": {"name": "Shabeellaha Dhexe", "min_label": 7.0}}, {"type": "Feature", "geometry": {"type": "Point", "coordinates": [43.037, 11.5524]}, "properties": {"name": "Djibouti", "min_label": 9.0}}, {"type": "Feature", "geometry": {"type": "Point", "coordinates": [32.1523, 29.6098]}, "properties": {"name": "As Suways", "min_label": 7.7}}, {"type": "Feature", "geometry": {"type": "Point", "coordinates": [33.7687, 28.925]}, "properties": {"name": "Janub Sina'", "min_label": 7.7}}, {"type": "Feature", "geometry": {"type": "Point", "coordinates": [36.8014, 27.9146]}, "properties": {"name": "Tabuk", "min_label": 6.6}}, {"type": "Feature", "geometry": {"type": "Point", "coordinates": [39.4378, 24.9279]}, "properties": {"name": "Al Madinah", "min_label": 6.6}}, {"type": "Feature", "geometry": {"type": "Point", "coordinates": [40.2542, 21.4348]}, "properties": {"name": "Makkah", "min_label": 6.6}}, {"type": "Feature", "geometry": {"type": "Point", "coordinates": [43.2214, 14.928]}, "properties": {"name": "Al Hudaydah", "min_label": 8.7}}, {"type": "Feature", "geometry": {"type": "Point", "coordinates": [43.7305, 13.4282]}, "properties": {"name": "Ta`izz", "min_label": 8.7}}, {"type": "Feature", "geometry": {"type": "Point", "coordinates": [44.6561, 13.1832]}, "properties": {"name": "Lahij", "min_label": 8.7}}, {"type": "Feature", "geometry": {"type": "Point", "coordinates": [44.7544, 12.8087]}, "properties": {"name": "`Adan", "min_label": 8.7}}, {"type": "Feature", "geometry": {"type": "Point", "coordinates": [46.2119, 13.8269]}, "properties": {"name": "Abyan", "min_label": 8.7}}, {"type": "Feature", "geometry": {"type": "Point", "coordinates": [47.0989, 14.8965]}, "properties": {"name": "Shabwah", "min_label": 8.7}}, {"type": "Feature", "geometry": {"type": "Point", "coordinates": [58.9632, 21.5958]}, "properties": {"name": "Ash Sharqiyah South", "min_label": 8.7}}, {"type": "Feature", "geometry": {"type": "Point", "coordinates": [58.565, 22.2943]}, "properties": {"name": "Ash Sharqiyah North", "min_label": 8.7}}, {"type": "Feature", "geometry": {"type": "Point", "coordinates": [58.6759, 23.2505]}, "properties": {"name": "Muscat", "min_label": 8.7}}, {"type": "Feature", "geometry": {"type": "Point", "coordinates": [57.6472, 23.4299]}, "properties": {"name": "Al Batnah South", "min_label": 8.7}}, {"type": "Feature", "geometry": {"type": "Point", "coordinates": [55.7217, 25.5218]}, "properties": {"name": "Umm Al Qaywayn", "min_label": 8.7}}, {"type": "Feature", "geometry": {"type": "Point", "coordinates": [55.5411, 25.3971]}, "properties": {"name": "Ajman", "min_label": 8.7}}, {"type": "Feature", "geometry": {"type": "Point", "coordinates": [51.4743, 24.9661]}, "properties": {"name": "Al Wakrah", "min_label": 8.7}}, {"type": "Feature", "geometry": {"type": "Point", "coordinates": [51.5282, 25.2686]}, "properties": {"name": "Ad Dawhah", "min_label": 8.7}}, {"type": "Feature", "geometry": {"type": "Point", "coordinates": [51.4671, 25.4579]}, "properties": {"name": "Al Daayen", "min_label": 8.7}}, {"type": "Feature", "geometry": {"type": "Point", "coordinates": [51.4212, 25.7512]}, "properties": {"name": "Al Khawr", "min_label": 8.7}}, {"type": "Feature", "geometry": {"type": "Point", "coordinates": [51.1832, 26.0095]}, "properties": {"name": "Madinat ach Shamal", "min_label": 8.7}}, {"type": "Feature", "geometry": {"type": "Point", "coordinates": [48.0548, 29.2535]}, "properties": {"name": "Mubarak Al-Kabeer", "min_label": 8.7}}, {"type": "Feature", "geometry": {"type": "Point", "coordinates": [48.0306, 29.3243]}, "properties": {"name": "Hawalli", "min_label": 8.7}}, {"type": "Feature", "geometry": {"type": "Point", "coordinates": [48.3318, 29.4497]}, "properties": {"name": "Al Asimah", "min_label": 8.7}}, {"type": "Feature", "geometry": {"type": "Point", "coordinates": [121.227, 24.961]}, "properties": {"name": "Taoyuan", "min_label": 8.7}}, {"type": "Feature", "geometry": {"type": "Point", "coordinates": [121.163, 24.6748]}, "properties": {"name": "Hsinchu", "min_label": 8.7}}, {"type": "Feature", "geometry": {"type": "Point", "coordinates": [120.959, 24.7757]}, "properties": {"name": "Hsinchu City", "min_label": 8.7}}, {"type": "Feature", "geometry": {"type": "Point", "coordinates": [120.942, 24.5253]}, "properties": {"name": "Miaoli", "min_label": 8.7}}, {"type": "Feature", "geometry": {"type": "Point", "coordinates": [120.966, 24.238]}, "properties": {"name": "Taichung City", "min_label": 8.7}}, {"type": "Feature", "geometry": {"type": "Point", "coordinates": [120.464, 24.0016]}, "properties": {"name": "Changhua", "min_label": 8.7}}, {"type": "Feature", "geometry": {"type": "Point", "coordinates": [120.427, 23.7253]}, "properties": {"name": "Yunlin", "min_label": 8.7}}, {"type": "Feature", "geometry": {"type": "Point", "coordinates": [120.26, 23.4465]}, "properties": {"name": "Chiayi", "min_label": 8.7}}, {"type": "Feature", "geometry": {"type": "Point", "coordinates": [120.182, 23.0464]}, "properties": {"name": "Tainan City", "min_label": 8.7}}, {"type": "Feature", "geometry": {"type": "Point", "coordinates": [120.609, 23.0157]}, "properties": {"name": "Kaohsiung City", "min_label": 8.7}}, {"type": "Feature", "geometry": {"type": "Point", "coordinates": [120.661, 22.5344]}, "properties": {"name": "Pingtung", "min_label": 8.7}}, {"type": "Feature", "geometry": {"type": "Point", "coordinates": [121.54, 22.0499]}, "properties": {"name": "Taitung", "min_label": 8.7}}, {"type": "Feature", "geometry": {"type": "Point", "coordinates": [121.381, 23.7743]}, "properties": {"name": "Hualien", "min_label": 8.7}}, {"type": "Feature", "geometry": {"type": "Point", "coordinates": [121.644, 24.5913]}, "properties": {"name": "Yilan", "min_label": 8.7}}, {"type": "Feature", "geometry": {"type": "Point", "coordinates": [121.646, 24.911]}, "properties": {"name": "New Taipei City", "min_label": 8.7}}, {"type": "Feature", "geometry": {"type": "Point", "coordinates": [121.704, 25.1131]}, "properties": {"name": "Keelung City", "min_label": 8.7}}, {"type": "Feature", "geometry": {"type": "Point", "coordinates": [-108.001, 25.6041]}, "properties": {"name": "Sinaloa", "min_label": 6.6}}, {"type": "Feature", "geometry": {"type": "Point", "coordinates": [-91.9991, 30.5274]}, "properties": {"name": "Louisiana", "min_label": 2.0}}, {"type": "Feature", "geometry": {"type": "Point", "coordinates": [-89.7189, 32.8657]}, "properties": {"name": "Mississippi", "min_label": 2.0}}, {"type": "Feature", "geometry": {"type": "Point", "coordinates": [-86.7184, 32.8551]}, "properties": {"name": "Alabama", "min_label": 2.0}}, {"type": "Feature", "geometry": {"type": "Point", "coordinates": [-81.6228, 28.1568]}, "properties": {"name": "Florida", "min_label": 2.0}}, {"type": "Feature", "geometry": {"type": "Point", "coordinates": [-83.4078, 32.8547]}, "properties": {"name": "Georgia", "min_label": 2.0}}, {"type": "Feature", "geometry": {"type": "Point", "coordinates": [-80.6471, 33.8578]}, "properties": {"name": "South Carolina", "min_label": 2.0}}, {"type": "Feature", "geometry": {"type": "Point", "coordinates": [-78.866, 35.6152]}, "properties": {"name": "North Carolina", "min_label": 2.0}}, {"type": "Feature", "geometry": {"type": "Point", "coordinates": [-78.2431, 37.7403]}, "properties": {"name": "Virginia", "min_label": 2.0}}, {"type": "Feature", "geometry": {"type": "Point", "coordinates": [-77.0113, 38.8922]}, "properties": {"name": "District of Columbia", "min_label": 2.0}}, {"type": "Feature", "geometry": {"type": "Point", "coordinates": [-77.0454, 39.3874]}, "properties": {"name": "Maryland", "min_label": 2.0}}, {"type": "Feature", "geometry": {"type": "Point", "coordinates": [-75.4112, 38.8657]}, "properties": {"name": "Delaware", "min_label": 2.0}}, {"type": "Feature", "geometry": {"type": "Point", "coordinates": [-74.4653, 40.0449]}, "properties": {"name": "New Jersey", "min_label": 2.0}}, {"type": "Feature", "geometry": {"type": "Point", "coordinates": [-72.7594, 41.6486]}, "properties": {"name": "Connecticut", "min_label": 2.0}}, {"type": "Feature", "geometry": {"type": "Point", "coordinates": [-71.5082, 41.6242]}, "properties": {"name": "Rhode Island", "min_label": 2.0}}, {"type": "Feature", "geometry": {"type": "Point", "coordinates": [-71.9993, 42.3739]}, "properties": {"name": "Massachusetts", "min_label": 2.0}}, {"type": "Feature", "geometry": {"type": "Point", "coordinates": [-81.7558, 8.68]}, "properties": {"name": "Ng\u00f6be Bugl\u00e9", "min_label": 7.7}}, {"type": "Feature", "geometry": {"type": "Point", "coordinates": [-84.2147, 12.2265]}, "properties": {"name": "Atl\u00e1ntico Sur", "min_label": 7.7}}, {"type": "Feature", "geometry": {"type": "Point", "coordinates": [-85.7236, 15.7786]}, "properties": {"name": "Col\u00f3n", "min_label": 8.0}}, {"type": "Feature", "geometry": {"type": "Point", "coordinates": [-87.0783, 15.6343]}, "properties": {"name": "Atl\u00e1ntida", "min_label": 8.0}}, {"type": "Feature", "geometry": {"type": "Point", "coordinates": [-88.4963, 16.809]}, "properties": {"name": "Stann Creek", "min_label": 8.0}}, {"type": "Feature", "geometry": {"type": "Point", "coordinates": [-88.4189, 17.5367]}, "properties": {"name": "Belize", "min_label": 8.0}}, {"type": "Feature", "geometry": {"type": "Point", "coordinates": [-88.9836, 20.663]}, "properties": {"name": "Yucat\u00e1n", "min_label": 6.6}}, {"type": "Feature", "geometry": {"type": "Point", "coordinates": [-96.5953, 19.0926]}, "properties": {"name": "Veracruz", "min_label": 6.6}}, {"type": "Feature", "geometry": {"type": "Point", "coordinates": [-103.602, 20.3026]}, "properties": {"name": "Jalisco", "min_label": 6.6}}, {"type": "Feature", "geometry": {"type": "Point", "coordinates": [-101.936, 19.2458]}, "properties": {"name": "Michoac\u00e1n", "min_label": 6.6}}, {"type": "Feature", "geometry": {"type": "Point", "coordinates": [-100.091, 17.7608]}, "properties": {"name": "Guerrero", "min_label": 6.6}}, {"type": "Feature", "geometry": {"type": "Point", "coordinates": [-96.2087, 16.94]}, "properties": {"name": "Oaxaca", "min_label": 6.6}}, {"type": "Feature", "geometry": {"type": "Point", "coordinates": [-91.8364, 14.3957]}, "properties": {"name": "Retalhuleu", "min_label": 8.0}}, {"type": "Feature", "geometry": {"type": "Point", "coordinates": [-91.3803, 14.5182]}, "properties": {"name": "Suchitep\u00e9quez", "min_label": 8.0}}, {"type": "Feature", "geometry": {"type": "Point", "coordinates": [-91.0243, 14.1674]}, "properties": {"name": "Escuintla", "min_label": 8.0}}, {"type": "Feature", "geometry": {"type": "Point", "coordinates": [-90.3389, 14.1651]}, "properties": {"name": "Santa Rosa", "min_label": 8.0}}, {"type": "Feature", "geometry": {"type": "Point", "coordinates": [-89.6937, 13.7165]}, "properties": {"name": "Sonsonate", "min_label": 10.0}}, {"type": "Feature", "geometry": {"type": "Point", "coordinates": [-89.3593, 13.7727]}, "properties": {"name": "La Libertad", "min_label": 10.0}}, {"type": "Feature", "geometry": {"type": "Point", "coordinates": [-88.9628, 13.4872]}, "properties": {"name": "La Paz", "min_label": 10.0}}, {"type": "Feature", "geometry": {"type": "Point", "coordinates": [-88.6917, 13.6291]}, "properties": {"name": "San Vicente", "min_label": 10.0}}, {"type": "Feature", "geometry": {"type": "Point", "coordinates": [-88.5293, 13.4104]}, "properties": {"name": "Usulut\u00e1n", "min_label": 10.0}}, {"type": "Feature", "geometry": {"type": "Point", "coordinates": [-86.7187, 12.4168]}, "properties": {"name": "Le\u00f3n", "min_label": 7.7}}, {"type": "Feature", "geometry": {"type": "Point", "coordinates": [-86.2493, 12.3035]}, "properties": {"name": "Managua", "min_label": 7.7}}, {"type": "Feature", "geometry": {"type": "Point", "coordinates": [-86.2874, 11.7692]}, "properties": {"name": "Carazo", "min_label": 7.7}}, {"type": "Feature", "geometry": {"type": "Point", "coordinates": [-80.3927, 7.58403]}, "properties": {"name": "Los Santos", "min_label": 7.7}}, {"type": "Feature", "geometry": {"type": "Point", "coordinates": [-80.6613, 7.85632]}, "properties": {"name": "Herrera", "min_label": 7.7}}, {"type": "Feature", "geometry": {"type": "Point", "coordinates": [119.97, 29.1084]}, "properties": {"name": "Zhejiang", "min_label": 4.6}}, {"type": "Feature", "geometry": {"type": "Point", "coordinates": [121.409, 31.0909]}, "properties": {"name": "Shanghai", "min_label": 4.6}}, {"type": "Feature", "geometry": {"type": "Point", "coordinates": [129.601, 29.4572]}, "properties": {"name": "Kagoshima", "min_label": 3.0}}, {"type": "Feature", "geometry": {"type": "Point", "coordinates": [119.942, 32.9844]}, "properties": {"name": "Jiangsu", "min_label": 4.6}}, {"type": "Feature", "geometry": {"type": "Point", "coordinates": [51.4225, 28.8273]}, "properties": {"name": "Bushehr", "min_label": 6.6}}, {"type": "Feature", "geometry": {"type": "Point", "coordinates": [56.2505, 27.6455]}, "properties": {"name": "Hormozgan", "min_label": 6.6}}, {"type": "Feature", "geometry": {"type": "Point", "coordinates": [34.8091, 32.0966]}, "properties": {"name": "Tel Aviv", "min_label": 8.0}}, {"type": "Feature", "geometry": {"type": "Point", "coordinates": [32.4293, 31.1245]}, "properties": {"name": "Bur Sa`id", "min_label": 7.7}}, {"type": "Feature", "geometry": {"type": "Point", "coordinates": [31.4929, 31.0304]}, "properties": {"name": "Ad Daqahliyah", "min_label": 7.7}}, {"type": "Feature", "geometry": {"type": "Point", "coordinates": [31.8817, 30.8161]}, "properties": {"name": "Ash Sharqiyah", "min_label": 7.7}}, {"type": "Feature", "geometry": {"type": "Point", "coordinates": [32.2811, 30.6765]}, "properties": {"name": "Al Isma`iliyah", "min_label": 7.7}}, {"type": "Feature", "geometry": {"type": "Point", "coordinates": [31.7285, 31.4067]}, "properties": {"name": "Dumyat", "min_label": 7.7}}, {"type": "Feature", "geometry": {"type": "Point", "coordinates": [30.853, 31.2075]}, "properties": {"name": "Kafr ash Shaykh", "min_label": 7.7}}, {"type": "Feature", "geometry": {"type": "Point", "coordinates": [30.2522, 30.5945]}, "properties": {"name": "Al Buhayrah", "min_label": 7.7}}, {"type": "Feature", "geometry": {"type": "Point", "coordinates": [29.754, 30.8251]}, "properties": {"name": "Al Iskandariyah", "min_label": 7.7}}, {"type": "Feature", "geometry": {"type": "Point", "coordinates": [22.5845, 31.8165]}, "properties": {"name": "Al Qubbah", "min_label": 7.7}}, {"type": "Feature", "geometry": {"type": "Point", "coordinates": [21.7222, 32.0068]}, "properties": {"name": "Al Jabal al Akhdar", "min_label": 7.7}}, {"type": "Feature", "geometry": {"type": "Point", "coordinates": [21.0132, 32.1682]}, "properties": {"name": "Al Marj", "min_label": 7.7}}, {"type": "Feature", "geometry": {"type": "Point", "coordinates": [20.6182, 31.2887]}, "properties": {"name": "Benghazi", "min_label": 7.7}}, {"type": "Feature", "geometry": {"type": "Point", "coordinates": [131.449, 33.2006]}, "properties": {"name": "\u014cita", "min_label": 3.0}}, {"type": "Feature", "geometry": {"type": "Point", "coordinates": [130.616, 33.4906]}, "properties": {"name": "Fukuoka", "min_label": 3.0}}, {"type": "Feature", "geometry": {"type": "Point", "coordinates": [130.147, 33.0097]}, "properties": {"name": "Saga", "min_label": 3.0}}, {"type": "Feature", "geometry": {"type": "Point", "coordinates": [128.755, 32.6745]}, "properties": {"name": "Nagasaki", "min_label": 3.0}}, {"type": "Feature", "geometry": {"type": "Point", "coordinates": [130.834, 32.588]}, "properties": {"name": "Kumamoto", "min_label": 3.0}}, {"type": "Feature", "geometry": {"type": "Point", "coordinates": [131.286, 32.0981]}, "properties": {"name": "Miyazaki", "min_label": 3.0}}, {"type": "Feature", "geometry": {"type": "Point", "coordinates": [134.2, 33.8546]}, "properties": {"name": "Tokushima", "min_label": 3.0}}, {"type": "Feature", "geometry": {"type": "Point", "coordinates": [134.001, 34.2162]}, "properties": {"name": "Kagawa", "min_label": 3.0}}, {"type": "Feature", "geometry": {"type": "Point", "coordinates": [132.916, 33.8141]}, "properties": {"name": "Ehime", "min_label": 3.0}}, {"type": "Feature", "geometry": {"type": "Point", "coordinates": [133.442, 33.6129]}, "properties": {"name": "K\u014dchi", "min_label": 3.0}}, {"type": "Feature", "geometry": {"type": "Point", "coordinates": [132.603, 35.0972]}, "properties": {"name": "Shimane", "min_label": 3.0}}, {"type": "Feature", "geometry": {"type": "Point", "coordinates": [126.874, 36.4602]}, "properties": {"name": "South Chungcheong", "min_label": 8.0}}, {"type": "Feature", "geometry": {"type": "Point", "coordinates": [131.645, 34.2154]}, "properties": {"name": "Yamaguchi", "min_label": 3.0}}, {"type": "Feature", "geometry": {"type": "Point", "coordinates": [133.819, 35.3657]}, "properties": {"name": "Tottori", "min_label": 3.0}}, {"type": "Feature", "geometry": {"type": "Point", "coordinates": [134.837, 35.063]}, "properties": {"name": "Hy\u014dgo", "min_label": 3.0}}, {"type": "Feature", "geometry": {"type": "Point", "coordinates": [135.451, 35.2117]}, "properties": {"name": "Ky\u014dto", "min_label": 3.0}}, {"type": "Feature", "geometry": {"type": "Point", "coordinates": [136.316, 35.9297]}, "properties": {"name": "Fukui", "min_label": 3.0}}, {"type": "Feature", "geometry": {"type": "Point", "coordinates": [136.677, 36.5654]}, "properties": {"name": "Ishikawa", "min_label": 3.0}}, {"type": "Feature", "geometry": {"type": "Point", "coordinates": [137.246, 36.596]}, "properties": {"name": "Toyama", "min_label": 3.0}}, {"type": "Feature", "geometry": {"type": "Point", "coordinates": [139.005, 37.5471]}, "properties": {"name": "Niigata", "min_label": 3.0}}, {"type": "Feature", "geometry": {"type": "Point", "coordinates": [140.084, 38.4024]}, "properties": {"name": "Yamagata", "min_label": 3.0}}, {"type": "Feature", "geometry": {"type": "Point", "coordinates": [140.334, 39.7318]}, "properties": {"name": "Akita", "min_label": 3.0}}, {"type": "Feature", "geometry": {"type": "Point", "coordinates": [140.769, 40.6385]}, "properties": {"name": "Aomori", "min_label": 3.0}}, {"type": "Feature", "geometry": {"type": "Point", "coordinates": [141.364, 39.5715]}, "properties": {"name": "Iwate", "min_label": 3.0}}, {"type": "Feature", "geometry": {"type": "Point", "coordinates": [140.972, 38.5307]}, "properties": {"name": "Miyagi", "min_label": 3.0}}, {"type": "Feature", "geometry": {"type": "Point", "coordinates": [140.099, 37.4153]}, "properties": {"name": "Fukushima", "min_label": 3.0}}, {"type": "Feature", "geometry": {"type": "Point", "coordinates": [140.257, 36.2773]}, "properties": {"name": "Ibaraki", "min_label": 3.0}}, {"type": "Feature", "geometry": {"type": "Point", "coordinates": [140.318, 35.489]}, "properties": {"name": "Chiba", "min_label": 3.0}}, {"type": "Feature", "geometry": {"type": "Point", "coordinates": [139.407, 35.6578]}, "properties": {"name": "Tokyo", "min_label": 3.0}}, {"type": "Feature", "geometry": {"type": "Point", "coordinates": [139.344, 35.4378]}, "properties": {"name": "Kanagawa", "min_label": 3.0}}, {"type": "Feature", "geometry": {"type": "Point", "coordinates": [138.306, 35.0359]}, "properties": {"name": "Shizuoka", "min_label": 3.0}}, {"type": "Feature", "geometry": {"type": "Point", "coordinates": [137.214, 34.9973]}, "properties": {"name": "Aichi", "min_label": 3.0}}, {"type": "Feature", "geometry": {"type": "Point", "coordinates": [136.386, 34.5679]}, "properties": {"name": "Mie", "min_label": 3.0}}, {"type": "Feature", "geometry": {"type": "Point", "coordinates": [135.401, 33.93]}, "properties": {"name": "Wakayama", "min_label": 3.0}}, {"type": "Feature", "geometry": {"type": "Point", "coordinates": [135.519, 34.5993]}, "properties": {"name": "\u014csaka", "min_label": 3.0}}, {"type": "Feature", "geometry": {"type": "Point", "coordinates": [133.831, 34.8521]}, "properties": {"name": "Okayama", "min_label": 3.0}}, {"type": "Feature", "geometry": {"type": "Point", "coordinates": [132.853, 34.6067]}, "properties": {"name": "Hiroshima", "min_label": 3.0}}, {"type": "Feature", "geometry": {"type": "Point", "coordinates": [-120.386, 43.8333]}, "properties": {"name": "Oregon", "min_label": 2.0}}, {"type": "Feature", "geometry": {"type": "Point", "coordinates": [-97.1443, 64.3853]}, "properties": {"name": "Nunavut", "min_label": 2.0}}, {"type": "Feature", "geometry": {"type": "Point", "coordinates": [-56.2169, 48.6598]}, "properties": {"name": "Newfoundland and Labrador", "min_label": 2.0}}, {"type": "Feature", "geometry": {"type": "Point", "coordinates": [-62.8113, 45.2293]}, "properties": {"name": "Nova Scotia", "min_label": 2.0}}, {"type": "Feature", "geometry": {"type": "Point", "coordinates": [142.805, 43.37]}, "properties": {"name": "Hokkaid\u014d", "min_label": 3.0}}, {"type": "Feature", "geometry": {"type": "Point", "coordinates": [-56.1918, 46.7795]}, "properties": {"name": "Saint-Pierre", "min_label": 11.0}}, {"type": "Feature", "geometry": {"type": "Point", "coordinates": [-56.3418, 47.0461]}, "properties": {"name": "Miquelon-Langlade", "min_label": 11.0}}, {"type": "Feature", "geometry": {"type": "Point", "coordinates": [84.4341, 20.625]}, "properties": {"name": "Odisha", "min_label": 4.6}}, {"type": "Feature", "geometry": {"type": "Point", "coordinates": [90.2369, 22.4351]}, "properties": {"name": "Barisal", "min_label": 7.7}}, {"type": "Feature", "geometry": {"type": "Point", "coordinates": [95.1083, 16.7457]}, "properties": {"name": "Ayeyarwady", "min_label": 7.0}}, {"type": "Feature", "geometry": {"type": "Point", "coordinates": [96.111, 17.1117]}, "properties": {"name": "Yangon", "min_label": 7.0}}, {"type": "Feature", "geometry": {"type": "Point", "coordinates": [96.1485, 18.518]}, "properties": {"name": "Bago", "min_label": 7.0}}, {"type": "Feature", "geometry": {"type": "Point", "coordinates": [98.394, 8.57678]}, "properties": {"name": "Phangnga", "min_label": 8.0}}, {"type": "Feature", "geometry": {"type": "Point", "coordinates": [98.984, 8.1333]}, "properties": {"name": "Krabi", "min_label": 8.0}}, {"type": "Feature", "geometry": {"type": "Point", "coordinates": [99.6467, 7.56967]}, "properties": {"name": "Trang", "min_label": 8.0}}, {"type": "Feature", "geometry": {"type": "Point", "coordinates": [100.261, 5.36839]}, "properties": {"name": "Pulau Pinang", "min_label": 7.0}}, {"type": "Feature", "geometry": {"type": "Point", "coordinates": [101.428, 3.3078]}, "properties": {"name": "Selangor", "min_label": 7.0}}, {"type": "Feature", "geometry": {"type": "Point", "coordinates": [102.149, 2.70857]}, "properties": {"name": "Negeri Sembilan", "min_label": 7.0}}, {"type": "Feature", "geometry": {"type": "Point", "coordinates": [102.293, 2.32162]}, "properties": {"name": "Melaka", "min_label": 7.0}}, {"type": "Feature", "geometry": {"type": "Point", "coordinates": [103.412, 2.00649]}, "properties": {"name": "Johor", "min_label": 7.0}}, {"type": "Feature", "geometry": {"type": "Point", "coordinates": [102.491, 3.84557]}, "properties": {"name": "Pahang", "min_label": 7.0}}, {"type": "Feature", "geometry": {"type": "Point", "coordinates": [103.013, 4.94214]}, "properties": {"name": "Terengganu", "min_label": 7.0}}, {"type": "Feature", "geometry": {"type": "Point", "coordinates": [101.381, 6.7391]}, "properties": {"name": "Pattani", "min_label": 8.0}}, {"type": "Feature", "geometry": {"type": "Point", "coordinates": [100.062, 7.47276]}, "properties": {"name": "Phatthalung", "min_label": 8.0}}, {"type": "Feature", "geometry": {"type": "Point", "coordinates": [99.7819, 8.37448]}, "properties": {"name": "Nakhon Si Thammarat", "min_label": 8.0}}, {"type": "Feature", "geometry": {"type": "Point", "coordinates": [99.0107, 9.0048]}, "properties": {"name": "Surat Thani", "min_label": 8.0}}, {"type": "Feature", "geometry": {"type": "Point", "coordinates": [99.9736, 13.4036]}, "properties": {"name": "Samut Songkhram", "min_label": 8.0}}, {"type": "Feature", "geometry": {"type": "Point", "coordinates": [100.225, 13.5655]}, "properties": {"name": "Samut Sakhon", "min_label": 8.0}}, {"type": "Feature", "geometry": {"type": "Point", "coordinates": [100.626, 13.793]}, "properties": {"name": "Bangkok Metropolis", "min_label": 8.0}}, {"type": "Feature", "geometry": {"type": "Point", "coordinates": [100.704, 13.606]}, "properties": {"name": "Samut Prakan", "min_label": 8.0}}, {"type": "Feature", "geometry": {"type": "Point", "coordinates": [101.419, 13.6342]}, "properties": {"name": "Chachoengsao", "min_label": 8.0}}, {"type": "Feature", "geometry": {"type": "Point", "coordinates": [101.278, 13.2988]}, "properties": {"name": "Chon Buri", "min_label": 8.0}}, {"type": "Feature", "geometry": {"type": "Point", "coordinates": [101.402, 12.8125]}, "properties": {"name": "Rayong", "min_label": 8.0}}, {"type": "Feature", "geometry": {"type": "Point", "coordinates": [104.346, 10.5308]}, "properties": {"name": "Kep", "min_label": 8.0}}, {"type": "Feature", "geometry": {"type": "Point", "coordinates": [105.073, 9.05545]}, "properties": {"name": "C\u00e0 Mau", "min_label": 8.0}}, {"type": "Feature", "geometry": {"type": "Point", "coordinates": [105.573, 9.33941]}, "properties": {"name": "B\u1ea1c Li\u00eau", "min_label": 8.0}}, {"type": "Feature", "geometry": {"type": "Point", "coordinates": [105.663, 9.84353]}, "properties": {"name": "Hau Giang", "min_label": 8.0}}, {"type": "Feature", "geometry": {"type": "Point", "coordinates": [105.969, 10.1042]}, "properties": {"name": "V\u0129nh Long", "min_label": 8.0}}, {"type": "Feature", "geometry": {"type": "Point", "coordinates": [106.289, 9.82817]}, "properties": {"name": "Tr\u00e0 Vinh", "min_label": 8.0}}, {"type": "Feature", "geometry": {"type": "Point", "coordinates": [106.496, 10.171]}, "properties": {"name": "B\u1ebfn Tre", "min_label": 8.0}}, {"type": "Feature", "geometry": {"type": "Point", "coordinates": [107.178, 11.1258]}, "properties": {"name": "\u0110\u00f4ng Nam B\u1ed9", "min_label": 8.0}}, {"type": "Feature", "geometry": {"type": "Point", "coordinates": [108.232, 11.1284]}, "properties": {"name": "B\u00ecnh Thu\u1eadn", "min_label": 8.0}}, {"type": "Feature", "geometry": {"type": "Point", "coordinates": [108.925, 11.6242]}, "properties": {"name": "Ninh Thu\u1eadn", "min_label": 8.0}}, {"type": "Feature", "geometry": {"type": "Point", "coordinates": [109.064, 13.1647]}, "properties": {"name": "Ph\u00fa Y\u00ean", "min_label": 8.0}}, {"type": "Feature", "geometry": {"type": "Point", "coordinates": [108.971, 14.1075]}, "properties": {"name": "B\u00ecnh \u0110\u1ecbnh", "min_label": 8.0}}, {"type": "Feature", "geometry": {"type": "Point", "coordinates": [108.686, 14.9971]}, "properties": {"name": "Qu\u1ea3ng Ng\u00e3i", "min_label": 8.0}}, {"type": "Feature", "geometry": {"type": "Point", "coordinates": [108.102, 16.0912]}, "properties": {"name": "\u0110\u00e0 N\u1eb5ng", "min_label": 8.0}}, {"type": "Feature", "geometry": {"type": "Point", "coordinates": [105.852, 20.2722]}, "properties": {"name": "Ninh B\u00ecnh", "min_label": 8.0}}, {"type": "Feature", "geometry": {"type": "Point", "coordinates": [106.254, 20.2343]}, "properties": {"name": "Nam \u0110\u1ecbnh", "min_label": 8.0}}, {"type": "Feature", "geometry": {"type": "Point", "coordinates": [106.371, 20.5303]}, "properties": {"name": "Th\u00e1i B\u00ecnh", "min_label": 8.0}}, {"type": "Feature", "geometry": {"type": "Point", "coordinates": [106.635, 20.79]}, "properties": {"name": "H\u1ea3i Ph\u00f2ng", "min_label": 8.0}}, {"type": "Feature", "geometry": {"type": "Point", "coordinates": [118.114, 36.3271]}, "properties": {"name": "Shandong", "min_label": 4.6}}, {"type": "Feature", "geometry": {"type": "Point", "coordinates": [115.314, 38.5205]}, "properties": {"name": "Hebei", "min_label": 4.6}}, {"type": "Feature", "geometry": {"type": "Point", "coordinates": [117.347, 39.3708]}, "properties": {"name": "Tianjin", "min_label": 4.6}}, {"type": "Feature", "geometry": {"type": "Point", "coordinates": [126.158, 39.5005]}, "properties": {"name": "P'y\u014fngan-namdo", "min_label": 8.0}}, {"type": "Feature", "geometry": {"type": "Point", "coordinates": [125.279, 37.7337]}, "properties": {"name": "Hwanghae-namdo", "min_label": 8.0}}, {"type": "Feature", "geometry": {"type": "Point", "coordinates": [126.507, 37.4983]}, "properties": {"name": "Incheon", "min_label": 8.0}}, {"type": "Feature", "geometry": {"type": "Point", "coordinates": [127.081, 35.679]}, "properties": {"name": "North Jeolla", "min_label": 8.0}}, {"type": "Feature", "geometry": {"type": "Point", "coordinates": [126.884, 34.8166]}, "properties": {"name": "South Jeolla", "min_label": 8.0}}, {"type": "Feature", "geometry": {"type": "Point", "coordinates": [128.217, 35.3192]}, "properties": {"name": "South Gyeongsang", "min_label": 8.0}}, {"type": "Feature", "geometry": {"type": "Point", "coordinates": [129.082, 35.1928]}, "properties": {"name": "Busan", "min_label": 8.0}}, {"type": "Feature", "geometry": {"type": "Point", "coordinates": [129.232, 35.4997]}, "properties": {"name": "Ulsan", "min_label": 8.0}}, {"type": "Feature", "geometry": {"type": "Point", "coordinates": [128.708, 36.3396]}, "properties": {"name": "North Gyeongsang", "min_label": 8.0}}, {"type": "Feature", "geometry": {"type": "Point", "coordinates": [127.922, 40.234]}, "properties": {"name": "Hamgy\u014fng-namdo", "min_label": 8.0}}, {"type": "Feature", "geometry": {"type": "Point", "coordinates": [153.797, 62.6257]}, "properties": {"name": "Maga Buryatdan", "min_label": 4.7}}, {"type": "Feature", "geometry": {"type": "Point", "coordinates": [73.029, 20.1841]}, "properties": {"name": "Dadra and Nagar Haveli and Daman and Diu", "min_label": 4.6}}, {"type": "Feature", "geometry": {"type": "Point", "coordinates": [75.4647, 19.4723]}, "properties": {"name": "Maharashtra", "min_label": 4.6}}, {"type": "Feature", "geometry": {"type": "Point", "coordinates": [73.9951, 15.3133]}, "properties": {"name": "Goa", "min_label": 4.6}}, {"type": "Feature", "geometry": {"type": "Point", "coordinates": [75.667, 14.3681]}, "properties": {"name": "Karnataka", "min_label": 4.6}}, {"type": "Feature", "geometry": {"type": "Point", "coordinates": [76.5237, 10.3666]}, "properties": {"name": "Kerala", "min_label": 4.6}}, {"type": "Feature", "geometry": {"type": "Point", "coordinates": [79.7758, 10.9224]}, "properties": {"name": "Puducherry", "min_label": 4.6}}, {"type": "Feature", "geometry": {"type": "Point", "coordinates": [78.2704, 11.0159]}, "properties": {"name": "Tamil Nadu", "min_label": 4.6}}, {"type": "Feature", "geometry": {"type": "Point", "coordinates": [152.467, 47.3479]}, "properties": {"name": "Sakhalin", "min_label": 4.7}}, {"type": "Feature", "geometry": {"type": "Point", "coordinates": [-6.26188, 53.3683]}, "properties": {"name": "Dublin", "min_label": 8.0}}, {"type": "Feature", "geometry": {"type": "Point", "coordinates": [-6.18788, 53.26]}, "properties": {"name": "D\u00fan Laoghaire\u2013Rathdown", "min_label": 8.0}}, {"type": "Feature", "geometry": {"type": "Point", "coordinates": [-6.38849, 52.9947]}, "properties": {"name": "Wicklow", "min_label": 8.0}}, {"type": "Feature", "geometry": {"type": "Point", "coordinates": [-6.58517, 52.4423]}, "properties": {"name": "Wexford", "min_label": 8.0}}, {"type": "Feature", "geometry": {"type": "Point", "coordinates": [-7.2941, 52.5758]}, "properties": {"name": "Kilkenny", "min_label": 8.0}}, {"type": "Feature", "geometry": {"type": "Point", "coordinates": [-7.59292, 52.199]}, "properties": {"name": "Waterford", "min_label": 8.0}}, {"type": "Feature", "geometry": {"type": "Point", "coordinates": [-8.83835, 51.9396]}, "properties": {"name": "Cork", "min_label": 8.0}}, {"type": "Feature", "geometry": {"type": "Point", "coordinates": [-8.47351, 51.8868]}, "properties": {"name": "Cork", "min_label": 8.0}}, {"type": "Feature", "geometry": {"type": "Point", "coordinates": [-9.5547, 52.1195]}, "properties": {"name": "Kerry", "min_label": 8.0}}, {"type": "Feature", "geometry": {"type": "Point", "coordinates": [-8.75892, 52.5242]}, "properties": {"name": "Limerick", "min_label": 8.0}}, {"type": "Feature", "geometry": {"type": "Point", "coordinates": [-9.10704, 52.8909]}, "properties": {"name": "Clare", "min_label": 8.0}}, {"type": "Feature", "geometry": {"type": "Point", "coordinates": [-8.61598, 53.4045]}, "properties": {"name": "Galway", "min_label": 8.0}}, {"type": "Feature", "geometry": {"type": "Point", "coordinates": [-9.03273, 53.302]}, "properties": {"name": "Galway", "min_label": 8.0}}, {"type": "Feature", "geometry": {"type": "Point", "coordinates": [-9.23048, 53.895]}, "properties": {"name": "Mayo", "min_label": 8.0}}, {"type": "Feature", "geometry": {"type": "Point", "coordinates": [-8.489, 54.1277]}, "properties": {"name": "Sligo", "min_label": 8.0}}, {"type": "Feature", "geometry": {"type": "Point", "coordinates": [-6.9714, 54.9923]}, "properties": {"name": "Limavady", "min_label": 10.0}}, {"type": "Feature", "geometry": {"type": "Point", "coordinates": [-6.68879, 55.0562]}, "properties": {"name": "Coleraine", "min_label": 10.0}}, {"type": "Feature", "geometry": {"type": "Point", "coordinates": [-6.26357, 55.1639]}, "properties": {"name": "Moyle", "min_label": 10.0}}, {"type": "Feature", "geometry": {"type": "Point", "coordinates": [-5.89587, 54.861]}, "properties": {"name": "Larne", "min_label": 10.0}}, {"type": "Feature", "geometry": {"type": "Point", "coordinates": [-5.79899, 54.7431]}, "properties": {"name": "Carrickfergus", "min_label": 10.0}}, {"type": "Feature", "geometry": {"type": "Point", "coordinates": [-5.98106, 54.7173]}, "properties": {"name": "Newtownabbey", "min_label": 10.0}}, {"type": "Feature", "geometry": {"type": "Point", "coordinates": [-5.93684, 54.6113]}, "properties": {"name": "Belfast", "min_label": 10.0}}, {"type": "Feature", "geometry": {"type": "Point", "coordinates": [-5.71772, 54.6476]}, "properties": {"name": "North Down", "min_label": 10.0}}, {"type": "Feature", "geometry": {"type": "Point", "coordinates": [-5.62705, 54.5164]}, "properties": {"name": "Ards", "min_label": 10.0}}, {"type": "Feature", "geometry": {"type": "Point", "coordinates": [-5.80955, 54.3616]}, "properties": {"name": "Down", "min_label": 10.0}}, {"type": "Feature", "geometry": {"type": "Point", "coordinates": [-6.71387, 53.6324]}, "properties": {"name": "Meath", "min_label": 8.0}}, {"type": "Feature", "geometry": {"type": "Point", "coordinates": [-6.2769, 53.4927]}, "properties": {"name": "Fingal", "min_label": 8.0}}, {"type": "Feature", "geometry": {"type": "Point", "coordinates": [35.7123, 47.3346]}, "properties": {"name": "Zaporizhzhya", "min_label": 6.7}}, {"type": "Feature", "geometry": {"type": "Point", "coordinates": [33.6396, 44.5182]}, "properties": {"name": "Sevastopol", "min_label": 4.7}}, {"type": "Feature", "geometry": {"type": "Point", "coordinates": [31.6498, 47.0902]}, "properties": {"name": "Mykolayiv", "min_label": 6.7}}, {"type": "Feature", "geometry": {"type": "Point", "coordinates": [27.5827, 43.2097]}, "properties": {"name": "Varna", "min_label": 8.0}}, {"type": "Feature", "geometry": {"type": "Point", "coordinates": [28.8463, 41.1285]}, "properties": {"name": "Istanbul", "min_label": 7.0}}, {"type": "Feature", "geometry": {"type": "Point", "coordinates": [27.4547, 41.0824]}, "properties": {"name": "Tekirdag", "min_label": 7.0}}, {"type": "Feature", "geometry": {"type": "Point", "coordinates": [26.8233, 40.0553]}, "properties": {"name": "\u00c7anakkale", "min_label": 7.0}}, {"type": "Feature", "geometry": {"type": "Point", "coordinates": [-3.70779, 56.1431]}, "properties": {"name": "Clackmannanshire", "min_label": 10.0}}, {"type": "Feature", "geometry": {"type": "Point", "coordinates": [-4.28804, 56.2213]}, "properties": {"name": "Stirling", "min_label": 10.0}}, {"type": "Feature", "geometry": {"type": "Point", "coordinates": [-3.75831, 55.9811]}, "properties": {"name": "Falkirk", "min_label": 10.0}}, {"type": "Feature", "geometry": {"type": "Point", "coordinates": [-3.60556, 55.8947]}, "properties": {"name": "West Lothian", "min_label": 10.0}}, {"type": "Feature", "geometry": {"type": "Point", "coordinates": [-3.26452, 55.9132]}, "properties": {"name": "Edinburgh", "min_label": 10.0}}, {"type": "Feature", "geometry": {"type": "Point", "coordinates": [-3.06592, 55.8241]}, "properties": {"name": "Midlothian", "min_label": 10.0}}, {"type": "Feature", "geometry": {"type": "Point", "coordinates": [-2.7108, 55.9477]}, "properties": {"name": "East Lothian", "min_label": 10.0}}, {"type": "Feature", "geometry": {"type": "Point", "coordinates": [-1.48264, 55.0184]}, "properties": {"name": "North Tyneside", "min_label": 10.0}}, {"type": "Feature", "geometry": {"type": "Point", "coordinates": [-1.44209, 54.9526]}, "properties": {"name": "South Tyneside", "min_label": 10.0}}, {"type": "Feature", "geometry": {"type": "Point", "coordinates": [-1.46175, 54.8617]}, "properties": {"name": "Sunderland", "min_label": 10.0}}, {"type": "Feature", "geometry": {"type": "Point", "coordinates": [-1.79965, 54.6955]}, "properties": {"name": "Durham", "min_label": 10.0}}, {"type": "Feature", "geometry": {"type": "Point", "coordinates": [-1.27662, 54.6625]}, "properties": {"name": "Hartlepool", "min_label": 10.0}}, {"type": "Feature", "geometry": {"type": "Point", "coordinates": [-0.999287, 54.5485]}, "properties": {"name": "Redcar and Cleveland", "min_label": 10.0}}, {"type": "Feature", "geometry": {"type": "Point", "coordinates": [-1.37567, 54.2158]}, "properties": {"name": "North Yorkshire", "min_label": 10.0}}, {"type": "Feature", "geometry": {"type": "Point", "coordinates": [-0.480224, 53.9047]}, "properties": {"name": "East Riding of Yorkshire", "min_label": 10.0}}, {"type": "Feature", "geometry": {"type": "Point", "coordinates": [-0.372646, 53.7577]}, "properties": {"name": "Kingston upon Hull", "min_label": 10.0}}, {"type": "Feature", "geometry": {"type": "Point", "coordinates": [-0.570942, 53.5741]}, "properties": {"name": "North Lincolnshire", "min_label": 10.0}}, {"type": "Feature", "geometry": {"type": "Point", "coordinates": [-0.130193, 53.5168]}, "properties": {"name": "North East Lincolnshire", "min_label": 10.0}}, {"type": "Feature", "geometry": {"type": "Point", "coordinates": [-0.222474, 53.1152]}, "properties": {"name": "Lincolnshire", "min_label": 10.0}}, {"type": "Feature", "geometry": {"type": "Point", "coordinates": [0.953164, 52.6602]}, "properties": {"name": "Norfolk", "min_label": 10.0}}, {"type": "Feature", "geometry": {"type": "Point", "coordinates": [1.06039, 52.159]}, "properties": {"name": "Suffolk", "min_label": 10.0}}, {"type": "Feature", "geometry": {"type": "Point", "coordinates": [0.495656, 51.7709]}, "properties": {"name": "Essex", "min_label": 10.0}}, {"type": "Feature", "geometry": {"type": "Point", "coordinates": [0.73146, 51.5498]}, "properties": {"name": "Southend-on-Sea", "min_label": 10.0}}, {"type": "Feature", "geometry": {"type": "Point", "coordinates": [0.381907, 51.503]}, "properties": {"name": "Thurrock", "min_label": 10.0}}, {"type": "Feature", "geometry": {"type": "Point", "coordinates": [0.718915, 51.1979]}, "properties": {"name": "Kent", "min_label": 10.0}}, {"type": "Feature", "geometry": {"type": "Point", "coordinates": [0.584221, 51.3541]}, "properties": {"name": "Medway", "min_label": 10.0}}, {"type": "Feature", "geometry": {"type": "Point", "coordinates": [0.372063, 50.9537]}, "properties": {"name": "East Sussex", "min_label": 10.0}}, {"type": "Feature", "geometry": {"type": "Point", "coordinates": [-0.1065, 50.8421]}, "properties": {"name": "Brighton and Hove", "min_label": 10.0}}, {"type": "Feature", "geometry": {"type": "Point", "coordinates": [-0.457938, 50.9489]}, "properties": {"name": "West Sussex", "min_label": 10.0}}, {"type": "Feature", "geometry": {"type": "Point", "coordinates": [-1.23817, 51.1286]}, "properties": {"name": "Hampshire", "min_label": 10.0}}, {"type": "Feature", "geometry": {"type": "Point", "coordinates": [-0.979793, 50.8032]}, "properties": {"name": "Portsmouth", "min_label": 10.0}}, {"type": "Feature", "geometry": {"type": "Point", "coordinates": [-1.3776, 50.9158]}, "properties": {"name": "Southampton", "min_label": 10.0}}, {"type": "Feature", "geometry": {"type": "Point", "coordinates": [-2.31103, 50.8569]}, "properties": {"name": "Dorset", "min_label": 10.0}}, {"type": "Feature", "geometry": {"type": "Point", "coordinates": [-1.86297, 50.7378]}, "properties": {"name": "Bournemouth", "min_label": 10.0}}, {"type": "Feature", "geometry": {"type": "Point", "coordinates": [-1.96155, 50.7427]}, "properties": {"name": "Poole", "min_label": 10.0}}, {"type": "Feature", "geometry": {"type": "Point", "coordinates": [-3.85842, 50.8008]}, "properties": {"name": "Devon", "min_label": 10.0}}, {"type": "Feature", "geometry": {"type": "Point", "coordinates": [-3.56802, 50.4496]}, "properties": {"name": "Torbay", "min_label": 10.0}}, {"type": "Feature", "geometry": {"type": "Point", "coordinates": [-4.11254, 50.3951]}, "properties": {"name": "Plymouth", "min_label": 10.0}}, {"type": "Feature", "geometry": {"type": "Point", "coordinates": [-4.75267, 50.4407]}, "properties": {"name": "Cornwall", "min_label": 10.0}}, {"type": "Feature", "geometry": {"type": "Point", "coordinates": [-3.03172, 51.0339]}, "properties": {"name": "Somerset", "min_label": 10.0}}, {"type": "Feature", "geometry": {"type": "Point", "coordinates": [-2.79158, 51.4109]}, "properties": {"name": "North Somerset", "min_label": 10.0}}, {"type": "Feature", "geometry": {"type": "Point", "coordinates": [-2.60107, 51.4624]}, "properties": {"name": "Bristol", "min_label": 10.0}}, {"type": "Feature", "geometry": {"type": "Point", "coordinates": [-2.462, 51.5239]}, "properties": {"name": "South Gloucestershire", "min_label": 10.0}}, {"type": "Feature", "geometry": {"type": "Point", "coordinates": [-2.94989, 51.5866]}, "properties": {"name": "Newport", "min_label": 10.0}}, {"type": "Feature", "geometry": {"type": "Point", "coordinates": [-3.1785, 51.5049]}, "properties": {"name": "Cardiff", "min_label": 10.0}}, {"type": "Feature", "geometry": {"type": "Point", "coordinates": [-3.36772, 51.4474]}, "properties": {"name": "Vale of Glamorgan", "min_label": 10.0}}, {"type": "Feature", "geometry": {"type": "Point", "coordinates": [-3.60687, 51.5414]}, "properties": {"name": "Bridgend", "min_label": 10.0}}, {"type": "Feature", "geometry": {"type": "Point", "coordinates": [-3.73935, 51.6459]}, "properties": {"name": "Neath Port Talbot", "min_label": 10.0}}, {"type": "Feature", "geometry": {"type": "Point", "coordinates": [-4.06364, 51.6203]}, "properties": {"name": "Swansea", "min_label": 10.0}}, {"type": "Feature", "geometry": {"type": "Point", "coordinates": [-4.20485, 51.8622]}, "properties": {"name": "Carmarthenshire", "min_label": 10.0}}, {"type": "Feature", "geometry": {"type": "Point", "coordinates": [-4.90281, 51.6602]}, "properties": {"name": "Pembrokeshire", "min_label": 10.0}}, {"type": "Feature", "geometry": {"type": "Point", "coordinates": [-4.17527, 52.1793]}, "properties": {"name": "Ceredigion", "min_label": 10.0}}, {"type": "Feature", "geometry": {"type": "Point", "coordinates": [-3.92029, 52.8484]}, "properties": {"name": "Gwynedd", "min_label": 10.0}}, {"type": "Feature", "geometry": {"type": "Point", "coordinates": [-3.7349, 53.1274]}, "properties": {"name": "Conwy", "min_label": 10.0}}, {"type": "Feature", "geometry": {"type": "Point", "coordinates": [-3.34024, 53.0665]}, "properties": {"name": "Denbighshire", "min_label": 10.0}}, {"type": "Feature", "geometry": {"type": "Point", "coordinates": [-3.05638, 53.3686]}, "properties": {"name": "Halton", "min_label": 10.0}}, {"type": "Feature", "geometry": {"type": "Point", "coordinates": [-2.68727, 53.331]}, "properties": {"name": "Halton", "min_label": 10.0}}, {"type": "Feature", "geometry": {"type": "Point", "coordinates": [-2.83419, 53.4145]}, "properties": {"name": "Knowsley", "min_label": 10.0}}, {"type": "Feature", "geometry": {"type": "Point", "coordinates": [-2.9327, 53.4312]}, "properties": {"name": "Liverpool", "min_label": 10.0}}, {"type": "Feature", "geometry": {"type": "Point", "coordinates": [-3.05568, 53.5647]}, "properties": {"name": "Sefton", "min_label": 10.0}}, {"type": "Feature", "geometry": {"type": "Point", "coordinates": [-2.54458, 53.8599]}, "properties": {"name": "Lancashire", "min_label": 10.0}}, {"type": "Feature", "geometry": {"type": "Point", "coordinates": [-3.00469, 53.8406]}, "properties": {"name": "Blackpool", "min_label": 10.0}}, {"type": "Feature", "geometry": {"type": "Point", "coordinates": [-4.73841, 55.2304]}, "properties": {"name": "South Ayrshire", "min_label": 10.0}}, {"type": "Feature", "geometry": {"type": "Point", "coordinates": [-4.7108, 55.7113]}, "properties": {"name": "North Ayshire", "min_label": 10.0}}, {"type": "Feature", "geometry": {"type": "Point", "coordinates": [-4.73843, 55.8983]}, "properties": {"name": "Inverclyde", "min_label": 10.0}}, {"type": "Feature", "geometry": {"type": "Point", "coordinates": [-4.55373, 55.8437]}, "properties": {"name": "Renfrewshire", "min_label": 10.0}}, {"type": "Feature", "geometry": {"type": "Point", "coordinates": [-4.47635, 55.9884]}, "properties": {"name": "West Dunbartonshire", "min_label": 10.0}}, {"type": "Feature", "geometry": {"type": "Point", "coordinates": [-5.14339, 56.2296]}, "properties": {"name": "Argyll and Bute", "min_label": 10.0}}, {"type": "Feature", "geometry": {"type": "Point", "coordinates": [-4.81247, 57.4123]}, "properties": {"name": "Highland", "min_label": 10.0}}, {"type": "Feature", "geometry": {"type": "Point", "coordinates": [-3.23013, 57.4636]}, "properties": {"name": "Moray", "min_label": 10.0}}, {"type": "Feature", "geometry": {"type": "Point", "coordinates": [-2.77785, 57.236]}, "properties": {"name": "Aberdeenshire", "min_label": 10.0}}, {"type": "Feature", "geometry": {"type": "Point", "coordinates": [-2.19814, 57.1676]}, "properties": {"name": "Aberdeen", "min_label": 10.0}}, {"type": "Feature", "geometry": {"type": "Point", "coordinates": [-2.9155, 56.7458]}, "properties": {"name": "Angus", "min_label": 10.0}}, {"type": "Feature", "geometry": {"type": "Point", "coordinates": [-2.94934, 56.4868]}, "properties": {"name": "Dundee", "min_label": 10.0}}, {"type": "Feature", "geometry": {"type": "Point", "coordinates": [-3.88225, 56.571]}, "properties": {"name": "Perthshire and Kinross", "min_label": 10.0}}, {"type": "Feature", "geometry": {"type": "Point", "coordinates": [-3.16166, 56.2201]}, "properties": {"name": "Fife", "min_label": 10.0}}, {"type": "Feature", "geometry": {"type": "Point", "coordinates": [170.516, 66.7517]}, "properties": {"name": "Chukchi Autonomous Okrug", "min_label": 4.7}}, {"type": "Feature", "geometry": {"type": "Point", "coordinates": [-15.2246, 65.4363]}, "properties": {"name": "Austurland", "min_label": 6.0}}, {"type": "Feature", "geometry": {"type": "Point", "coordinates": [-18.5336, 64.0187]}, "properties": {"name": "Su\u00f0urland", "min_label": 6.0}}, {"type": "Feature", "geometry": {"type": "Point", "coordinates": [-22.1206, 63.9429]}, "properties": {"name": "Su\u00f0urnes", "min_label": 6.0}}, {"type": "Feature", "geometry": {"type": "Point", "coordinates": [-21.8646, 64.0828]}, "properties": {"name": "Reykjav\u00edk", "min_label": 6.0}}, {"type": "Feature", "geometry": {"type": "Point", "coordinates": [-21.536, 64.2277]}, "properties": {"name": "H\u00f6fu\u00f0borgarsv\u00e6\u00f0i", "min_label": 6.0}}, {"type": "Feature", "geometry": {"type": "Point", "coordinates": [-21.357, 64.8183]}, "properties": {"name": "Vesturland", "min_label": 6.0}}, {"type": "Feature", "geometry": {"type": "Point", "coordinates": [-22.1562, 65.7068]}, "properties": {"name": "Vestfir\u00f0ir", "min_label": 6.0}}, {"type": "Feature", "geometry": {"type": "Point", "coordinates": [-19.7011, 65.1515]}, "properties": {"name": "Nor\u00f0urland vestra", "min_label": 6.0}}, {"type": "Feature", "geometry": {"type": "Point", "coordinates": [-17.1782, 65.3752]}, "properties": {"name": "Nor\u00f0urland eystra", "min_label": 6.0}}, {"type": "Feature", "geometry": {"type": "Point", "coordinates": [75.1874, 65.4117]}, "properties": {"name": "Yamal-Nenets", "min_label": 4.7}}, {"type": "Feature", "geometry": {"type": "Point", "coordinates": [56.2877, 67.8271]}, "properties": {"name": "Nenets", "min_label": 4.7}}, {"type": "Feature", "geometry": {"type": "Point", "coordinates": [-119.942, 64.0831]}, "properties": {"name": "Northwest Territories", "min_label": 2.0}}, {"type": "Feature", "geometry": {"type": "Point", "coordinates": [130.989, 65.5964]}, "properties": {"name": "Sakha (Yakutia)", "min_label": 4.7}}, {"type": "Feature", "geometry": {"type": "Point", "coordinates": [21.0871, 56.3535]}, "properties": {"name": "Nicas", "min_label": 10.0}}, {"type": "Feature", "geometry": {"type": "Point", "coordinates": [21.0399, 56.5616]}, "properties": {"name": "Liep\u0101ja", "min_label": 10.0}}, {"type": "Feature", "geometry": {"type": "Point", "coordinates": [21.2507, 56.4778]}, "properties": {"name": "Grobinas", "min_label": 10.0}}, {"type": "Feature", "geometry": {"type": "Point", "coordinates": [21.2474, 56.8115]}, "properties": {"name": "Pavilostas", "min_label": 10.0}}, {"type": "Feature", "geometry": {"type": "Point", "coordinates": [21.8185, 57.3367]}, "properties": {"name": "Ventspils", "min_label": 10.0}}, {"type": "Feature", "geometry": {"type": "Point", "coordinates": [21.5869, 57.396]}, "properties": {"name": "Ventspils", "min_label": 10.0}}, {"type": "Feature", "geometry": {"type": "Point", "coordinates": [22.4057, 57.5837]}, "properties": {"name": "Dundagas", "min_label": 10.0}}, {"type": "Feature", "geometry": {"type": "Point", "coordinates": [22.7688, 57.4888]}, "properties": {"name": "Rojas", "min_label": 10.0}}, {"type": "Feature", "geometry": {"type": "Point", "coordinates": [22.6192, 57.317]}, "properties": {"name": "Talsi", "min_label": 10.0}}, {"type": "Feature", "geometry": {"type": "Point", "coordinates": [23.0567, 57.3317]}, "properties": {"name": "Mersraga", "min_label": 10.0}}, {"type": "Feature", "geometry": {"type": "Point", "coordinates": [23.3222, 57.0017]}, "properties": {"name": "Engures", "min_label": 10.0}}, {"type": "Feature", "geometry": {"type": "Point", "coordinates": [23.7352, 56.9608]}, "properties": {"name": "Jurmala", "min_label": 10.0}}, {"type": "Feature", "geometry": {"type": "Point", "coordinates": [24.1235, 56.9878]}, "properties": {"name": "Riga", "min_label": 10.0}}, {"type": "Feature", "geometry": {"type": "Point", "coordinates": [24.2464, 57.1203]}, "properties": {"name": "Carnikavas", "min_label": 10.0}}, {"type": "Feature", "geometry": {"type": "Point", "coordinates": [24.4305, 57.2552]}, "properties": {"name": "Saulkrastu", "min_label": 10.0}}, {"type": "Feature", "geometry": {"type": "Point", "coordinates": [24.6925, 57.5879]}, "properties": {"name": "Limba\u017ei", "min_label": 10.0}}, {"type": "Feature", "geometry": {"type": "Point", "coordinates": [23.2541, 59.0075]}, "properties": {"name": "L\u00e4\u00e4ne", "min_label": 7.0}}, {"type": "Feature", "geometry": {"type": "Point", "coordinates": [25.1734, 59.3206]}, "properties": {"name": "Harju", "min_label": 7.0}}, {"type": "Feature", "geometry": {"type": "Point", "coordinates": [26.3773, 59.229]}, "properties": {"name": "L\u00e4\u00e4ne-Viru", "min_label": 7.0}}, {"type": "Feature", "geometry": {"type": "Point", "coordinates": [30.2901, 59.8064]}, "properties": {"name": "City of St. Petersburg", "min_label": 4.7}}, {"type": "Feature", "geometry": {"type": "Point", "coordinates": [24.8475, 60.4179]}, "properties": {"name": "Uusimaa", "min_label": 6.7}}, {"type": "Feature", "geometry": {"type": "Point", "coordinates": [22.7128, 60.6134]}, "properties": {"name": "Finland Proper", "min_label": 6.7}}, {"type": "Feature", "geometry": {"type": "Point", "coordinates": [22.1012, 61.4773]}, "properties": {"name": "Satakunta", "min_label": 6.7}}, {"type": "Feature", "geometry": {"type": "Point", "coordinates": [22.1482, 63.0354]}, "properties": {"name": "Ostrobothnia", "min_label": 6.7}}, {"type": "Feature", "geometry": {"type": "Point", "coordinates": [24.0097, 63.6751]}, "properties": {"name": "Central Ostrobothnia", "min_label": 6.7}}, {"type": "Feature", "geometry": {"type": "Point", "coordinates": [17.3697, 62.9145]}, "properties": {"name": "V\u00e4sternorrland", "min_label": 6.7}}, {"type": "Feature", "geometry": {"type": "Point", "coordinates": [16.5023, 61.3691]}, "properties": {"name": "G\u00e4vleborg", "min_label": 6.7}}, {"type": "Feature", "geometry": {"type": "Point", "coordinates": [17.7896, 60.1522]}, "properties": {"name": "Uppsala", "min_label": 6.7}}, {"type": "Feature", "geometry": {"type": "Point", "coordinates": [17.8652, 59.3659]}, "properties": {"name": "Stockholm", "min_label": 6.7}}, {"type": "Feature", "geometry": {"type": "Point", "coordinates": [16.6334, 59.0778]}, "properties": {"name": "S\u00f6dermanland", "min_label": 6.7}}, {"type": "Feature", "geometry": {"type": "Point", "coordinates": [15.7022, 58.3655]}, "properties": {"name": "\u00d6sterg\u00f6tland", "min_label": 6.7}}, {"type": "Feature", "geometry": {"type": "Point", "coordinates": [16.0875, 57.2764]}, "properties": {"name": "Kalmar", "min_label": 6.7}}, {"type": "Feature", "geometry": {"type": "Point", "coordinates": [15.2163, 56.2929]}, "properties": {"name": "Blekinge", "min_label": 6.7}}, {"type": "Feature", "geometry": {"type": "Point", "coordinates": [13.5193, 55.9073]}, "properties": {"name": "Sk\u00e5ne", "min_label": 6.7}}, {"type": "Feature", "geometry": {"type": "Point", "coordinates": [12.8007, 56.9745]}, "properties": {"name": "Halland", "min_label": 6.7}}, {"type": "Feature", "geometry": {"type": "Point", "coordinates": [10.6419, 60.0237]}, "properties": {"name": "Oslo", "min_label": 6.7}}, {"type": "Feature", "geometry": {"type": "Point", "coordinates": [9.04573, 60.4253]}, "properties": {"name": "Buskerud", "min_label": 6.7}}, {"type": "Feature", "geometry": {"type": "Point", "coordinates": [10.1269, 59.3146]}, "properties": {"name": "Vestfold", "min_label": 6.7}}, {"type": "Feature", "geometry": {"type": "Point", "coordinates": [8.48804, 59.5476]}, "properties": {"name": "Telemark", "min_label": 6.7}}, {"type": "Feature", "geometry": {"type": "Point", "coordinates": [8.14878, 58.6698]}, "properties": {"name": "Aust-Agder", "min_label": 6.7}}, {"type": "Feature", "geometry": {"type": "Point", "coordinates": [7.30897, 58.4481]}, "properties": {"name": "Vest-Agder", "min_label": 6.7}}, {"type": "Feature", "geometry": {"type": "Point", "coordinates": [6.41809, 59.1585]}, "properties": {"name": "Rogaland", "min_label": 6.7}}, {"type": "Feature", "geometry": {"type": "Point", "coordinates": [6.89657, 60.1134]}, "properties": {"name": "Hordaland", "min_label": 6.7}}, {"type": "Feature", "geometry": {"type": "Point", "coordinates": [6.43282, 61.5538]}, "properties": {"name": "Sogn og Fjordane", "min_label": 6.7}}, {"type": "Feature", "geometry": {"type": "Point", "coordinates": [8.35107, 62.5471]}, "properties": {"name": "M\u00f8re og Romsdal", "min_label": 6.7}}, {"type": "Feature", "geometry": {"type": "Point", "coordinates": [40.8691, 40.9466]}, "properties": {"name": "Rize", "min_label": 7.0}}, {"type": "Feature", "geometry": {"type": "Point", "coordinates": [39.8034, 40.7988]}, "properties": {"name": "Trabzon", "min_label": 7.0}}, {"type": "Feature", "geometry": {"type": "Point", "coordinates": [38.6055, 40.5379]}, "properties": {"name": "Giresun", "min_label": 7.0}}, {"type": "Feature", "geometry": {"type": "Point", "coordinates": [37.4229, 40.8376]}, "properties": {"name": "Ordu", "min_label": 7.0}}, {"type": "Feature", "geometry": {"type": "Point", "coordinates": [36.0198, 41.2761]}, "properties": {"name": "Samsun", "min_label": 7.0}}, {"type": "Feature", "geometry": {"type": "Point", "coordinates": [34.8226, 41.5894]}, "properties": {"name": "Sinop", "min_label": 7.0}}, {"type": "Feature", "geometry": {"type": "Point", "coordinates": [33.6356, 41.5114]}, "properties": {"name": "Kastamonu", "min_label": 7.0}}, {"type": "Feature", "geometry": {"type": "Point", "coordinates": [32.4688, 41.5857]}, "properties": {"name": "Bart\u0131n", "min_label": 7.0}}, {"type": "Feature", "geometry": {"type": "Point", "coordinates": [31.8206, 41.2481]}, "properties": {"name": "Zinguldak", "min_label": 7.0}}, {"type": "Feature", "geometry": {"type": "Point", "coordinates": [31.3231, 40.8631]}, "properties": {"name": "D\u00fczce", "min_label": 7.0}}, {"type": "Feature", "geometry": {"type": "Point", "coordinates": [30.4439, 40.6596]}, "properties": {"name": "Sakarya", "min_label": 7.0}}, {"type": "Feature", "geometry": {"type": "Point", "coordinates": [29.9396, 40.9008]}, "properties": {"name": "Kocaeli", "min_label": 7.0}}, {"type": "Feature", "geometry": {"type": "Point", "coordinates": [29.2036, 40.6154]}, "properties": {"name": "Yalova", "min_label": 7.0}}, {"type": "Feature", "geometry": {"type": "Point", "coordinates": [29.0593, 40.1314]}, "properties": {"name": "Bursa", "min_label": 7.0}}, {"type": "Feature", "geometry": {"type": "Point", "coordinates": [27.8355, 39.7193]}, "properties": {"name": "Balikesir", "min_label": 7.0}}, {"type": "Feature", "geometry": {"type": "Point", "coordinates": [27.3977, 38.2426]}, "properties": {"name": "Izmir", "min_label": 7.0}}, {"type": "Feature", "geometry": {"type": "Point", "coordinates": [27.9573, 37.7292]}, "properties": {"name": "Aydin", "min_label": 7.0}}, {"type": "Feature", "geometry": {"type": "Point", "coordinates": [28.6482, 37.0501]}, "properties": {"name": "Mugla", "min_label": 7.0}}, {"type": "Feature", "geometry": {"type": "Point", "coordinates": [30.9564, 37.1141]}, "properties": {"name": "Antalya", "min_label": 7.0}}, {"type": "Feature", "geometry": {"type": "Point", "coordinates": [33.8268, 36.6614]}, "properties": {"name": "Mersin", "min_label": 7.0}}, {"type": "Feature", "geometry": {"type": "Point", "coordinates": [35.7555, 37.4006]}, "properties": {"name": "Adana", "min_label": 7.0}}, {"type": "Feature", "geometry": {"type": "Point", "coordinates": [35.6942, 33.9291]}, "properties": {"name": "Mount Lebanon", "min_label": 8.7}}, {"type": "Feature", "geometry": {"type": "Point", "coordinates": [35.5093, 33.8849]}, "properties": {"name": "Beirut", "min_label": 8.7}}, {"type": "Feature", "geometry": {"type": "Point", "coordinates": [41.9939, 63.3132]}, "properties": {"name": "Arkhangel'sk", "min_label": 4.7}}, {"type": "Feature", "geometry": {"type": "Point", "coordinates": [95.2029, 65.5602]}, "properties": {"name": "Krasnoyarsk", "min_label": 4.7}}, {"type": "Feature", "geometry": {"type": "Point", "coordinates": [24.1925, 40.2922]}, "properties": {"name": "Ayion Oros", "min_label": 7.7}}, {"type": "Feature", "geometry": {"type": "Point", "coordinates": [22.1914, 39.5322]}, "properties": {"name": "Thessalia", "min_label": 7.7}}, {"type": "Feature", "geometry": {"type": "Point", "coordinates": [22.6102, 38.6373]}, "properties": {"name": "Stere\u00e1 Ell\u00e1da", "min_label": 7.7}}, {"type": "Feature", "geometry": {"type": "Point", "coordinates": [23.7997, 38.0626]}, "properties": {"name": "Attiki", "min_label": 7.7}}, {"type": "Feature", "geometry": {"type": "Point", "coordinates": [22.3501, 37.3319]}, "properties": {"name": "Peloponnisos", "min_label": 7.7}}, {"type": "Feature", "geometry": {"type": "Point", "coordinates": [21.7273, 38.0299]}, "properties": {"name": "Dytiki Ellada", "min_label": 7.7}}, {"type": "Feature", "geometry": {"type": "Point", "coordinates": [19.6047, 40.8112]}, "properties": {"name": "Fier", "min_label": 9.0}}, {"type": "Feature", "geometry": {"type": "Point", "coordinates": [19.8383, 41.1326]}, "properties": {"name": "Tiran\u00eb", "min_label": 9.0}}, {"type": "Feature", "geometry": {"type": "Point", "coordinates": [19.6522, 41.5152]}, "properties": {"name": "Durr\u00ebs", "min_label": 9.0}}, {"type": "Feature", "geometry": {"type": "Point", "coordinates": [19.8649, 41.824]}, "properties": {"name": "Lezh\u00eb", "min_label": 9.0}}, {"type": "Feature", "geometry": {"type": "Point", "coordinates": [18.8929, 42.3039]}, "properties": {"name": "Budva", "min_label": 10.0}}, {"type": "Feature", "geometry": {"type": "Point", "coordinates": [18.6898, 42.3897]}, "properties": {"name": "Tivat", "min_label": 10.0}}, {"type": "Feature", "geometry": {"type": "Point", "coordinates": [16.0356, 43.7911]}, "properties": {"name": "\u0160ibensko-Kninska", "min_label": 9.0}}, {"type": "Feature", "geometry": {"type": "Point", "coordinates": [15.2031, 44.7521]}, "properties": {"name": "Licko-Senjska", "min_label": 9.0}}, {"type": "Feature", "geometry": {"type": "Point", "coordinates": [13.643, 45.5153]}, "properties": {"name": "Izola", "min_label": 11.0}}, {"type": "Feature", "geometry": {"type": "Point", "coordinates": [12.1647, 45.4591]}, "properties": {"name": "Venezia", "min_label": 9.0}}, {"type": "Feature", "geometry": {"type": "Point", "coordinates": [11.8371, 45.361]}, "properties": {"name": "Padova", "min_label": 9.0}}, {"type": "Feature", "geometry": {"type": "Point", "coordinates": [11.8695, 45.0532]}, "properties": {"name": "Rovigo", "min_label": 9.0}}, {"type": "Feature", "geometry": {"type": "Point", "coordinates": [11.9305, 44.773]}, "properties": {"name": "Ferrara", "min_label": 9.0}}, {"type": "Feature", "geometry": {"type": "Point", "coordinates": [12.0852, 44.4235]}, "properties": {"name": "Ravenna", "min_label": 9.0}}, {"type": "Feature", "geometry": {"type": "Point", "coordinates": [12.0795, 44.0569]}, "properties": {"name": "Forl\u00ec-Cesena", "min_label": 9.0}}, {"type": "Feature", "geometry": {"type": "Point", "coordinates": [13.1128, 43.5383]}, "properties": {"name": "Ancona", "min_label": 9.0}}, {"type": "Feature", "geometry": {"type": "Point", "coordinates": [13.2195, 43.1918]}, "properties": {"name": "Macerata", "min_label": 9.0}}, {"type": "Feature", "geometry": {"type": "Point", "coordinates": [13.6263, 43.1231]}, "properties": {"name": "Fermo", "min_label": 9.0}}, {"type": "Feature", "geometry": {"type": "Point", "coordinates": [13.5862, 42.9054]}, "properties": {"name": "Ascoli Piceno", "min_label": 9.0}}, {"type": "Feature", "geometry": {"type": "Point", "coordinates": [13.7294, 42.6705]}, "properties": {"name": "Teramo", "min_label": 9.0}}, {"type": "Feature", "geometry": {"type": "Point", "coordinates": [13.8877, 42.3126]}, "properties": {"name": "Pescara", "min_label": 9.0}}, {"type": "Feature", "geometry": {"type": "Point", "coordinates": [14.3997, 42.1033]}, "properties": {"name": "Chieti", "min_label": 9.0}}, {"type": "Feature", "geometry": {"type": "Point", "coordinates": [14.7413, 41.6425]}, "properties": {"name": "Campobasso", "min_label": 9.0}}, {"type": "Feature", "geometry": {"type": "Point", "coordinates": [15.5111, 41.5476]}, "properties": {"name": "Foggia", "min_label": 9.0}}, {"type": "Feature", "geometry": {"type": "Point", "coordinates": [16.1413, 41.1638]}, "properties": {"name": "Barletta-Andria Trani", "min_label": 9.0}}, {"type": "Feature", "geometry": {"type": "Point", "coordinates": [16.7706, 40.928]}, "properties": {"name": "Bari", "min_label": 9.0}}, {"type": "Feature", "geometry": {"type": "Point", "coordinates": [17.711, 40.6195]}, "properties": {"name": "Brindisi", "min_label": 9.0}}, {"type": "Feature", "geometry": {"type": "Point", "coordinates": [18.2094, 40.167]}, "properties": {"name": "Lecce", "min_label": 9.0}}, {"type": "Feature", "geometry": {"type": "Point", "coordinates": [17.1095, 40.6081]}, "properties": {"name": "Taranto", "min_label": 9.0}}, {"type": "Feature", "geometry": {"type": "Point", "coordinates": [16.4876, 40.4533]}, "properties": {"name": "Matera", "min_label": 9.0}}, {"type": "Feature", "geometry": {"type": "Point", "coordinates": [16.3123, 39.5555]}, "properties": {"name": "Cosenza", "min_label": 9.0}}, {"type": "Feature", "geometry": {"type": "Point", "coordinates": [16.9491, 39.1644]}, "properties": {"name": "Crotene", "min_label": 9.0}}, {"type": "Feature", "geometry": {"type": "Point", "coordinates": [16.4736, 38.878]}, "properties": {"name": "Catanzaro", "min_label": 9.0}}, {"type": "Feature", "geometry": {"type": "Point", "coordinates": [16.0152, 38.2363]}, "properties": {"name": "Reggio Calabria", "min_label": 9.0}}, {"type": "Feature", "geometry": {"type": "Point", "coordinates": [16.1928, 38.6431]}, "properties": {"name": "Vibo Valentia", "min_label": 9.0}}, {"type": "Feature", "geometry": {"type": "Point", "coordinates": [15.9408, 40.3331]}, "properties": {"name": "Potenza", "min_label": 9.0}}, {"type": "Feature", "geometry": {"type": "Point", "coordinates": [15.2189, 40.4362]}, "properties": {"name": "Salerno", "min_label": 9.0}}, {"type": "Feature", "geometry": {"type": "Point", "coordinates": [14.4226, 40.8773]}, "properties": {"name": "Napoli", "min_label": 9.0}}, {"type": "Feature", "geometry": {"type": "Point", "coordinates": [14.1425, 41.2156]}, "properties": {"name": "Caserta", "min_label": 9.0}}, {"type": "Feature", "geometry": {"type": "Point", "coordinates": [13.0878, 41.3815]}, "properties": {"name": "Latina", "min_label": 9.0}}, {"type": "Feature", "geometry": {"type": "Point", "coordinates": [12.7308, 41.965]}, "properties": {"name": "Roma", "min_label": 9.0}}, {"type": "Feature", "geometry": {"type": "Point", "coordinates": [11.9706, 42.4299]}, "properties": {"name": "Viterbo", "min_label": 9.0}}, {"type": "Feature", "geometry": {"type": "Point", "coordinates": [11.2046, 42.8194]}, "properties": {"name": "Grosseto", "min_label": 9.0}}, {"type": "Feature", "geometry": {"type": "Point", "coordinates": [10.6186, 43.0601]}, "properties": {"name": "Livorno", "min_label": 9.0}}, {"type": "Feature", "geometry": {"type": "Point", "coordinates": [10.6759, 43.5528]}, "properties": {"name": "Pisa", "min_label": 9.0}}, {"type": "Feature", "geometry": {"type": "Point", "coordinates": [10.4525, 43.9882]}, "properties": {"name": "Lucca", "min_label": 9.0}}, {"type": "Feature", "geometry": {"type": "Point", "coordinates": [10.0285, 44.2345]}, "properties": {"name": "Massa-Carrara", "min_label": 9.0}}, {"type": "Feature", "geometry": {"type": "Point", "coordinates": [9.69322, 44.2108]}, "properties": {"name": "La Spezia", "min_label": 9.0}}, {"type": "Feature", "geometry": {"type": "Point", "coordinates": [9.15064, 44.4675]}, "properties": {"name": "Genova", "min_label": 9.0}}, {"type": "Feature", "geometry": {"type": "Point", "coordinates": [8.28916, 44.2864]}, "properties": {"name": "Savona", "min_label": 9.0}}, {"type": "Feature", "geometry": {"type": "Point", "coordinates": [6.27103, 43.4095]}, "properties": {"name": "Var", "min_label": 8.0}}, {"type": "Feature", "geometry": {"type": "Point", "coordinates": [5.40444, 43.5324]}, "properties": {"name": "Bouches-du-Rh\u00f4ne", "min_label": 8.0}}, {"type": "Feature", "geometry": {"type": "Point", "coordinates": [4.18939, 43.9914]}, "properties": {"name": "Gard", "min_label": 8.0}}, {"type": "Feature", "geometry": {"type": "Point", "coordinates": [3.27316, 43.5524]}, "properties": {"name": "H\u00e9rault", "min_label": 8.0}}, {"type": "Feature", "geometry": {"type": "Point", "coordinates": [2.48157, 43.1004]}, "properties": {"name": "Aude", "min_label": 8.0}}, {"type": "Feature", "geometry": {"type": "Point", "coordinates": [2.00777, 41.6575]}, "properties": {"name": "Barcelona", "min_label": 7.7}}, {"type": "Feature", "geometry": {"type": "Point", "coordinates": [0.873012, 41.1476]}, "properties": {"name": "Tarragona", "min_label": 7.7}}, {"type": "Feature", "geometry": {"type": "Point", "coordinates": [-0.0975114, 40.222]}, "properties": {"name": "Castell\u00f3n", "min_label": 7.7}}, {"type": "Feature", "geometry": {"type": "Point", "coordinates": [-0.712245, 39.3003]}, "properties": {"name": "Valencia", "min_label": 7.7}}, {"type": "Feature", "geometry": {"type": "Point", "coordinates": [-0.533879, 38.5418]}, "properties": {"name": "Alicante", "min_label": 7.7}}, {"type": "Feature", "geometry": {"type": "Point", "coordinates": [-1.45758, 37.9136]}, "properties": {"name": "Murcia", "min_label": 7.7}}, {"type": "Feature", "geometry": {"type": "Point", "coordinates": [-2.22473, 37.1563]}, "properties": {"name": "Almer\u00eda", "min_label": 7.7}}, {"type": "Feature", "geometry": {"type": "Point", "coordinates": [-3.2411, 37.2665]}, "properties": {"name": "Granada", "min_label": 7.7}}, {"type": "Feature", "geometry": {"type": "Point", "coordinates": [-4.68606, 36.838]}, "properties": {"name": "M\u00e1laga", "min_label": 7.7}}, {"type": "Feature", "geometry": {"type": "Point", "coordinates": [-5.73917, 37.438]}, "properties": {"name": "Sevilla", "min_label": 7.7}}, {"type": "Feature", "geometry": {"type": "Point", "coordinates": [-8.57318, 38.2071]}, "properties": {"name": "Set\u00fabal", "min_label": 7.7}}, {"type": "Feature", "geometry": {"type": "Point", "coordinates": [-9.13397, 38.9835]}, "properties": {"name": "Lisboa", "min_label": 7.7}}, {"type": "Feature", "geometry": {"type": "Point", "coordinates": [-8.40378, 39.291]}, "properties": {"name": "Santar\u00e9m", "min_label": 7.7}}, {"type": "Feature", "geometry": {"type": "Point", "coordinates": [-8.75857, 39.7583]}, "properties": {"name": "Leiria", "min_label": 7.7}}, {"type": "Feature", "geometry": {"type": "Point", "coordinates": [-8.32193, 40.1645]}, "properties": {"name": "Coimbra", "min_label": 7.7}}, {"type": "Feature", "geometry": {"type": "Point", "coordinates": [-8.4394, 40.6738]}, "properties": {"name": "Aveiro", "min_label": 7.7}}, {"type": "Feature", "geometry": {"type": "Point", "coordinates": [-8.33114, 41.2118]}, "properties": {"name": "Porto", "min_label": 7.7}}, {"type": "Feature", "geometry": {"type": "Point", "coordinates": [-8.39736, 43.1026]}, "properties": {"name": "La Coru\u00f1a", "min_label": 7.7}}, {"type": "Feature", "geometry": {"type": "Point", "coordinates": [-7.44266, 42.9467]}, "properties": {"name": "Lugo", "min_label": 7.7}}, {"type": "Feature", "geometry": {"type": "Point", "coordinates": [-5.84196, 43.3261]}, "properties": {"name": "Asturias", "min_label": 7.7}}, {"type": "Feature", "geometry": {"type": "Point", "coordinates": [-4.02085, 43.2182]}, "properties": {"name": "Cantabria", "min_label": 7.7}}, {"type": "Feature", "geometry": {"type": "Point", "coordinates": [-2.7953, 43.2392]}, "properties": {"name": "Bizkaia", "min_label": 7.7}}, {"type": "Feature", "geometry": {"type": "Point", "coordinates": [-0.792307, 43.9644]}, "properties": {"name": "Landes", "min_label": 8.0}}, {"type": "Feature", "geometry": {"type": "Point", "coordinates": [-0.515546, 44.7339]}, "properties": {"name": "Gironde", "min_label": 8.0}}, {"type": "Feature", "geometry": {"type": "Point", "coordinates": [-0.714301, 45.8441]}, "properties": {"name": "Charente-Maritime", "min_label": 8.0}}, {"type": "Feature", "geometry": {"type": "Point", "coordinates": [-1.31827, 46.6893]}, "properties": {"name": "Vend\u00e9e", "min_label": 8.0}}, {"type": "Feature", "geometry": {"type": "Point", "coordinates": [-1.6025, 47.3637]}, "properties": {"name": "Loire-Atlantique", "min_label": 8.0}}, {"type": "Feature", "geometry": {"type": "Point", "coordinates": [-2.89359, 47.8699]}, "properties": {"name": "Morbihan", "min_label": 8.0}}, {"type": "Feature", "geometry": {"type": "Point", "coordinates": [-3.92644, 48.3309]}, "properties": {"name": "Finist\u00e8re", "min_label": 8.0}}, {"type": "Feature", "geometry": {"type": "Point", "coordinates": [-2.93239, 48.4383]}, "properties": {"name": "C\u00f4tes-d'Armor", "min_label": 8.0}}, {"type": "Feature", "geometry": {"type": "Point", "coordinates": [-1.65623, 48.1428]}, "properties": {"name": "Ille-et-Vilaine", "min_label": 8.0}}, {"type": "Feature", "geometry": {"type": "Point", "coordinates": [-1.34727, 49.1637]}, "properties": {"name": "Manche", "min_label": 8.0}}, {"type": "Feature", "geometry": {"type": "Point", "coordinates": [-0.288724, 49.0601]}, "properties": {"name": "Calvados", "min_label": 8.0}}, {"type": "Feature", "geometry": {"type": "Point", "coordinates": [0.92951, 49.0414]}, "properties": {"name": "Eure", "min_label": 8.0}}, {"type": "Feature", "geometry": {"type": "Point", "coordinates": [1.1513, 49.5936]}, "properties": {"name": "Seine-Maritime", "min_label": 8.0}}, {"type": "Feature", "geometry": {"type": "Point", "coordinates": [2.36029, 49.8757]}, "properties": {"name": "Somme", "min_label": 8.0}}, {"type": "Feature", "geometry": {"type": "Point", "coordinates": [2.3614, 50.4661]}, "properties": {"name": "Pas-de-Calais", "min_label": 8.0}}, {"type": "Feature", "geometry": {"type": "Point", "coordinates": [4.52252, 52.0075]}, "properties": {"name": "Zuid-Holland", "min_label": 8.0}}, {"type": "Feature", "geometry": {"type": "Point", "coordinates": [4.89736, 52.5748]}, "properties": {"name": "Noord-Holland", "min_label": 8.0}}, {"type": "Feature", "geometry": {"type": "Point", "coordinates": [5.77345, 53.0792]}, "properties": {"name": "Friesland", "min_label": 8.0}}, {"type": "Feature", "geometry": {"type": "Point", "coordinates": [8.74299, 53.1211]}, "properties": {"name": "Bremen", "min_label": 6.6}}, {"type": "Feature", "geometry": {"type": "Point", "coordinates": [10.0344, 53.559]}, "properties": {"name": "Hamburg", "min_label": 6.6}}, {"type": "Feature", "geometry": {"type": "Point", "coordinates": [9.26862, 56.2367]}, "properties": {"name": "Midtjylland", "min_label": 7.7}}, {"type": "Feature", "geometry": {"type": "Point", "coordinates": [9.73299, 56.8261]}, "properties": {"name": "Nordjylland", "min_label": 7.7}}, {"type": "Feature", "geometry": {"type": "Point", "coordinates": [-44.037, 64.0596]}, "properties": {"name": "Kommuneqarfik Sermersooq", "min_label": 8.0}}, {"type": "Feature", "geometry": {"type": "Point", "coordinates": [-33.4567, 77.0582]}, "properties": {"name": "Nationalparken", "min_label": 8.0}}, {"type": "Feature", "geometry": {"type": "Point", "coordinates": [-49.3311, 74.5573]}, "properties": {"name": "Qaasuitsup Kommunia", "min_label": 8.0}}, {"type": "Feature", "geometry": {"type": "Point", "coordinates": [-68.3611, 76.4432]}, "properties": {"name": "Pituffik", "min_label": 8.0}}, {"type": "Feature", "geometry": {"type": "Point", "coordinates": [-47.3782, 66.5487]}, "properties": {"name": "Qeqqata Kommunia", "min_label": 8.0}}, {"type": "Feature", "geometry": {"type": "Point", "coordinates": [-44.296, 61.5451]}, "properties": {"name": "Kommune Kujalleq", "min_label": 8.0}}, {"type": "Feature", "geometry": {"type": "Point", "coordinates": [-130.102, -25.0707]}, "properties": {"name": "Pitcairn Islands", "min_label": 18.0}}, {"type": "Feature", "geometry": {"type": "Point", "coordinates": [-143.144, -16.7377]}, "properties": {"name": "Tuamotu-Gambier", "min_label": 11.0}}, {"type": "Feature", "geometry": {"type": "Point", "coordinates": [-149.519, -17.7462]}, "properties": {"name": "Windward Islands", "min_label": 11.0}}, {"type": "Feature", "geometry": {"type": "Point", "coordinates": [42.7449, -17.0638]}, "properties": {"name": "Iles Eparses de l'ocean Indien", "min_label": 11.0}}, {"type": "Feature", "geometry": {"type": "Point", "coordinates": [-151.495, -16.6692]}, "properties": {"name": "Leeward Islands", "min_label": 11.0}}, {"type": "Feature", "geometry": {"type": "Point", "coordinates": [46.4946, -9.73919]}, "properties": {"name": "Outer Islands", "min_label": 11.0}}, {"type": "Feature", "geometry": {"type": "Point", "coordinates": [55.8393, -4.35949]}, "properties": {"name": "La Digue and Inner Islands", "min_label": 11.0}}, {"type": "Feature", "geometry": {"type": "Point", "coordinates": [169.546, -0.857764]}, "properties": {"name": "Kiribati", "min_label": 18.0}}, {"type": "Feature", "geometry": {"type": "Point", "coordinates": [168.959, 7.59556]}, "properties": {"name": "Railik Chain", "min_label": 11.0}}, {"type": "Feature", "geometry": {"type": "Point", "coordinates": [170.243, 9.45915]}, "properties": {"name": "Ratak Chain", "min_label": 11.0}}, {"type": "Feature", "geometry": {"type": "Point", "coordinates": [72.7811, 11.2249]}, "properties": {"name": "Lakshadweep", "min_label": 4.6}}, {"type": "Feature", "geometry": {"type": "Point", "coordinates": [-63.9689, 10.9719]}, "properties": {"name": "Nueva Esparta", "min_label": 6.7}}, {"type": "Feature", "geometry": {"type": "Point", "coordinates": [-61.3254, 10.6903]}, "properties": {"name": "Tunapuna/Piarco", "min_label": 10.0}}, {"type": "Feature", "geometry": {"type": "Point", "coordinates": [-61.4498, 10.613]}, "properties": {"name": "San Juan-Laventille", "min_label": 10.0}}, {"type": "Feature", "geometry": {"type": "Point", "coordinates": [-61.5778, 10.7128]}, "properties": {"name": "Diego Martin", "min_label": 10.0}}, {"type": "Feature", "geometry": {"type": "Point", "coordinates": [-61.5204, 10.6647]}, "properties": {"name": "Port of Spain", "min_label": 10.0}}, {"type": "Feature", "geometry": {"type": "Point", "coordinates": [-61.4134, 10.5359]}, "properties": {"name": "Chaguanas", "min_label": 10.0}}, {"type": "Feature", "geometry": {"type": "Point", "coordinates": [-61.3425, 10.4519]}, "properties": {"name": "Couva-Tabaquite-Talparo", "min_label": 10.0}}, {"type": "Feature", "geometry": {"type": "Point", "coordinates": [-61.4589, 10.2772]}, "properties": {"name": "San Fernando", "min_label": 10.0}}, {"type": "Feature", "geometry": {"type": "Point", "coordinates": [-61.4269, 10.1459]}, "properties": {"name": "Penal-Debe", "min_label": 10.0}}, {"type": "Feature", "geometry": {"type": "Point", "coordinates": [-61.6987, 10.118]}, "properties": {"name": "Siparia", "min_label": 10.0}}, {"type": "Feature", "geometry": {"type": "Point", "coordinates": [-61.6685, 10.1669]}, "properties": {"name": "Point Fortin", "min_label": 10.0}}, {"type": "Feature", "geometry": {"type": "Point", "coordinates": [-61.3096, 10.2039]}, "properties": {"name": "Princes Town", "min_label": 10.0}}, {"type": "Feature", "geometry": {"type": "Point", "coordinates": [-61.1024, 10.2814]}, "properties": {"name": "Rio Claro-Mayaro", "min_label": 10.0}}, {"type": "Feature", "geometry": {"type": "Point", "coordinates": [-61.1277, 10.6838]}, "properties": {"name": "Sangre Grande", "min_label": 10.0}}, {"type": "Feature", "geometry": {"type": "Point", "coordinates": [-65.3067, 10.9337]}, "properties": {"name": "Dependencias Federales", "min_label": 6.7}}, {"type": "Feature", "geometry": {"type": "Point", "coordinates": [-60.6001, 11.2899]}, "properties": {"name": "Eastern Tobago", "min_label": 10.0}}, {"type": "Feature", "geometry": {"type": "Point", "coordinates": [-60.7709, 11.1959]}, "properties": {"name": "Western Tobago", "min_label": 10.0}}, {"type": "Feature", "geometry": {"type": "Point", "coordinates": [-61.7226, 12.0681]}, "properties": {"name": "Saint George", "min_label": 11.0}}, {"type": "Feature", "geometry": {"type": "Point", "coordinates": [-61.6617, 12.055]}, "properties": {"name": "Saint David", "min_label": 11.0}}, {"type": "Feature", "geometry": {"type": "Point", "coordinates": [-61.6329, 12.1224]}, "properties": {"name": "Saint Andrew", "min_label": 11.0}}, {"type": "Feature", "geometry": {"type": "Point", "coordinates": [-61.6342, 12.2147]}, "properties": {"name": "Saint Patrick", "min_label": 11.0}}, {"type": "Feature", "geometry": {"type": "Point", "coordinates": [-61.6749, 12.189]}, "properties": {"name": "Saint Mark", "min_label": 11.0}}, {"type": "Feature", "geometry": {"type": "Point", "coordinates": [-61.7094, 12.1446]}, "properties": {"name": "Saint John", "min_label": 11.0}}, {"type": "Feature", "geometry": {"type": "Point", "coordinates": [93.7895, 6.83654]}, "properties": {"name": "Andaman and Nicobar", "min_label": 4.6}}, {"type": "Feature", "geometry": {"type": "Point", "coordinates": [-68.3029, 12.2314]}, "properties": {"name": "Bonaire", "min_label": 8.0}}, {"type": "Feature", "geometry": {"type": "Point", "coordinates": [-61.4461, 12.4733]}, "properties": {"name": "Carriacou and Petite Martinique", "min_label": 11.0}}, {"type": "Feature", "geometry": {"type": "Point", "coordinates": [-81.7049, 12.5429]}, "properties": {"name": "San Andr\u00e9s y Providencia", "min_label": 6.7}}, {"type": "Feature", "geometry": {"type": "Point", "coordinates": [-61.229, 13.0161]}, "properties": {"name": "Grenadines", "min_label": 11.0}}, {"type": "Feature", "geometry": {"type": "Point", "coordinates": [-59.5495, 13.2118]}, "properties": {"name": "Saint Joseph", "min_label": 11.0}}, {"type": "Feature", "geometry": {"type": "Point", "coordinates": [-59.5759, 13.2551]}, "properties": {"name": "Saint Andrew", "min_label": 11.0}}, {"type": "Feature", "geometry": {"type": "Point", "coordinates": [-59.6109, 13.2679]}, "properties": {"name": "Saint Peter", "min_label": 11.0}}, {"type": "Feature", "geometry": {"type": "Point", "coordinates": [-59.615, 13.3177]}, "properties": {"name": "Saint Lucy", "min_label": 11.0}}, {"type": "Feature", "geometry": {"type": "Point", "coordinates": [-59.6259, 13.192]}, "properties": {"name": "Saint James", "min_label": 11.0}}, {"type": "Feature", "geometry": {"type": "Point", "coordinates": [-59.6047, 13.118]}, "properties": {"name": "Saint Michael", "min_label": 11.0}}, {"type": "Feature", "geometry": {"type": "Point", "coordinates": [-59.538, 13.0873]}, "properties": {"name": "Christ Church", "min_label": 11.0}}, {"type": "Feature", "geometry": {"type": "Point", "coordinates": [-59.47, 13.1368]}, "properties": {"name": "Saint Philip", "min_label": 11.0}}, {"type": "Feature", "geometry": {"type": "Point", "coordinates": [-59.5039, 13.1795]}, "properties": {"name": "Saint John", "min_label": 11.0}}, {"type": "Feature", "geometry": {"type": "Point", "coordinates": [-61.2287, 13.1977]}, "properties": {"name": "Saint Andrew", "min_label": 11.0}}, {"type": "Feature", "geometry": {"type": "Point", "coordinates": [-61.1899, 13.1695]}, "properties": {"name": "Saint George", "min_label": 11.0}}, {"type": "Feature", "geometry": {"type": "Point", "coordinates": [-61.1475, 13.2825]}, "properties": {"name": "Charlotte", "min_label": 11.0}}, {"type": "Feature", "geometry": {"type": "Point", "coordinates": [-61.204, 13.3142]}, "properties": {"name": "Saint David", "min_label": 11.0}}, {"type": "Feature", "geometry": {"type": "Point", "coordinates": [-61.2534, 13.2313]}, "properties": {"name": "Saint Patrick", "min_label": 11.0}}, {"type": "Feature", "geometry": {"type": "Point", "coordinates": [-60.9446, 14.0664]}, "properties": {"name": "Gros Islet", "min_label": 11.0}}, {"type": "Feature", "geometry": {"type": "Point", "coordinates": [-60.9749, 14.0004]}, "properties": {"name": "Castries", "min_label": 11.0}}, {"type": "Feature", "geometry": {"type": "Point", "coordinates": [-61.0189, 13.935]}, "properties": {"name": "Anse-la-Raye", "min_label": 11.0}}, {"type": "Feature", "geometry": {"type": "Point", "coordinates": [-61.0447, 13.8545]}, "properties": {"name": "Soufri\u00e8re", "min_label": 11.0}}, {"type": "Feature", "geometry": {"type": "Point", "coordinates": [-61.0296, 13.7912]}, "properties": {"name": "Choiseul", "min_label": 11.0}}, {"type": "Feature", "geometry": {"type": "Point", "coordinates": [-60.9867, 13.7676]}, "properties": {"name": "Laborie", "min_label": 11.0}}, {"type": "Feature", "geometry": {"type": "Point", "coordinates": [-60.9438, 13.7762]}, "properties": {"name": "Vieux Fort", "min_label": 11.0}}, {"type": "Feature", "geometry": {"type": "Point", "coordinates": [-60.918, 13.8159]}, "properties": {"name": "Micoud", "min_label": 11.0}}, {"type": "Feature", "geometry": {"type": "Point", "coordinates": [-60.918, 13.8674]}, "properties": {"name": "Praslin", "min_label": 11.0}}, {"type": "Feature", "geometry": {"type": "Point", "coordinates": [-60.9052, 13.9425]}, "properties": {"name": "Dennery", "min_label": 11.0}}, {"type": "Feature", "geometry": {"type": "Point", "coordinates": [-60.9062, 14.0176]}, "properties": {"name": "Dauphin", "min_label": 11.0}}, {"type": "Feature", "geometry": {"type": "Point", "coordinates": [-61.064, 14.7245]}, "properties": {"name": "Martinique", "min_label": 8.0}}, {"type": "Feature", "geometry": {"type": "Point", "coordinates": [-61.3052, 15.2768]}, "properties": {"name": "Saint Patrick", "min_label": 11.0}}, {"type": "Feature", "geometry": {"type": "Point", "coordinates": [-61.2919, 15.3956]}, "properties": {"name": "Saint David", "min_label": 11.0}}, {"type": "Feature", "geometry": {"type": "Point", "coordinates": [-61.3589, 15.5378]}, "properties": {"name": "Saint Andrew", "min_label": 11.0}}, {"type": "Feature", "geometry": {"type": "Point", "coordinates": [-61.4483, 15.5767]}, "properties": {"name": "Saint John", "min_label": 11.0}}, {"type": "Feature", "geometry": {"type": "Point", "coordinates": [-61.4448, 15.4986]}, "properties": {"name": "Saint Peter", "min_label": 11.0}}, {"type": "Feature", "geometry": {"type": "Point", "coordinates": [-61.3863, 15.4355]}, "properties": {"name": "Saint Joseph", "min_label": 11.0}}, {"type": "Feature", "geometry": {"type": "Point", "coordinates": [-61.3717, 15.3529]}, "properties": {"name": "Saint Paul", "min_label": 11.0}}, {"type": "Feature", "geometry": {"type": "Point", "coordinates": [-61.3489, 15.3]}, "properties": {"name": "Saint George", "min_label": 11.0}}, {"type": "Feature", "geometry": {"type": "Point", "coordinates": [-61.3644, 15.2483]}, "properties": {"name": "Saint Luke", "min_label": 11.0}}, {"type": "Feature", "geometry": {"type": "Point", "coordinates": [-61.3612, 15.2217]}, "properties": {"name": "Saint Mark", "min_label": 11.0}}, {"type": "Feature", "geometry": {"type": "Point", "coordinates": [-61.6822, 16.1881]}, "properties": {"name": "Guadeloupe", "min_label": 8.0}}, {"type": "Feature", "geometry": {"type": "Point", "coordinates": [-86.9319, 16.1048]}, "properties": {"name": "Islas de la Bah\u00eda", "min_label": 8.0}}, {"type": "Feature", "geometry": {"type": "Point", "coordinates": [-169.538, 16.7273]}, "properties": {"name": "Johnston Atoll", "min_label": 11.0}}, {"type": "Feature", "geometry": {"type": "Point", "coordinates": [-62.2017, 16.7762]}, "properties": {"name": "Saint Peter", "min_label": 11.0}}, {"type": "Feature", "geometry": {"type": "Point", "coordinates": [-62.1886, 16.7048]}, "properties": {"name": "Saint Anthony", "min_label": 11.0}}, {"type": "Feature", "geometry": {"type": "Point", "coordinates": [-62.1671, 16.7442]}, "properties": {"name": "Saint Georges", "min_label": 11.0}}, {"type": "Feature", "geometry": {"type": "Point", "coordinates": [-61.7671, 17.0352]}, "properties": {"name": "Saint Paul", "min_label": 11.0}}, {"type": "Feature", "geometry": {"type": "Point", "coordinates": [-61.7021, 17.0601]}, "properties": {"name": "Saint Philip", "min_label": 11.0}}, {"type": "Feature", "geometry": {"type": "Point", "coordinates": [-61.7404, 17.0935]}, "properties": {"name": "Saint Peter", "min_label": 11.0}}, {"type": "Feature", "geometry": {"type": "Point", "coordinates": [-61.7804, 17.1084]}, "properties": {"name": "Saint George", "min_label": 11.0}}, {"type": "Feature", "geometry": {"type": "Point", "coordinates": [-61.8237, 17.1101]}, "properties": {"name": "Saint John", "min_label": 11.0}}, {"type": "Feature", "geometry": {"type": "Point", "coordinates": [-61.857, 17.0368]}, "properties": {"name": "Saint Mary", "min_label": 11.0}}, {"type": "Feature", "geometry": {"type": "Point", "coordinates": [-62.6162, 17.135]}, "properties": {"name": "Saint Paul Charlestown", "min_label": 11.0}}, {"type": "Feature", "geometry": {"type": "Point", "coordinates": [-62.5949, 17.1162]}, "properties": {"name": "Saint John Figtree", "min_label": 11.0}}, {"type": "Feature", "geometry": {"type": "Point", "coordinates": [-62.5571, 17.1301]}, "properties": {"name": "Saint George Gingerland", "min_label": 11.0}}, {"type": "Feature", "geometry": {"type": "Point", "coordinates": [-62.5718, 17.1782]}, "properties": {"name": "Saint James Windward", "min_label": 11.0}}, {"type": "Feature", "geometry": {"type": "Point", "coordinates": [-62.6064, 17.1597]}, "properties": {"name": "Saint Thomas Lowland", "min_label": 11.0}}, {"type": "Feature", "geometry": {"type": "Point", "coordinates": [-62.8337, 17.3911]}, "properties": {"name": "Saint Paul Capesterre", "min_label": 11.0}}, {"type": "Feature", "geometry": {"type": "Point", "coordinates": [-62.8369, 17.3574]}, "properties": {"name": "Saint Anne Sandy Point", "min_label": 11.0}}, {"type": "Feature", "geometry": {"type": "Point", "coordinates": [-62.7943, 17.3279]}, "properties": {"name": "Saint Thomas Middle Island", "min_label": 11.0}}, {"type": "Feature", "geometry": {"type": "Point", "coordinates": [-62.7483, 17.3074]}, "properties": {"name": "Trinity Palmetto Point", "min_label": 11.0}}, {"type": "Feature", "geometry": {"type": "Point", "coordinates": [-62.6868, 17.2836]}, "properties": {"name": "Saint George Basseterre", "min_label": 11.0}}, {"type": "Feature", "geometry": {"type": "Point", "coordinates": [-62.7065, 17.3221]}, "properties": {"name": "Saint Peter Basseterre", "min_label": 11.0}}, {"type": "Feature", "geometry": {"type": "Point", "coordinates": [-62.7286, 17.3459]}, "properties": {"name": "Saint Mary Cayon", "min_label": 11.0}}, {"type": "Feature", "geometry": {"type": "Point", "coordinates": [-62.7582, 17.364]}, "properties": {"name": "Christ Church Nichola Town", "min_label": 11.0}}, {"type": "Feature", "geometry": {"type": "Point", "coordinates": [-62.7967, 17.382]}, "properties": {"name": "Saint John Capesterre", "min_label": 11.0}}, {"type": "Feature", "geometry": {"type": "Point", "coordinates": [-62.9719, 17.4852]}, "properties": {"name": "St. Eustatius", "min_label": 8.0}}, {"type": "Feature", "geometry": {"type": "Point", "coordinates": [-61.792, 17.6155]}, "properties": {"name": "Barbuda", "min_label": 11.0}}, {"type": "Feature", "geometry": {"type": "Point", "coordinates": [-64.7798, 17.735]}, "properties": {"name": "Saint Croix", "min_label": 11.0}}, {"type": "Feature", "geometry": {"type": "Point", "coordinates": [-62.8288, 17.9017]}, "properties": {"name": "Saint Barth\u00e9lemy", "min_label": 11.0}}, {"type": "Feature", "geometry": {"type": "Point", "coordinates": [-66.4441, 18.2448]}, "properties": {"name": "Puerto Rico", "min_label": 11.0}}, {"type": "Feature", "geometry": {"type": "Point", "coordinates": [-68.6413, 18.608]}, "properties": {"name": "La Altagracia", "min_label": 10.0}}, {"type": "Feature", "geometry": {"type": "Point", "coordinates": [-62.9852, 18.2622]}, "properties": {"name": "East End", "min_label": 11.0}}, {"type": "Feature", "geometry": {"type": "Point", "coordinates": [-63.0368, 18.2387]}, "properties": {"name": "Stoney Ground", "min_label": 11.0}}, {"type": "Feature", "geometry": {"type": "Point", "coordinates": [-63.033, 18.2606]}, "properties": {"name": "North Side", "min_label": 11.0}}, {"type": "Feature", "geometry": {"type": "Point", "coordinates": [-63.052, 18.2321]}, "properties": {"name": "The Valley", "min_label": 11.0}}, {"type": "Feature", "geometry": {"type": "Point", "coordinates": [-63.074, 18.2243]}, "properties": {"name": "North Hill", "min_label": 11.0}}, {"type": "Feature", "geometry": {"type": "Point", "coordinates": [-63.0814, 18.2192]}, "properties": {"name": "Sandy Ground", "min_label": 11.0}}, {"type": "Feature", "geometry": {"type": "Point", "coordinates": [-63.0881, 18.2083]}, "properties": {"name": "South Hill", "min_label": 11.0}}, {"type": "Feature", "geometry": {"type": "Point", "coordinates": [-63.1384, 18.1865]}, "properties": {"name": "West End", "min_label": 11.0}}, {"type": "Feature", "geometry": {"type": "Point", "coordinates": [-63.0943, 18.1889]}, "properties": {"name": "Blowing Point", "min_label": 11.0}}, {"type": "Feature", "geometry": {"type": "Point", "coordinates": [-63.0439, 18.2173]}, "properties": {"name": "The Farrington", "min_label": 11.0}}, {"type": "Feature", "geometry": {"type": "Point", "coordinates": [-63.0151, 18.2301]}, "properties": {"name": "Sandy Hill", "min_label": 11.0}}, {"type": "Feature", "geometry": {"type": "Point", "coordinates": [-63.0028, 18.2705]}, "properties": {"name": "Island Harbour", "min_label": 11.0}}, {"type": "Feature", "geometry": {"type": "Point", "coordinates": [-64.7461, 18.3422]}, "properties": {"name": "Saint John", "min_label": 11.0}}, {"type": "Feature", "geometry": {"type": "Point", "coordinates": [-64.9263, 18.3543]}, "properties": {"name": "Saint Thomas", "min_label": 11.0}}, {"type": "Feature", "geometry": {"type": "Point", "coordinates": [-64.5854, 18.3536]}, "properties": {"name": "British Virgin Islands", "min_label": 18.0}}, {"type": "Feature", "geometry": {"type": "Point", "coordinates": [-77.2438, 18.3194]}, "properties": {"name": "Saint Ann", "min_label": 10.0}}, {"type": "Feature", "geometry": {"type": "Point", "coordinates": [-77.6163, 18.36]}, "properties": {"name": "Trelawny", "min_label": 10.0}}, {"type": "Feature", "geometry": {"type": "Point", "coordinates": [-77.8715, 18.3637]}, "properties": {"name": "Saint James", "min_label": 10.0}}, {"type": "Feature", "geometry": {"type": "Point", "coordinates": [-78.1337, 18.3953]}, "properties": {"name": "Hanover", "min_label": 10.0}}, {"type": "Feature", "geometry": {"type": "Point", "coordinates": [-78.1303, 18.2678]}, "properties": {"name": "Westmoreland", "min_label": 10.0}}, {"type": "Feature", "geometry": {"type": "Point", "coordinates": [-77.7646, 18.0537]}, "properties": {"name": "Saint Elizabeth", "min_label": 10.0}}, {"type": "Feature", "geometry": {"type": "Point", "coordinates": [-77.4996, 18.0219]}, "properties": {"name": "Manchester", "min_label": 10.0}}, {"type": "Feature", "geometry": {"type": "Point", "coordinates": [-77.3109, 17.9947]}, "properties": {"name": "Clarendon", "min_label": 10.0}}, {"type": "Feature", "geometry": {"type": "Point", "coordinates": [-77.0292, 17.8518]}, "properties": {"name": "Saint Catherine", "min_label": 10.0}}, {"type": "Feature", "geometry": {"type": "Point", "coordinates": [-76.7685, 18.0229]}, "properties": {"name": "Saint Andrew", "min_label": 10.0}}, {"type": "Feature", "geometry": {"type": "Point", "coordinates": [-76.7653, 17.9799]}, "properties": {"name": "Kingston", "min_label": 10.0}}, {"type": "Feature", "geometry": {"type": "Point", "coordinates": [-76.4226, 17.951]}, "properties": {"name": "Saint Thomas", "min_label": 10.0}}, {"type": "Feature", "geometry": {"type": "Point", "coordinates": [-76.5041, 18.1179]}, "properties": {"name": "Portland", "min_label": 10.0}}, {"type": "Feature", "geometry": {"type": "Point", "coordinates": [-76.8859, 18.2655]}, "properties": {"name": "Saint Mary", "min_label": 10.0}}, {"type": "Feature", "geometry": {"type": "Point", "coordinates": [-81.2592, 19.3167]}, "properties": {"name": "Cayman Islands", "min_label": 11.0}}, {"type": "Feature", "geometry": {"type": "Point", "coordinates": [-69.0568, 18.7649]}, "properties": {"name": "El Seybo", "min_label": 10.0}}, {"type": "Feature", "geometry": {"type": "Point", "coordinates": [-69.403, 18.981]}, "properties": {"name": "Hato Mayor", "min_label": 10.0}}, {"type": "Feature", "geometry": {"type": "Point", "coordinates": [-69.4756, 19.2717]}, "properties": {"name": "Saman\u00e1", "min_label": 10.0}}, {"type": "Feature", "geometry": {"type": "Point", "coordinates": [-69.9933, 19.4682]}, "properties": {"name": "Mar\u00eda Trinidad S\u00e1nchez", "min_label": 10.0}}, {"type": "Feature", "geometry": {"type": "Point", "coordinates": [-70.3537, 19.5998]}, "properties": {"name": "Espaillat", "min_label": 10.0}}, {"type": "Feature", "geometry": {"type": "Point", "coordinates": [-70.7972, 19.7427]}, "properties": {"name": "Puerto Plata", "min_label": 10.0}}, {"type": "Feature", "geometry": {"type": "Point", "coordinates": [-72.3274, 19.6412]}, "properties": {"name": "Nord", "min_label": 7.7}}, {"type": "Feature", "geometry": {"type": "Point", "coordinates": [-72.5089, 19.3089]}, "properties": {"name": "L'Artibonite", "min_label": 7.7}}, {"type": "Feature", "geometry": {"type": "Point", "coordinates": [-73.3909, 18.4297]}, "properties": {"name": "Nippes", "min_label": 7.7}}, {"type": "Feature", "geometry": {"type": "Point", "coordinates": [-71.1872, 18.1674]}, "properties": {"name": "Barahona", "min_label": 10.0}}, {"type": "Feature", "geometry": {"type": "Point", "coordinates": [-70.8169, 18.5981]}, "properties": {"name": "Azua", "min_label": 10.0}}, {"type": "Feature", "geometry": {"type": "Point", "coordinates": [-70.3799, 18.359]}, "properties": {"name": "Peravia", "min_label": 10.0}}, {"type": "Feature", "geometry": {"type": "Point", "coordinates": [-70.1914, 18.5126]}, "properties": {"name": "San Crist\u00f3bal", "min_label": 10.0}}, {"type": "Feature", "geometry": {"type": "Point", "coordinates": [-69.8427, 18.5664]}, "properties": {"name": "Santo Domingo", "min_label": 10.0}}, {"type": "Feature", "geometry": {"type": "Point", "coordinates": [-69.9376, 18.4746]}, "properties": {"name": "Distrito Nacional", "min_label": 10.0}}, {"type": "Feature", "geometry": {"type": "Point", "coordinates": [-69.3484, 18.4796]}, "properties": {"name": "San Pedro de Macor\u00eds", "min_label": 10.0}}, {"type": "Feature", "geometry": {"type": "Point", "coordinates": [-68.9869, 18.5221]}, "properties": {"name": "La Romana", "min_label": 10.0}}, {"type": "Feature", "geometry": {"type": "Point", "coordinates": [-77.9304, 21.3675]}, "properties": {"name": "Camag\u00fcey", "min_label": 7.7}}, {"type": "Feature", "geometry": {"type": "Point", "coordinates": [-78.6388, 21.9626]}, "properties": {"name": "Ciego de \u00c1vila", "min_label": 7.7}}, {"type": "Feature", "geometry": {"type": "Point", "coordinates": [-76.1892, 20.808]}, "properties": {"name": "Holgu\u00edn", "min_label": 7.7}}, {"type": "Feature", "geometry": {"type": "Point", "coordinates": [-71.137, 21.4725]}, "properties": {"name": "Grand Turk", "min_label": 11.0}}, {"type": "Feature", "geometry": {"type": "Point", "coordinates": [-82.8148, 21.6754]}, "properties": {"name": "Isla de la Juventud", "min_label": 7.7}}, {"type": "Feature", "geometry": {"type": "Point", "coordinates": [-74.2405, 22.7472]}, "properties": {"name": "Crooked Island and Long Cay", "min_label": 8.0}}, {"type": "Feature", "geometry": {"type": "Point", "coordinates": [-79.3804, 21.9618]}, "properties": {"name": "Sancti Sp\u00edritus", "min_label": 7.7}}, {"type": "Feature", "geometry": {"type": "Point", "coordinates": [-79.9527, 22.601]}, "properties": {"name": "Villa Clara", "min_label": 7.7}}, {"type": "Feature", "geometry": {"type": "Point", "coordinates": [-81.186, 22.6152]}, "properties": {"name": "Matanzas", "min_label": 7.7}}, {"type": "Feature", "geometry": {"type": "Point", "coordinates": [-75.9069, 23.5855]}, "properties": {"name": "Exuma", "min_label": 8.0}}, {"type": "Feature", "geometry": {"type": "Point", "coordinates": [-74.9132, 23.037]}, "properties": {"name": "Long Island", "min_label": 8.0}}, {"type": "Feature", "geometry": {"type": "Point", "coordinates": [-74.8408, 23.6787]}, "properties": {"name": "Rum Cay", "min_label": 8.0}}, {"type": "Feature", "geometry": {"type": "Point", "coordinates": [-76.3623, 24.072]}, "properties": {"name": "Black Point", "min_label": 8.0}}, {"type": "Feature", "geometry": {"type": "Point", "coordinates": [-74.4785, 24.0513]}, "properties": {"name": "San Salvador", "min_label": 8.0}}, {"type": "Feature", "geometry": {"type": "Point", "coordinates": [-77.9355, 24.4757]}, "properties": {"name": "Central Andros", "min_label": 8.0}}, {"type": "Feature", "geometry": {"type": "Point", "coordinates": [-77.8018, 24.0806]}, "properties": {"name": "Mangrove Cay", "min_label": 8.0}}, {"type": "Feature", "geometry": {"type": "Point", "coordinates": [-77.6043, 23.7822]}, "properties": {"name": "South Andros", "min_label": 8.0}}, {"type": "Feature", "geometry": {"type": "Point", "coordinates": [-75.3894, 24.2583]}, "properties": {"name": "Cat Island", "min_label": 8.0}}, {"type": "Feature", "geometry": {"type": "Point", "coordinates": [-77.4356, 25.0149]}, "properties": {"name": "New Providence", "min_label": 8.0}}, {"type": "Feature", "geometry": {"type": "Point", "coordinates": [-77.9976, 24.8276]}, "properties": {"name": "North Andros", "min_label": 8.0}}, {"type": "Feature", "geometry": {"type": "Point", "coordinates": [-76.176, 25.1588]}, "properties": {"name": "Central Eleuthera", "min_label": 8.0}}, {"type": "Feature", "geometry": {"type": "Point", "coordinates": [-76.59, 25.4383]}, "properties": {"name": "North Eleuthera", "min_label": 8.0}}, {"type": "Feature", "geometry": {"type": "Point", "coordinates": [-76.1967, 24.7344]}, "properties": {"name": "South Eleuthera", "min_label": 8.0}}, {"type": "Feature", "geometry": {"type": "Point", "coordinates": [-77.8527, 25.7591]}, "properties": {"name": "Berry Islands", "min_label": 8.0}}, {"type": "Feature", "geometry": {"type": "Point", "coordinates": [-77.5526, 26.2973]}, "properties": {"name": "Moore's Island", "min_label": 8.0}}, {"type": "Feature", "geometry": {"type": "Point", "coordinates": [-78.6252, 26.5339]}, "properties": {"name": "City of Freeport", "min_label": 8.0}}, {"type": "Feature", "geometry": {"type": "Point", "coordinates": [-78.9085, 26.6389]}, "properties": {"name": "West Grand Bahama", "min_label": 8.0}}, {"type": "Feature", "geometry": {"type": "Point", "coordinates": [-78.215, 26.6596]}, "properties": {"name": "East Grand Bahama", "min_label": 8.0}}, {"type": "Feature", "geometry": {"type": "Point", "coordinates": [-77.1179, 26.4215]}, "properties": {"name": "Central Abaco", "min_label": 8.0}}, {"type": "Feature", "geometry": {"type": "Point", "coordinates": [-77.2421, 26.0179]}, "properties": {"name": "South Abaco", "min_label": 8.0}}, {"type": "Feature", "geometry": {"type": "Point", "coordinates": [-77.6354, 26.8873]}, "properties": {"name": "North Abaco", "min_label": 8.0}}, {"type": "Feature", "geometry": {"type": "Point", "coordinates": [-64.7197, 32.3454]}, "properties": {"name": "Hamilton", "min_label": 11.0}}, {"type": "Feature", "geometry": {"type": "Point", "coordinates": [-64.7319, 32.3141]}, "properties": {"name": "Smith's", "min_label": 11.0}}, {"type": "Feature", "geometry": {"type": "Point", "coordinates": [-64.7566, 32.3033]}, "properties": {"name": "Devonshire", "min_label": 11.0}}, {"type": "Feature", "geometry": {"type": "Point", "coordinates": [-64.7997, 32.2995]}, "properties": {"name": "Pembroke", "min_label": 11.0}}, {"type": "Feature", "geometry": {"type": "Point", "coordinates": [-64.7884, 32.2938]}, "properties": {"name": "City of Hamilton", "min_label": 11.0}}, {"type": "Feature", "geometry": {"type": "Point", "coordinates": [-64.7811, 32.2784]}, "properties": {"name": "Paget", "min_label": 11.0}}, {"type": "Feature", "geometry": {"type": "Point", "coordinates": [-64.8042, 32.2658]}, "properties": {"name": "Warwick", "min_label": 11.0}}, {"type": "Feature", "geometry": {"type": "Point", "coordinates": [-64.8375, 32.2524]}, "properties": {"name": "Southampton", "min_label": 11.0}}, {"type": "Feature", "geometry": {"type": "Point", "coordinates": [-64.8687, 32.2985]}, "properties": {"name": "Sandys", "min_label": 11.0}}, {"type": "Feature", "geometry": {"type": "Point", "coordinates": [-64.6998, 32.3645]}, "properties": {"name": "Saint George's", "min_label": 11.0}}, {"type": "Feature", "geometry": {"type": "Point", "coordinates": [45.4681, 46.5191]}, "properties": {"name": "Kalmyk", "min_label": 4.7}}, {"type": "Feature", "geometry": {"type": "Point", "coordinates": [48.9074, 41.1969]}, "properties": {"name": "D\u0259v\u0259\u00e7i", "min_label": 9.0}}, {"type": "Feature", "geometry": {"type": "Point", "coordinates": [49.0973, 41.0414]}, "properties": {"name": "Siy\u0259z\u0259n", "min_label": 9.0}}, {"type": "Feature", "geometry": {"type": "Point", "coordinates": [49.154, 40.7249]}, "properties": {"name": "Xiz\u0131", "min_label": 9.0}}, {"type": "Feature", "geometry": {"type": "Point", "coordinates": [49.5962, 40.5841]}, "properties": {"name": "Sumqay\u0131t", "min_label": 9.0}}, {"type": "Feature", "geometry": {"type": "Point", "coordinates": [50.0435, 40.4447]}, "properties": {"name": "Bak\u0131", "min_label": 9.0}}, {"type": "Feature", "geometry": {"type": "Point", "coordinates": [49.0495, 39.7198]}, "properties": {"name": "Salyan", "min_label": 9.0}}, {"type": "Feature", "geometry": {"type": "Point", "coordinates": [49.0585, 39.3924]}, "properties": {"name": "Neft\u00e7ala", "min_label": 9.0}}, {"type": "Feature", "geometry": {"type": "Point", "coordinates": [48.7309, 38.7168]}, "properties": {"name": "Lankaran", "min_label": 9.0}}, {"type": "Feature", "geometry": {"type": "Point", "coordinates": [48.698, 38.9858]}, "properties": {"name": "Masall\u0131", "min_label": 9.0}}, {"type": "Feature", "geometry": {"type": "Point", "coordinates": [48.8421, 38.7585]}, "properties": {"name": "Lankaran", "min_label": 9.0}}, {"type": "Feature", "geometry": {"type": "Point", "coordinates": [52.2123, 36.231]}, "properties": {"name": "Mazandaran", "min_label": 6.6}}, {"type": "Feature", "geometry": {"type": "Point", "coordinates": [73.5247, -53.1036]}, "properties": {"name": "Heard Island and McDonald Islands", "min_label": 18.0}}, {"type": "Feature", "geometry": {"type": "Point", "coordinates": [69.2725, -49.3179]}, "properties": {"name": "Archipel des Kerguelen", "min_label": 11.0}}, {"type": "Feature", "geometry": {"type": "Point", "coordinates": [51.7536, -46.3974]}, "properties": {"name": "Archipel des Crozet", "min_label": 11.0}}, {"type": "Feature", "geometry": {"type": "Point", "coordinates": [-12.2667, -37.1226]}, "properties": {"name": "Tristan da Cunha", "min_label": 11.0}}, {"type": "Feature", "geometry": {"type": "Point", "coordinates": [55.5405, -21.1155]}, "properties": {"name": "La R\u00e9union", "min_label": 8.0}}, {"type": "Feature", "geometry": {"type": "Point", "coordinates": [57.6557, -20.0651]}, "properties": {"name": "Rivi\u00e8re du Rempart", "min_label": 11.0}}, {"type": "Feature", "geometry": {"type": "Point", "coordinates": [57.573, -20.0899]}, "properties": {"name": "Pamplemousses", "min_label": 11.0}}, {"type": "Feature", "geometry": {"type": "Point", "coordinates": [57.5038, -20.1496]}, "properties": {"name": "Port Louis city", "min_label": 11.0}}, {"type": "Feature", "geometry": {"type": "Point", "coordinates": [57.4149, -20.3424]}, "properties": {"name": "Rivi\u00e8re Noire", "min_label": 11.0}}, {"type": "Feature", "geometry": {"type": "Point", "coordinates": [57.5211, -20.464]}, "properties": {"name": "Savanne", "min_label": 11.0}}, {"type": "Feature", "geometry": {"type": "Point", "coordinates": [57.6498, -20.392]}, "properties": {"name": "Grand Port", "min_label": 11.0}}, {"type": "Feature", "geometry": {"type": "Point", "coordinates": [57.7206, -20.2173]}, "properties": {"name": "Flacq", "min_label": 11.0}}, {"type": "Feature", "geometry": {"type": "Point", "coordinates": [-5.70643, -15.9317]}, "properties": {"name": "Saint Helena", "min_label": 11.0}}, {"type": "Feature", "geometry": {"type": "Point", "coordinates": [45.2769, -12.7767]}, "properties": {"name": "Mayotte", "min_label": 8.0}}, {"type": "Feature", "geometry": {"type": "Point", "coordinates": [43.7462, -12.3178]}, "properties": {"name": "Mo\u00fbh\u00eel\u00ee", "min_label": 11.0}}, {"type": "Feature", "geometry": {"type": "Point", "coordinates": [44.4518, -12.226]}, "properties": {"name": "Andjou\u00e2n", "min_label": 11.0}}, {"type": "Feature", "geometry": {"type": "Point", "coordinates": [43.3378, -11.6952]}, "properties": {"name": "Andjaz\u00eedja", "min_label": 11.0}}, {"type": "Feature", "geometry": {"type": "Point", "coordinates": [56.5372, -10.3512]}, "properties": {"name": "Agal\u00e9ga", "min_label": 11.0}}, {"type": "Feature", "geometry": {"type": "Point", "coordinates": [-14.3701, -7.91916]}, "properties": {"name": "Ascension", "min_label": 11.0}}, {"type": "Feature", "geometry": {"type": "Point", "coordinates": [39.4241, -6.2741]}, "properties": {"name": "Zanzibar South and Central", "min_label": 6.7}}, {"type": "Feature", "geometry": {"type": "Point", "coordinates": [39.2294, -5.84474]}, "properties": {"name": "Kaskazini-Unguja", "min_label": 6.7}}, {"type": "Feature", "geometry": {"type": "Point", "coordinates": [39.2425, -6.1537]}, "properties": {"name": "Zanzibar West", "min_label": 6.7}}, {"type": "Feature", "geometry": {"type": "Point", "coordinates": [39.7495, -5.34982]}, "properties": {"name": "Kusini-Pemba", "min_label": 6.7}}, {"type": "Feature", "geometry": {"type": "Point", "coordinates": [39.777, -5.05108]}, "properties": {"name": "Kaskazini-Pemba", "min_label": 6.7}}, {"type": "Feature", "geometry": {"type": "Point", "coordinates": [55.4738, -4.68654]}, "properties": {"name": "Grand'Anse", "min_label": 11.0}}, {"type": "Feature", "geometry": {"type": "Point", "coordinates": [55.4923, -4.71357]}, "properties": {"name": "Anse Boileau", "min_label": 11.0}}, {"type": "Feature", "geometry": {"type": "Point", "coordinates": [55.4918, -4.75461]}, "properties": {"name": "Baie Lazare", "min_label": 11.0}}, {"type": "Feature", "geometry": {"type": "Point", "coordinates": [55.5173, -4.79065]}, "properties": {"name": "Takamaka", "min_label": 11.0}}, {"type": "Feature", "geometry": {"type": "Point", "coordinates": [55.5118, -4.7456]}, "properties": {"name": "Anse Royale", "min_label": 11.0}}, {"type": "Feature", "geometry": {"type": "Point", "coordinates": [55.5138, -4.70356]}, "properties": {"name": "Au Cap", "min_label": 11.0}}, {"type": "Feature", "geometry": {"type": "Point", "coordinates": [55.5208, -4.68304]}, "properties": {"name": "Anse aux Pins", "min_label": 11.0}}, {"type": "Feature", "geometry": {"type": "Point", "coordinates": [55.5163, -4.67403]}, "properties": {"name": "Pointe La Rue", "min_label": 11.0}}, {"type": "Feature", "geometry": {"type": "Point", "coordinates": [55.4988, -4.66702]}, "properties": {"name": "Cascade", "min_label": 11.0}}, {"type": "Feature", "geometry": {"type": "Point", "coordinates": [55.4828, -4.6495]}, "properties": {"name": "Roche Ca\u00efman", "min_label": 11.0}}, {"type": "Feature", "geometry": {"type": "Point", "coordinates": [55.4693, -4.65451]}, "properties": {"name": "Plaisance", "min_label": 11.0}}, {"type": "Feature", "geometry": {"type": "Point", "coordinates": [55.4633, -4.63449]}, "properties": {"name": "Mont Fleuri", "min_label": 11.0}}, {"type": "Feature", "geometry": {"type": "Point", "coordinates": [55.4483, -4.63198]}, "properties": {"name": "Bel Air", "min_label": 11.0}}, {"type": "Feature", "geometry": {"type": "Point", "coordinates": [55.4533, -4.60746]}, "properties": {"name": "English River", "min_label": 11.0}}, {"type": "Feature", "geometry": {"type": "Point", "coordinates": [55.4543, -4.58794]}, "properties": {"name": "Anse Etoile", "min_label": 11.0}}, {"type": "Feature", "geometry": {"type": "Point", "coordinates": [55.4433, -4.56942]}, "properties": {"name": "Glacis", "min_label": 11.0}}, {"type": "Feature", "geometry": {"type": "Point", "coordinates": [55.4317, -4.60295]}, "properties": {"name": "Beau Vallon", "min_label": 11.0}}, {"type": "Feature", "geometry": {"type": "Point", "coordinates": [55.4092, -4.62448]}, "properties": {"name": "Bel Ombre", "min_label": 11.0}}, {"type": "Feature", "geometry": {"type": "Point", "coordinates": [55.4262, -4.65351]}, "properties": {"name": "Port Glaud", "min_label": 11.0}}, {"type": "Feature", "geometry": {"type": "Point", "coordinates": [55.76, -4.32918]}, "properties": {"name": "Baie Sainte Anne", "min_label": 11.0}}, {"type": "Feature", "geometry": {"type": "Point", "coordinates": [55.7435, -4.34469]}, "properties": {"name": "Grand'Anse Praslin", "min_label": 11.0}}, {"type": "Feature", "geometry": {"type": "Point", "coordinates": [5.62933, -1.44699]}, "properties": {"name": "Annob\u00f3n", "min_label": 8.7}}, {"type": "Feature", "geometry": {"type": "Point", "coordinates": [6.61185, 0.234574]}, "properties": {"name": "S\u00e3o Tom\u00e9", "min_label": 11.0}}, {"type": "Feature", "geometry": {"type": "Point", "coordinates": [7.39374, 1.60769]}, "properties": {"name": "Pr\u00edncipe", "min_label": 11.0}}, {"type": "Feature", "geometry": {"type": "Point", "coordinates": [8.79508, 3.66783]}, "properties": {"name": "Bioko Norte", "min_label": 8.7}}, {"type": "Feature", "geometry": {"type": "Point", "coordinates": [8.64291, 3.42557]}, "properties": {"name": "Bioko Sur", "min_label": 8.7}}, {"type": "Feature", "geometry": {"type": "Point", "coordinates": [-24.7204, 14.851]}, "properties": {"name": "Brava", "min_label": 11.0}}, {"type": "Feature", "geometry": {"type": "Point", "coordinates": [-24.3301, 14.9241]}, "properties": {"name": "Santa Catarina do Fogo", "min_label": 11.0}}, {"type": "Feature", "geometry": {"type": "Point", "coordinates": [-24.3541, 15.0008]}, "properties": {"name": "Mosteiros", "min_label": 11.0}}, {"type": "Feature", "geometry": {"type": "Point", "coordinates": [-24.4403, 14.9241]}, "properties": {"name": "S\u00e3o Filipe", "min_label": 11.0}}, {"type": "Feature", "geometry": {"type": "Point", "coordinates": [-23.717, 15.2355]}, "properties": {"name": "Tarrafal", "min_label": 11.0}}, {"type": "Feature", "geometry": {"type": "Point", "coordinates": [-23.7027, 15.0918]}, "properties": {"name": "Santa Catarina", "min_label": 11.0}}, {"type": "Feature", "geometry": {"type": "Point", "coordinates": [-23.6404, 14.9768]}, "properties": {"name": "Ribeira Grande de Santiago", "min_label": 11.0}}, {"type": "Feature", "geometry": {"type": "Point", "coordinates": [-23.5159, 14.9529]}, "properties": {"name": "Praia", "min_label": 11.0}}, {"type": "Feature", "geometry": {"type": "Point", "coordinates": [-23.5254, 15.0152]}, "properties": {"name": "S\u00e3o Domingos", "min_label": 11.0}}, {"type": "Feature", "geometry": {"type": "Point", "coordinates": [-23.5494, 15.1157]}, "properties": {"name": "Santa Cruz", "min_label": 11.0}}, {"type": "Feature", "geometry": {"type": "Point", "coordinates": [-23.6356, 15.178]}, "properties": {"name": "S\u00e3o Miguel", "min_label": 11.0}}, {"type": "Feature", "geometry": {"type": "Point", "coordinates": [-23.1806, 15.2115]}, "properties": {"name": "Maio", "min_label": 11.0}}, {"type": "Feature", "geometry": {"type": "Point", "coordinates": [-22.807, 16.1024]}, "properties": {"name": "Boa Vista", "min_label": 11.0}}, {"type": "Feature", "geometry": {"type": "Point", "coordinates": [-24.287, 16.6197]}, "properties": {"name": "Ribeira Brava", "min_label": 11.0}}, {"type": "Feature", "geometry": {"type": "Point", "coordinates": [-24.3493, 16.6006]}, "properties": {"name": "Tarrafal de S\u00e3o Nicolau", "min_label": 11.0}}, {"type": "Feature", "geometry": {"type": "Point", "coordinates": [-22.9363, 16.7251]}, "properties": {"name": "Sal", "min_label": 11.0}}, {"type": "Feature", "geometry": {"type": "Point", "coordinates": [-24.972, 16.8449]}, "properties": {"name": "S\u00e3o Vicente", "min_label": 11.0}}, {"type": "Feature", "geometry": {"type": "Point", "coordinates": [-25.1204, 17.1418]}, "properties": {"name": "Ribeira Grande", "min_label": 11.0}}, {"type": "Feature", "geometry": {"type": "Point", "coordinates": [-25.2258, 17.0173]}, "properties": {"name": "Porto Novo", "min_label": 11.0}}, {"type": "Feature", "geometry": {"type": "Point", "coordinates": [-25.0151, 17.1179]}, "properties": {"name": "Paul", "min_label": 11.0}}, {"type": "Feature", "geometry": {"type": "Point", "coordinates": [-16.6144, 28.2566]}, "properties": {"name": "Santa Cruz de Tenerife", "min_label": 7.7}}, {"type": "Feature", "geometry": {"type": "Point", "coordinates": [-15.6013, 27.9463]}, "properties": {"name": "Las Palmas", "min_label": 7.7}}, {"type": "Feature", "geometry": {"type": "Point", "coordinates": [-16.9465, 32.7427]}, "properties": {"name": "Madeira", "min_label": 7.7}}, {"type": "Feature", "geometry": {"type": "Point", "coordinates": [25.0652, 35.1921]}, "properties": {"name": "Kriti", "min_label": 7.7}}, {"type": "Feature", "geometry": {"type": "Point", "coordinates": [25.4867, 37.0538]}, "properties": {"name": "Notio Aigaio", "min_label": 7.7}}, {"type": "Feature", "geometry": {"type": "Point", "coordinates": [32.5276, 34.9307]}, "properties": {"name": "Paphos", "min_label": 8.7}}, {"type": "Feature", "geometry": {"type": "Point", "coordinates": [14.5351, 35.8871]}, "properties": {"name": "Kalkara", "min_label": 11.0}}, {"type": "Feature", "geometry": {"type": "Point", "coordinates": [14.511, 35.8948]}, "properties": {"name": "Valletta", "min_label": 11.0}}, {"type": "Feature", "geometry": {"type": "Point", "coordinates": [14.4992, 35.9083]}, "properties": {"name": "Sliema", "min_label": 11.0}}, {"type": "Feature", "geometry": {"type": "Point", "coordinates": [14.4897, 35.9126]}, "properties": {"name": "San Giljan", "min_label": 11.0}}, {"type": "Feature", "geometry": {"type": "Point", "coordinates": [14.4756, 35.9279]}, "properties": {"name": "Pembroke", "min_label": 11.0}}, {"type": "Feature", "geometry": {"type": "Point", "coordinates": [14.4379, 35.9289]}, "properties": {"name": "Naxxar", "min_label": 11.0}}, {"type": "Feature", "geometry": {"type": "Point", "coordinates": [14.4042, 35.9405]}, "properties": {"name": "San Pawl il-Bahar", "min_label": 11.0}}, {"type": "Feature", "geometry": {"type": "Point", "coordinates": [14.3578, 35.9558]}, "properties": {"name": "Mellie\u0127a", "min_label": 11.0}}, {"type": "Feature", "geometry": {"type": "Point", "coordinates": [14.3658, 35.9148]}, "properties": {"name": "M\u0121arr", "min_label": 11.0}}, {"type": "Feature", "geometry": {"type": "Point", "coordinates": [14.3774, 35.8833]}, "properties": {"name": "Rabat", "min_label": 11.0}}, {"type": "Feature", "geometry": {"type": "Point", "coordinates": [14.3868, 35.859]}, "properties": {"name": "Dingli", "min_label": 11.0}}, {"type": "Feature", "geometry": {"type": "Point", "coordinates": [14.4252, 35.8474]}, "properties": {"name": "Si\u0121\u0121iewi", "min_label": 11.0}}, {"type": "Feature", "geometry": {"type": "Point", "coordinates": [14.4531, 35.8312]}, "properties": {"name": "Qrendi", "min_label": 11.0}}, {"type": "Feature", "geometry": {"type": "Point", "coordinates": [14.4822, 35.823]}, "properties": {"name": "\u017burrieq", "min_label": 11.0}}, {"type": "Feature", "geometry": {"type": "Point", "coordinates": [14.5236, 35.8281]}, "properties": {"name": "Bir\u017cebbu\u0121a", "min_label": 11.0}}, {"type": "Feature", "geometry": {"type": "Point", "coordinates": [14.5457, 35.8393]}, "properties": {"name": "Marsaxlokk", "min_label": 11.0}}, {"type": "Feature", "geometry": {"type": "Point", "coordinates": [14.5538, 35.8544]}, "properties": {"name": "Marsaskala", "min_label": 11.0}}, {"type": "Feature", "geometry": {"type": "Point", "coordinates": [14.5397, 35.8718]}, "properties": {"name": "\u017babbar", "min_label": 11.0}}, {"type": "Feature", "geometry": {"type": "Point", "coordinates": [14.5457, 35.8816]}, "properties": {"name": "Xg\u0127ajra", "min_label": 11.0}}, {"type": "Feature", "geometry": {"type": "Point", "coordinates": [14.1971, 36.0471]}, "properties": {"name": "San Lawrenz", "min_label": 11.0}}, {"type": "Feature", "geometry": {"type": "Point", "coordinates": [14.2145, 36.0361]}, "properties": {"name": "Ker\u010bem", "min_label": 11.0}}, {"type": "Feature", "geometry": {"type": "Point", "coordinates": [14.2276, 36.0251]}, "properties": {"name": "Munxar", "min_label": 11.0}}, {"type": "Feature", "geometry": {"type": "Point", "coordinates": [14.2514, 36.0201]}, "properties": {"name": "Sannat", "min_label": 11.0}}, {"type": "Feature", "geometry": {"type": "Point", "coordinates": [14.2853, 36.0251]}, "properties": {"name": "G\u0127ajnsielem", "min_label": 11.0}}, {"type": "Feature", "geometry": {"type": "Point", "coordinates": [14.3163, 36.0332]}, "properties": {"name": "Qala", "min_label": 11.0}}, {"type": "Feature", "geometry": {"type": "Point", "coordinates": [14.2978, 36.0451]}, "properties": {"name": "Nadur", "min_label": 11.0}}, {"type": "Feature", "geometry": {"type": "Point", "coordinates": [14.272, 36.0506]}, "properties": {"name": "Xag\u0127ra", "min_label": 11.0}}, {"type": "Feature", "geometry": {"type": "Point", "coordinates": [14.2488, 36.0625]}, "properties": {"name": "\u017bebbu\u0121", "min_label": 11.0}}, {"type": "Feature", "geometry": {"type": "Point", "coordinates": [14.2247, 36.0625]}, "properties": {"name": "G\u0127asri", "min_label": 11.0}}, {"type": "Feature", "geometry": {"type": "Point", "coordinates": [14.2058, 36.0622]}, "properties": {"name": "G\u0127arb", "min_label": 11.0}}, {"type": "Feature", "geometry": {"type": "Point", "coordinates": [12.704, 37.8515]}, "properties": {"name": "Trapani", "min_label": 9.0}}, {"type": "Feature", "geometry": {"type": "Point", "coordinates": [-28.0394, 38.6351]}, "properties": {"name": "Azores", "min_label": 7.7}}, {"type": "Feature", "geometry": {"type": "Point", "coordinates": [25.2262, 39.9531]}, "properties": {"name": "Voreio Aigaio", "min_label": 7.7}}, {"type": "Feature", "geometry": {"type": "Point", "coordinates": [20.5554, 38.2419]}, "properties": {"name": "Ionioi Nisoi", "min_label": 7.7}}, {"type": "Feature", "geometry": {"type": "Point", "coordinates": [14.9117, 38.0465]}, "properties": {"name": "Messina", "min_label": 9.0}}, {"type": "Feature", "geometry": {"type": "Point", "coordinates": [13.5583, 37.889]}, "properties": {"name": "Palermo", "min_label": 9.0}}, {"type": "Feature", "geometry": {"type": "Point", "coordinates": [13.4938, 37.4522]}, "properties": {"name": "Agrigento", "min_label": 9.0}}, {"type": "Feature", "geometry": {"type": "Point", "coordinates": [14.1598, 37.223]}, "properties": {"name": "Caltanissetta", "min_label": 9.0}}, {"type": "Feature", "geometry": {"type": "Point", "coordinates": [14.6539, 36.9079]}, "properties": {"name": "Ragusa", "min_label": 9.0}}, {"type": "Feature", "geometry": {"type": "Point", "coordinates": [15.0549, 37.0869]}, "properties": {"name": "Siracusa", "min_label": 9.0}}, {"type": "Feature", "geometry": {"type": "Point", "coordinates": [14.969, 37.5882]}, "properties": {"name": "Catania", "min_label": 9.0}}, {"type": "Feature", "geometry": {"type": "Point", "coordinates": [2.99156, 39.6162]}, "properties": {"name": "Baleares", "min_label": 7.7}}, {"type": "Feature", "geometry": {"type": "Point", "coordinates": [8.57559, 39.2402]}, "properties": {"name": "Carbonia-Iglesias", "min_label": 9.0}}, {"type": "Feature", "geometry": {"type": "Point", "coordinates": [8.68451, 40.6361]}, "properties": {"name": "Sassari", "min_label": 9.0}}, {"type": "Feature", "geometry": {"type": "Point", "coordinates": [9.40063, 40.3324]}, "properties": {"name": "Nuoro", "min_label": 9.0}}, {"type": "Feature", "geometry": {"type": "Point", "coordinates": [9.28605, 40.9282]}, "properties": {"name": "Olbia-Tempio", "min_label": 9.0}}, {"type": "Feature", "geometry": {"type": "Point", "coordinates": [8.73034, 40.0001]}, "properties": {"name": "Oristrano", "min_label": 9.0}}, {"type": "Feature", "geometry": {"type": "Point", "coordinates": [8.73034, 39.5132]}, "properties": {"name": "Medio Campidano", "min_label": 9.0}}, {"type": "Feature", "geometry": {"type": "Point", "coordinates": [9.2574, 39.4502]}, "properties": {"name": "Cagliari", "min_label": 9.0}}, {"type": "Feature", "geometry": {"type": "Point", "coordinates": [9.52093, 39.8913]}, "properties": {"name": "Ogliastra", "min_label": 9.0}}, {"type": "Feature", "geometry": {"type": "Point", "coordinates": [9.2309, 42.3996]}, "properties": {"name": "Haute-Corse", "min_label": 8.0}}, {"type": "Feature", "geometry": {"type": "Point", "coordinates": [9.02252, 41.8449]}, "properties": {"name": "Corse-du-Sud", "min_label": 8.0}}, {"type": "Feature", "geometry": {"type": "Point", "coordinates": [-2.12454, 49.2298]}, "properties": {"name": "Jersey", "min_label": 18.0}}, {"type": "Feature", "geometry": {"type": "Point", "coordinates": [-2.36628, 49.4309]}, "properties": {"name": "Sark", "min_label": 18.0}}, {"type": "Feature", "geometry": {"type": "Point", "coordinates": [-1.31588, 50.6808]}, "properties": {"name": "Isle of Wight", "min_label": 10.0}}, {"type": "Feature", "geometry": {"type": "Point", "coordinates": [-4.3787, 53.2996]}, "properties": {"name": "Anglesey", "min_label": 10.0}}, {"type": "Feature", "geometry": {"type": "Point", "coordinates": [-4.53251, 54.2274]}, "properties": {"name": "Isle of Man", "min_label": 18.0}}, {"type": "Feature", "geometry": {"type": "Point", "coordinates": [11.7483, 55.4417]}, "properties": {"name": "Sja\u00e6lland", "min_label": 7.7}}, {"type": "Feature", "geometry": {"type": "Point", "coordinates": [12.3198, 55.8486]}, "properties": {"name": "Hovedstaden", "min_label": 7.7}}, {"type": "Feature", "geometry": {"type": "Point", "coordinates": [-6.74587, 58.1103]}, "properties": {"name": "Eilean Siar", "min_label": 10.0}}, {"type": "Feature", "geometry": {"type": "Point", "coordinates": [18.4826, 57.4733]}, "properties": {"name": "Gotland", "min_label": 6.7}}, {"type": "Feature", "geometry": {"type": "Point", "coordinates": [-3.15683, 58.9715]}, "properties": {"name": "Orkney", "min_label": 10.0}}, {"type": "Feature", "geometry": {"type": "Point", "coordinates": [-1.23858, 60.3097]}, "properties": {"name": "Shetland Islands", "min_label": 10.0}}, {"type": "Feature", "geometry": {"type": "Point", "coordinates": [20.2285, 60.1022]}, "properties": {"name": "Lumparland", "min_label": 9.0}}, {"type": "Feature", "geometry": {"type": "Point", "coordinates": [19.5905, 60.2169]}, "properties": {"name": "Ecker\u00f6", "min_label": 9.0}}, {"type": "Feature", "geometry": {"type": "Point", "coordinates": [20.4053, 60.2456]}, "properties": {"name": "V\u00e5rd\u00f6", "min_label": 9.0}}, {"type": "Feature", "geometry": {"type": "Point", "coordinates": [20.8067, 60.2647]}, "properties": {"name": "Kumlinge", "min_label": 9.0}}, {"type": "Feature", "geometry": {"type": "Point", "coordinates": [19.8953, 60.1395]}, "properties": {"name": "Jomala", "min_label": 9.0}}, {"type": "Feature", "geometry": {"type": "Point", "coordinates": [19.9417, 60.0903]}, "properties": {"name": "Mariehamn", "min_label": 9.0}}, {"type": "Feature", "geometry": {"type": "Point", "coordinates": [-6.95941, 62.1385]}, "properties": {"name": "Eysturoyar", "min_label": 8.0}}, {"type": "Feature", "geometry": {"type": "Point", "coordinates": [146.603, -42.1383]}, "properties": {"name": "Tasmania", "min_label": 2.0}}, {"type": "Feature", "geometry": {"type": "Point", "coordinates": [96.905, -12.1915]}, "properties": {"name": "Cocos (Keeling) Islands", "min_label": 3.0}}, {"type": "Feature", "geometry": {"type": "Point", "coordinates": [115.179, -8.3412]}, "properties": {"name": "Bali", "min_label": 4.6}}, {"type": "Feature", "geometry": {"type": "Point", "coordinates": [71.7425, -5.28054]}, "properties": {"name": "British Indian Ocean Territory", "min_label": 18.0}}, {"type": "Feature", "geometry": {"type": "Point", "coordinates": [103.705, 1.33718]}, "properties": {"name": "South West", "min_label": 11.0}}, {"type": "Feature", "geometry": {"type": "Point", "coordinates": [103.846, 1.31704]}, "properties": {"name": "Central Singapore", "min_label": 11.0}}, {"type": "Feature", "geometry": {"type": "Point", "coordinates": [103.932, 1.33524]}, "properties": {"name": "South East", "min_label": 11.0}}, {"type": "Feature", "geometry": {"type": "Point", "coordinates": [103.925, 1.38379]}, "properties": {"name": "North East", "min_label": 11.0}}, {"type": "Feature", "geometry": {"type": "Point", "coordinates": [103.808, 1.41809]}, "properties": {"name": "North West", "min_label": 11.0}}, {"type": "Feature", "geometry": {"type": "Point", "coordinates": [115.222, 5.32524]}, "properties": {"name": "Labuan", "min_label": 7.0}}, {"type": "Feature", "geometry": {"type": "Point", "coordinates": [98.3472, 7.97108]}, "properties": {"name": "Phuket", "min_label": 8.0}}, {"type": "Feature", "geometry": {"type": "Point", "coordinates": [-157.999, 21.4919]}, "properties": {"name": "Hawaii", "min_label": 2.0}}, {"type": "Feature", "geometry": {"type": "Point", "coordinates": [123.802, 24.3349]}, "properties": {"name": "Okinawa", "min_label": 3.0}}, {"type": "Feature", "geometry": {"type": "Point", "coordinates": [118.368, 24.454]}, "properties": {"name": "Kinmen", "min_label": 8.7}}, {"type": "Feature", "geometry": {"type": "Point", "coordinates": [126.557, 33.3741]}, "properties": {"name": "Jeju", "min_label": 8.0}}, {"type": "Feature", "geometry": {"type": "Point", "coordinates": [160.187, 56.5325]}, "properties": {"name": "Kamchatka", "min_label": 4.7}}, {"type": "Feature", "geometry": {"type": "Point", "coordinates": [23.2464, 57.8027]}, "properties": {"name": "Saare", "min_label": 7.0}}, {"type": "Feature", "geometry": {"type": "Point", "coordinates": [22.5428, 58.8594]}, "properties": {"name": "Hiiu", "min_label": 7.0}}, {"type": "Feature", "geometry": {"type": "Point", "coordinates": [20.8903, 59.923]}, "properties": {"name": "K\u00f6kar", "min_label": 9.0}}, {"type": "Feature", "geometry": {"type": "Point", "coordinates": [20.3479, 60.0019]}, "properties": {"name": "F\u00f6gl\u00f6", "min_label": 9.0}}, {"type": "Feature", "geometry": {"type": "Point", "coordinates": [20.6633, 60.1333]}, "properties": {"name": "Sottunga", "min_label": 9.0}}, {"type": "Feature", "geometry": {"type": "Point", "coordinates": [18.069, 78.8124]}, "properties": {"name": "Svalbard", "min_label": 6.7}}, {"type": "Feature", "geometry": {"type": "Point", "coordinates": [158.898, -54.5929]}, "properties": {"name": "Macquarie Island", "min_label": 2.0}}, {"type": "Feature", "geometry": {"type": "Point", "coordinates": [169.183, -52.5455]}, "properties": {"name": "Campbell Islands", "min_label": 7.0}}, {"type": "Feature", "geometry": {"type": "Point", "coordinates": [178.801, -49.6532]}, "properties": {"name": "Antipodes Islands", "min_label": 7.0}}, {"type": "Feature", "geometry": {"type": "Point", "coordinates": [-176.174, -44.2722]}, "properties": {"name": "Chatham Islands Territory", "min_label": 7.0}}, {"type": "Feature", "geometry": {"type": "Point", "coordinates": [159.076, -31.586]}, "properties": {"name": "Lord Howe Island", "min_label": 2.0}}, {"type": "Feature", "geometry": {"type": "Point", "coordinates": [-177.91, -29.2436]}, "properties": {"name": "Kermadec Islands", "min_label": 7.0}}, {"type": "Feature", "geometry": {"type": "Point", "coordinates": [167.954, -29.033]}, "properties": {"name": "Norfolk Island", "min_label": 9.0}}, {"type": "Feature", "geometry": {"type": "Point", "coordinates": [-151.324, -22.5218]}, "properties": {"name": "Austral Islands", "min_label": 11.0}}, {"type": "Feature", "geometry": {"type": "Point", "coordinates": [-157.909, -21.9367]}, "properties": {"name": "Mangaia", "min_label": 11.0}}, {"type": "Feature", "geometry": {"type": "Point", "coordinates": [-157.707, -19.8389]}, "properties": {"name": "Mitiaro", "min_label": 11.0}}, {"type": "Feature", "geometry": {"type": "Point", "coordinates": [-178.72, -20.6657]}, "properties": {"name": "Eastern", "min_label": 8.0}}, {"type": "Feature", "geometry": {"type": "Point", "coordinates": [-173.988, -18.6118]}, "properties": {"name": "Vava'u", "min_label": 11.0}}, {"type": "Feature", "geometry": {"type": "Point", "coordinates": [-178.161, -14.2659]}, "properties": {"name": "Sigave", "min_label": 9.0}}, {"type": "Feature", "geometry": {"type": "Point", "coordinates": [-178.094, -14.3029]}, "properties": {"name": "Alo", "min_label": 9.0}}, {"type": "Feature", "geometry": {"type": "Point", "coordinates": [-171.861, -13.9658]}, "properties": {"name": "Gaga'emauga", "min_label": 9.0}}, {"type": "Feature", "geometry": {"type": "Point", "coordinates": [-172.467, -13.5461]}, "properties": {"name": "Gaga'ifomauga", "min_label": 9.0}}, {"type": "Feature", "geometry": {"type": "Point", "coordinates": [-172.701, -13.5561]}, "properties": {"name": "Vaisigano", "min_label": 9.0}}, {"type": "Feature", "geometry": {"type": "Point", "coordinates": [-172.635, -13.6365]}, "properties": {"name": "Satupa'itea", "min_label": 9.0}}, {"type": "Feature", "geometry": {"type": "Point", "coordinates": [-172.454, -13.7195]}, "properties": {"name": "Palauli", "min_label": 9.0}}, {"type": "Feature", "geometry": {"type": "Point", "coordinates": [-172.243, -13.6516]}, "properties": {"name": "Fa'asaleleaga", "min_label": 9.0}}, {"type": "Feature", "geometry": {"type": "Point", "coordinates": [160.273, -11.6204]}, "properties": {"name": "Rennell and Bellona", "min_label": 7.0}}, {"type": "Feature", "geometry": {"type": "Point", "coordinates": [-139.037, -9.75565]}, "properties": {"name": "Marquesas Islands", "min_label": 11.0}}, {"type": "Feature", "geometry": {"type": "Point", "coordinates": [161.744, -10.2782]}, "properties": {"name": "Makira", "min_label": 7.0}}, {"type": "Feature", "geometry": {"type": "Point", "coordinates": [168.812, -12.277]}, "properties": {"name": "Temotu", "min_label": 7.0}}, {"type": "Feature", "geometry": {"type": "Point", "coordinates": [161.956, -9.75831]}, "properties": {"name": "Malaita", "min_label": 7.0}}, {"type": "Feature", "geometry": {"type": "Point", "coordinates": [160.019, -9.44658]}, "properties": {"name": "Capital Territory (Honiara)", "min_label": 7.0}}, {"type": "Feature", "geometry": {"type": "Point", "coordinates": [160.209, -9.61695]}, "properties": {"name": "Guadalcanal", "min_label": 7.0}}, {"type": "Feature", "geometry": {"type": "Point", "coordinates": [159.825, -9.14003]}, "properties": {"name": "Central", "min_label": 7.0}}, {"type": "Feature", "geometry": {"type": "Point", "coordinates": [-157.956, -8.99614]}, "properties": {"name": "Penrhyn", "min_label": 11.0}}, {"type": "Feature", "geometry": {"type": "Point", "coordinates": [157.551, -8.72999]}, "properties": {"name": "Western", "min_label": 7.0}}, {"type": "Feature", "geometry": {"type": "Point", "coordinates": [179.903, -9.39381]}, "properties": {"name": "Tuvalu", "min_label": 18.0}}, {"type": "Feature", "geometry": {"type": "Point", "coordinates": [159.619, -8.44695]}, "properties": {"name": "Isabel", "min_label": 7.0}}, {"type": "Feature", "geometry": {"type": "Point", "coordinates": [125.551, -9.03099]}, "properties": {"name": "Ainaro", "min_label": 9.0}}, {"type": "Feature", "geometry": {"type": "Point", "coordinates": [125.813, -9.00434]}, "properties": {"name": "Manufahi", "min_label": 9.0}}, {"type": "Feature", "geometry": {"type": "Point", "coordinates": [125.968, -8.737]}, "properties": {"name": "Manatuto", "min_label": 9.0}}, {"type": "Feature", "geometry": {"type": "Point", "coordinates": [126.386, -8.8247]}, "properties": {"name": "Viqueque", "min_label": 9.0}}, {"type": "Feature", "geometry": {"type": "Point", "coordinates": [127.001, -8.50164]}, "properties": {"name": "Laut\u00e9m", "min_label": 9.0}}, {"type": "Feature", "geometry": {"type": "Point", "coordinates": [126.476, -8.53729]}, "properties": {"name": "Baucau", "min_label": 9.0}}, {"type": "Feature", "geometry": {"type": "Point", "coordinates": [125.668, -8.55429]}, "properties": {"name": "Dili", "min_label": 9.0}}, {"type": "Feature", "geometry": {"type": "Point", "coordinates": [125.308, -8.65272]}, "properties": {"name": "Liquica", "min_label": 9.0}}, {"type": "Feature", "geometry": {"type": "Point", "coordinates": [154.632, -5.23625]}, "properties": {"name": "North Solomons", "min_label": 7.0}}, {"type": "Feature", "geometry": {"type": "Point", "coordinates": [149.813, -5.91003]}, "properties": {"name": "West New Britain", "min_label": 7.0}}, {"type": "Feature", "geometry": {"type": "Point", "coordinates": [151.507, -5.65441]}, "properties": {"name": "East New Britain", "min_label": 7.0}}, {"type": "Feature", "geometry": {"type": "Point", "coordinates": [150.25, -2.51821]}, "properties": {"name": "New Ireland", "min_label": 7.0}}, {"type": "Feature", "geometry": {"type": "Point", "coordinates": [106.819, -2.95817]}, "properties": {"name": "Bangka-Belitung", "min_label": 4.6}}, {"type": "Feature", "geometry": {"type": "Point", "coordinates": [147.806, -2.30166]}, "properties": {"name": "Manus", "min_label": 7.0}}, {"type": "Feature", "geometry": {"type": "Point", "coordinates": [73.1092, -0.624137]}, "properties": {"name": "Addu", "min_label": 10.0}}, {"type": "Feature", "geometry": {"type": "Point", "coordinates": [166.936, -0.494702]}, "properties": {"name": "Anetan", "min_label": 9.0}}, {"type": "Feature", "geometry": {"type": "Point", "coordinates": [166.934, -0.502076]}, "properties": {"name": "Ewa", "min_label": 9.0}}, {"type": "Feature", "geometry": {"type": "Point", "coordinates": [166.925, -0.500672]}, "properties": {"name": "Baiti", "min_label": 9.0}}, {"type": "Feature", "geometry": {"type": "Point", "coordinates": [166.924, -0.506992]}, "properties": {"name": "Uaboe", "min_label": 9.0}}, {"type": "Feature", "geometry": {"type": "Point", "coordinates": [166.921, -0.512961]}, "properties": {"name": "Nibok", "min_label": 9.0}}, {"type": "Feature", "geometry": {"type": "Point", "coordinates": [166.914, -0.520335]}, "properties": {"name": "Denigomodu", "min_label": 9.0}}, {"type": "Feature", "geometry": {"type": "Point", "coordinates": [166.913, -0.529816]}, "properties": {"name": "Aiwo", "min_label": 9.0}}, {"type": "Feature", "geometry": {"type": "Point", "coordinates": [166.916, -0.538594]}, "properties": {"name": "Boe", "min_label": 9.0}}, {"type": "Feature", "geometry": {"type": "Point", "coordinates": [166.925, -0.543159]}, "properties": {"name": "Yaren", "min_label": 9.0}}, {"type": "Feature", "geometry": {"type": "Point", "coordinates": [166.939, -0.539648]}, "properties": {"name": "Meneng", "min_label": 9.0}}, {"type": "Feature", "geometry": {"type": "Point", "coordinates": [166.947, -0.519984]}, "properties": {"name": "Anibare", "min_label": 9.0}}, {"type": "Feature", "geometry": {"type": "Point", "coordinates": [166.951, -0.504534]}, "properties": {"name": "Ijuw", "min_label": 9.0}}, {"type": "Feature", "geometry": {"type": "Point", "coordinates": [166.944, -0.497511]}, "properties": {"name": "Anabar", "min_label": 9.0}}, {"type": "Feature", "geometry": {"type": "Point", "coordinates": [73.4348, -0.28897]}, "properties": {"name": "Gnaviyani", "min_label": 10.0}}, {"type": "Feature", "geometry": {"type": "Point", "coordinates": [73.106, 0.22176]}, "properties": {"name": "Gaafu Dhaalu", "min_label": 10.0}}, {"type": "Feature", "geometry": {"type": "Point", "coordinates": [73.3741, 0.764412]}, "properties": {"name": "Gaafu Alifu", "min_label": 10.0}}, {"type": "Feature", "geometry": {"type": "Point", "coordinates": [72.9528, 3.77293]}, "properties": {"name": "Alifu Dhaalu", "min_label": 10.0}}, {"type": "Feature", "geometry": {"type": "Point", "coordinates": [73.6135, 4.35708]}, "properties": {"name": "Kaafu", "min_label": 10.0}}, {"type": "Feature", "geometry": {"type": "Point", "coordinates": [72.9528, 4.26451]}, "properties": {"name": "Alifu Alifu", "min_label": 10.0}}, {"type": "Feature", "geometry": {"type": "Point", "coordinates": [72.9751, 4.88218]}, "properties": {"name": "Baa", "min_label": 10.0}}, {"type": "Feature", "geometry": {"type": "Point", "coordinates": [73.5816, 5.2748]}, "properties": {"name": "Lhaviyani", "min_label": 10.0}}, {"type": "Feature", "geometry": {"type": "Point", "coordinates": [119.835, 4.80751]}, "properties": {"name": "Tawi-Tawi", "min_label": 8.0}}, {"type": "Feature", "geometry": {"type": "Point", "coordinates": [162.927, 5.35641]}, "properties": {"name": "Kosrae", "min_label": 11.0}}, {"type": "Feature", "geometry": {"type": "Point", "coordinates": [72.9751, 5.80628]}, "properties": {"name": "Raa", "min_label": 10.0}}, {"type": "Feature", "geometry": {"type": "Point", "coordinates": [73.2145, 6.28509]}, "properties": {"name": "Shaviyani", "min_label": 10.0}}, {"type": "Feature", "geometry": {"type": "Point", "coordinates": [122.059, 6.49955]}, "properties": {"name": "Basilan", "min_label": 8.0}}, {"type": "Feature", "geometry": {"type": "Point", "coordinates": [158.163, 6.86579]}, "properties": {"name": "Pohnpei", "min_label": 11.0}}, {"type": "Feature", "geometry": {"type": "Point", "coordinates": [151.839, 7.44003]}, "properties": {"name": "Chuuk", "min_label": 11.0}}, {"type": "Feature", "geometry": {"type": "Point", "coordinates": [124.722, 9.17353]}, "properties": {"name": "Camiguin", "min_label": 8.0}}, {"type": "Feature", "geometry": {"type": "Point", "coordinates": [123.597, 9.17807]}, "properties": {"name": "Siquijor", "min_label": 8.0}}, {"type": "Feature", "geometry": {"type": "Point", "coordinates": [124.248, 9.84875]}, "properties": {"name": "Bohol", "min_label": 8.0}}, {"type": "Feature", "geometry": {"type": "Point", "coordinates": [122.61, 10.5577]}, "properties": {"name": "Guimaras", "min_label": 8.0}}, {"type": "Feature", "geometry": {"type": "Point", "coordinates": [122.986, 10.6592]}, "properties": {"name": "Bacolod", "min_label": 8.0}}, {"type": "Feature", "geometry": {"type": "Point", "coordinates": [122.985, 10.4137]}, "properties": {"name": "Negros Occidental", "min_label": 8.0}}, {"type": "Feature", "geometry": {"type": "Point", "coordinates": [123.032, 9.75662]}, "properties": {"name": "Negros Oriental", "min_label": 8.0}}, {"type": "Feature", "geometry": {"type": "Point", "coordinates": [123.899, 10.3024]}, "properties": {"name": "Cebu", "min_label": 8.0}}, {"type": "Feature", "geometry": {"type": "Point", "coordinates": [123.933, 10.3358]}, "properties": {"name": "Mandaue", "min_label": 8.0}}, {"type": "Feature", "geometry": {"type": "Point", "coordinates": [123.695, 10.269]}, "properties": {"name": "Cebu", "min_label": 8.0}}, {"type": "Feature", "geometry": {"type": "Point", "coordinates": [118.673, 9.89211]}, "properties": {"name": "Puerto Princesa", "min_label": 8.0}}, {"type": "Feature", "geometry": {"type": "Point", "coordinates": [124.98, 11.2439]}, "properties": {"name": "Tacloban", "min_label": 8.0}}, {"type": "Feature", "geometry": {"type": "Point", "coordinates": [124.572, 11.0197]}, "properties": {"name": "Ormoc", "min_label": 8.0}}, {"type": "Feature", "geometry": {"type": "Point", "coordinates": [122.223, 11.5611]}, "properties": {"name": "Aklan", "min_label": 8.0}}, {"type": "Feature", "geometry": {"type": "Point", "coordinates": [121.469, 11.8476]}, "properties": {"name": "Antique", "min_label": 8.0}}, {"type": "Feature", "geometry": {"type": "Point", "coordinates": [122.59, 10.9681]}, "properties": {"name": "Iloilo", "min_label": 8.0}}, {"type": "Feature", "geometry": {"type": "Point", "coordinates": [122.541, 10.7447]}, "properties": {"name": "Iloilo", "min_label": 8.0}}, {"type": "Feature", "geometry": {"type": "Point", "coordinates": [122.633, 11.3673]}, "properties": {"name": "Capiz", "min_label": 8.0}}, {"type": "Feature", "geometry": {"type": "Point", "coordinates": [122.555, 12.4045]}, "properties": {"name": "Romblon", "min_label": 8.0}}, {"type": "Feature", "geometry": {"type": "Point", "coordinates": [124.812, 12.3786]}, "properties": {"name": "Northern Samar", "min_label": 8.0}}, {"type": "Feature", "geometry": {"type": "Point", "coordinates": [123.611, 12.2276]}, "properties": {"name": "Masbate", "min_label": 8.0}}, {"type": "Feature", "geometry": {"type": "Point", "coordinates": [121.36, 12.8526]}, "properties": {"name": "Mindoro Oriental", "min_label": 8.0}}, {"type": "Feature", "geometry": {"type": "Point", "coordinates": [121.085, 12.6588]}, "properties": {"name": "Mindoro Occidental", "min_label": 8.0}}, {"type": "Feature", "geometry": {"type": "Point", "coordinates": [121.971, 13.3717]}, "properties": {"name": "Marinduque", "min_label": 8.0}}, {"type": "Feature", "geometry": {"type": "Point", "coordinates": [124.222, 13.8305]}, "properties": {"name": "Catanduanes", "min_label": 8.0}}, {"type": "Feature", "geometry": {"type": "Point", "coordinates": [121.951, 21.1164]}, "properties": {"name": "Batanes", "min_label": 8.0}}, {"type": "Feature", "geometry": {"type": "Point", "coordinates": [-27.1942, -59.4548]}, "properties": {"name": "South Georgia and the South Sandwich Islands", "min_label": 18.0}}, {"type": "Feature", "geometry": {"type": "Point", "coordinates": [3.41677, -54.4151]}, "properties": {"name": "Bouvet Island", "min_label": 6.7}}, {"type": "Feature", "geometry": {"type": "Point", "coordinates": [-59.1944, -51.8593]}, "properties": {"name": "Falkland Islands", "min_label": 18.0}}, {"type": "Feature", "geometry": {"type": "Point", "coordinates": [77.5353, -37.861]}, "properties": {"name": "Iles Saint-Paul et Nouvelle-Amsterdam", "min_label": 11.0}}, {"type": "Feature", "geometry": {"type": "Point", "coordinates": [167.487, -22.608]}, "properties": {"name": "Sud", "min_label": 6.7}}, {"type": "Feature", "geometry": {"type": "Point", "coordinates": [167.976, -21.5326]}, "properties": {"name": "\u00celes Loyaut\u00e9", "min_label": 6.7}}, {"type": "Feature", "geometry": {"type": "Point", "coordinates": [-174.941, -21.3672]}, "properties": {"name": "Eua", "min_label": 11.0}}, {"type": "Feature", "geometry": {"type": "Point", "coordinates": [-159.789, -21.2088]}, "properties": {"name": "Rarotonga", "min_label": 11.0}}, {"type": "Feature", "geometry": {"type": "Point", "coordinates": [-175.155, -21.1718]}, "properties": {"name": "Tongatapu", "min_label": 11.0}}, {"type": "Feature", "geometry": {"type": "Point", "coordinates": [169.818, -20.1892]}, "properties": {"name": "Tafea", "min_label": 9.0}}, {"type": "Feature", "geometry": {"type": "Point", "coordinates": [-174.317, -19.757]}, "properties": {"name": "Ha'apai", "min_label": 11.0}}, {"type": "Feature", "geometry": {"type": "Point", "coordinates": [63.4542, -19.697]}, "properties": {"name": "Rodrigues", "min_label": 11.0}}, {"type": "Feature", "geometry": {"type": "Point", "coordinates": [-169.866, -19.0467]}, "properties": {"name": "Niue", "min_label": 18.0}}, {"type": "Feature", "geometry": {"type": "Point", "coordinates": [174.61, -21.6878]}, "properties": {"name": "Western", "min_label": 8.0}}, {"type": "Feature", "geometry": {"type": "Point", "coordinates": [178.132, -18.3823]}, "properties": {"name": "Central", "min_label": 8.0}}, {"type": "Feature", "geometry": {"type": "Point", "coordinates": [168.301, -16.7385]}, "properties": {"name": "Shefa", "min_label": 9.0}}, {"type": "Feature", "geometry": {"type": "Point", "coordinates": [178.308, -16.8107]}, "properties": {"name": "Northern", "min_label": 8.0}}, {"type": "Feature", "geometry": {"type": "Point", "coordinates": [167.494, -16.3765]}, "properties": {"name": "Malampa", "min_label": 9.0}}, {"type": "Feature", "geometry": {"type": "Point", "coordinates": [167.155, -15.6781]}, "properties": {"name": "Sanma", "min_label": 9.0}}, {"type": "Feature", "geometry": {"type": "Point", "coordinates": [-173.757, -15.9558]}, "properties": {"name": "Niuas", "min_label": 11.0}}, {"type": "Feature", "geometry": {"type": "Point", "coordinates": [168.195, -15.7575]}, "properties": {"name": "Penama", "min_label": 9.0}}, {"type": "Feature", "geometry": {"type": "Point", "coordinates": [-170.768, -14.3241]}, "properties": {"name": "Western", "min_label": 9.0}}, {"type": "Feature", "geometry": {"type": "Point", "coordinates": [-170.639, -14.272]}, "properties": {"name": "Eastern", "min_label": 9.0}}, {"type": "Feature", "geometry": {"type": "Point", "coordinates": [-169.493, -14.2338]}, "properties": {"name": "Manu's", "min_label": 9.0}}, {"type": "Feature", "geometry": {"type": "Point", "coordinates": [167.5, -14.2328]}, "properties": {"name": "Torba", "min_label": 9.0}}, {"type": "Feature", "geometry": {"type": "Point", "coordinates": [-171.592, -14.0212]}, "properties": {"name": "Atua", "min_label": 9.0}}, {"type": "Feature", "geometry": {"type": "Point", "coordinates": [-171.549, -13.9633]}, "properties": {"name": "Va'a-o-Fonoti", "min_label": 9.0}}, {"type": "Feature", "geometry": {"type": "Point", "coordinates": [-171.752, -13.9415]}, "properties": {"name": "Tuamasaga", "min_label": 9.0}}, {"type": "Feature", "geometry": {"type": "Point", "coordinates": [-171.919, -13.9005]}, "properties": {"name": "A'ana", "min_label": 9.0}}, {"type": "Feature", "geometry": {"type": "Point", "coordinates": [-172.039, -13.8904]}, "properties": {"name": "Aiga-i-le-Tai", "min_label": 9.0}}, {"type": "Feature", "geometry": {"type": "Point", "coordinates": [-176.169, -13.2768]}, "properties": {"name": "`Uvea", "min_label": 9.0}}, {"type": "Feature", "geometry": {"type": "Point", "coordinates": [177.067, -12.4964]}, "properties": {"name": "Rotuma", "min_label": 8.0}}, {"type": "Feature", "geometry": {"type": "Point", "coordinates": [157.547, -7.40991]}, "properties": {"name": "Choiseul", "min_label": 7.0}}, {"type": "Feature", "geometry": {"type": "Point", "coordinates": [134.259, 7.02649]}, "properties": {"name": "Peleliu", "min_label": 11.0}}, {"type": "Feature", "geometry": {"type": "Point", "coordinates": [134.446, 7.26579]}, "properties": {"name": "Koror", "min_label": 11.0}}, {"type": "Feature", "geometry": {"type": "Point", "coordinates": [134.575, 7.53794]}, "properties": {"name": "Ngeremlengui", "min_label": 11.0}}, {"type": "Feature", "geometry": {"type": "Point", "coordinates": [134.552, 7.47929]}, "properties": {"name": "Ngatpang", "min_label": 11.0}}, {"type": "Feature", "geometry": {"type": "Point", "coordinates": [134.533, 7.43236]}, "properties": {"name": "Aimeliik", "min_label": 11.0}}, {"type": "Feature", "geometry": {"type": "Point", "coordinates": [134.571, 7.39952]}, "properties": {"name": "Airai", "min_label": 11.0}}, {"type": "Feature", "geometry": {"type": "Point", "coordinates": [134.597, 7.46286]}, "properties": {"name": "Ngchesar", "min_label": 11.0}}, {"type": "Feature", "geometry": {"type": "Point", "coordinates": [134.613, 7.51682]}, "properties": {"name": "Melekeok", "min_label": 11.0}}, {"type": "Feature", "geometry": {"type": "Point", "coordinates": [134.636, 7.57313]}, "properties": {"name": "Ngiwal", "min_label": 11.0}}, {"type": "Feature", "geometry": {"type": "Point", "coordinates": [134.65, 7.65055]}, "properties": {"name": "Ngaraard", "min_label": 11.0}}, {"type": "Feature", "geometry": {"type": "Point", "coordinates": [134.641, 7.70686]}, "properties": {"name": "Ngarchelong", "min_label": 11.0}}, {"type": "Feature", "geometry": {"type": "Point", "coordinates": [134.597, 7.60128]}, "properties": {"name": "Ngardmau", "min_label": 11.0}}, {"type": "Feature", "geometry": {"type": "Point", "coordinates": [138.114, 9.58101]}, "properties": {"name": "Yap", "min_label": 11.0}}, {"type": "Feature", "geometry": {"type": "Point", "coordinates": [144.789, 13.4733]}, "properties": {"name": "Guam", "min_label": 18.0}}, {"type": "Feature", "geometry": {"type": "Point", "coordinates": [145.205, 14.1465]}, "properties": {"name": "Rota", "min_label": 11.0}}, {"type": "Feature", "geometry": {"type": "Point", "coordinates": [145.622, 14.9995]}, "properties": {"name": "Tinian", "min_label": 11.0}}, {"type": "Feature", "geometry": {"type": "Point", "coordinates": [145.744, 15.1921]}, "properties": {"name": "Saipan", "min_label": 11.0}}, {"type": "Feature", "geometry": {"type": "Point", "coordinates": [111.201, 15.7833]}, "properties": {"name": "Paracel Islands", "min_label": 4.6}}, {"type": "Feature", "geometry": {"type": "Point", "coordinates": [145.674, 16.3573]}, "properties": {"name": "Northern Islands", "min_label": 11.0}}, {"type": "Feature", "geometry": {"type": "Point", "coordinates": [-77.0723, 21.0299]}, "properties": {"name": "Las Tunas", "min_label": 7.7}}, {"type": "Feature", "geometry": {"type": "Point", "coordinates": [-82.0296, 22.8761]}, "properties": {"name": "Mayabeque", "min_label": 7.7}}, {"type": "Feature", "geometry": {"type": "Point", "coordinates": [-82.3075, 23.0737]}, "properties": {"name": "Ciudad de la Habana", "min_label": 7.7}}, {"type": "Feature", "geometry": {"type": "Point", "coordinates": [-82.6903, 22.8546]}, "properties": {"name": "Artemisa", "min_label": 7.7}}, {"type": "Feature", "geometry": {"type": "Point", "coordinates": [-83.674, 22.4952]}, "properties": {"name": "Pinar del R\u00edo", "min_label": 7.7}}, {"type": "Feature", "geometry": {"type": "Point", "coordinates": [-80.4831, 22.3253]}, "properties": {"name": "Cienfuegos", "min_label": 7.7}}, {"type": "Feature", "geometry": {"type": "Point", "coordinates": [-76.8386, 20.3212]}, "properties": {"name": "Granma", "min_label": 7.7}}, {"type": "Feature", "geometry": {"type": "Point", "coordinates": [-76.2117, 20.1959]}, "properties": {"name": "Santiago de Cuba", "min_label": 7.7}}, {"type": "Feature", "geometry": {"type": "Point", "coordinates": [119.597, 23.5724]}, "properties": {"name": "Penghu", "min_label": 8.7}}, {"type": "Feature", "geometry": {"type": "Point", "coordinates": [50.5777, 26.2204]}, "properties": {"name": "Al Man\u0101mah", "min_label": 11.0}}, {"type": "Feature", "geometry": {"type": "Point", "coordinates": [50.4868, 26.1624]}, "properties": {"name": "Ash Sham\u0101l\u012byah", "min_label": 11.0}}, {"type": "Feature", "geometry": {"type": "Point", "coordinates": [50.5622, 25.9688]}, "properties": {"name": "Al Jan\u016bb\u012byah", "min_label": 11.0}}, {"type": "Feature", "geometry": {"type": "Point", "coordinates": [50.5738, 26.1373]}, "properties": {"name": "Al Wus\u0163\u00e1", "min_label": 11.0}}, {"type": "Feature", "geometry": {"type": "Point", "coordinates": [-63.3862, 46.3417]}, "properties": {"name": "Prince Edward Island", "min_label": 2.0}}, {"type": "Feature", "geometry": {"type": "Point", "coordinates": [148.43, -17.6554]}, "properties": {"name": "Coral Sea Islands", "min_label": 11.0}}, {"type": "Feature", "geometry": {"type": "Point", "coordinates": [-157.312, -20.1852]}, "properties": {"name": "Mauke", "min_label": 11.0}}, {"type": "Feature", "geometry": {"type": "Point", "coordinates": [-158.089, -20.0232]}, "properties": {"name": "Atiu", "min_label": 11.0}}, {"type": "Feature", "geometry": {"type": "Point", "coordinates": [-158.892, -19.2709]}, "properties": {"name": "Aitutaki", "min_label": 11.0}}, {"type": "Feature", "geometry": {"type": "Point", "coordinates": [-168.166, -14.525]}, "properties": {"name": "Rose Atoll", "min_label": 9.0}}, {"type": "Feature", "geometry": {"type": "Point", "coordinates": [-171.08, -11.0577]}, "properties": {"name": "Swain's Island", "min_label": 9.0}}, {"type": "Feature", "geometry": {"type": "Point", "coordinates": [-165.802, -10.9163]}, "properties": {"name": "Pukapuka", "min_label": 11.0}}, {"type": "Feature", "geometry": {"type": "Point", "coordinates": [105.648, -10.4913]}, "properties": {"name": "Christmas Island", "min_label": 3.0}}, {"type": "Feature", "geometry": {"type": "Point", "coordinates": [-160.963, -10.4098]}, "properties": {"name": "Manihiki", "min_label": 11.0}}, {"type": "Feature", "geometry": {"type": "Point", "coordinates": [-161.065, -10.0641]}, "properties": {"name": "Rakahanga", "min_label": 11.0}}, {"type": "Feature", "geometry": {"type": "Point", "coordinates": [-171.195, -9.34449]}, "properties": {"name": "Tokelau", "min_label": 7.0}}, {"type": "Feature", "geometry": {"type": "Point", "coordinates": [-160.018, -0.380268]}, "properties": {"name": "Jarvis Island", "min_label": 11.0}}, {"type": "Feature", "geometry": {"type": "Point", "coordinates": [-176.479, 0.194931]}, "properties": {"name": "Baker Island", "min_label": 11.0}}, {"type": "Feature", "geometry": {"type": "Point", "coordinates": [-176.638, 0.80217]}, "properties": {"name": "Howland Island", "min_label": 11.0}}, {"type": "Feature", "geometry": {"type": "Point", "coordinates": [73.5114, 1.83216]}, "properties": {"name": "Laamu", "min_label": 10.0}}, {"type": "Feature", "geometry": {"type": "Point", "coordinates": [73.1252, 2.19286]}, "properties": {"name": "Thaa", "min_label": 10.0}}, {"type": "Feature", "geometry": {"type": "Point", "coordinates": [72.9017, 2.67806]}, "properties": {"name": "Dhaalu", "min_label": 10.0}}, {"type": "Feature", "geometry": {"type": "Point", "coordinates": [73.5688, 2.94938]}, "properties": {"name": "Meemu", "min_label": 10.0}}, {"type": "Feature", "geometry": {"type": "Point", "coordinates": [131.794, 2.96318]}, "properties": {"name": "Hatobohei", "min_label": 11.0}}, {"type": "Feature", "geometry": {"type": "Point", "coordinates": [72.8315, 3.30689]}, "properties": {"name": "Faafu", "min_label": 10.0}}, {"type": "Feature", "geometry": {"type": "Point", "coordinates": [73.5082, 3.49522]}, "properties": {"name": "Vaavu", "min_label": 10.0}}, {"type": "Feature", "geometry": {"type": "Point", "coordinates": [73.5188, 4.17219]}, "properties": {"name": "Mal\u00e9", "min_label": 10.0}}, {"type": "Feature", "geometry": {"type": "Point", "coordinates": [132.204, 5.28876]}, "properties": {"name": "Sonsorol", "min_label": 11.0}}, {"type": "Feature", "geometry": {"type": "Point", "coordinates": [73.3837, 5.78713]}, "properties": {"name": "Noonu", "min_label": 10.0}}, {"type": "Feature", "geometry": {"type": "Point", "coordinates": [73.0473, 6.62205]}, "properties": {"name": "Haa Dhaalu", "min_label": 10.0}}, {"type": "Feature", "geometry": {"type": "Point", "coordinates": [72.9797, 7.02774]}, "properties": {"name": "Haa Alifu", "min_label": 10.0}}, {"type": "Feature", "geometry": {"type": "Point", "coordinates": [134.158, 6.91388]}, "properties": {"name": "Angaur", "min_label": 11.0}}, {"type": "Feature", "geometry": {"type": "Point", "coordinates": [113.342, 8.26522]}, "properties": {"name": "Spratly Islands", "min_label": 18.0}}, {"type": "Feature", "geometry": {"type": "Point", "coordinates": [166.643, 19.2863]}, "properties": {"name": "Wake Atoll", "min_label": 11.0}}, {"type": "Feature", "geometry": {"type": "Point", "coordinates": [-79.2811, 25.7074]}, "properties": {"name": "Bimini", "min_label": 8.0}}, {"type": "Feature", "geometry": {"type": "Point", "coordinates": [-177.376, 28.206]}, "properties": {"name": "Midway Islands", "min_label": 11.0}}, {"type": "Feature", "geometry": {"type": "Point", "coordinates": [-4.75267, 50.4407]}, "properties": {"name": "Isles of Scilly", "min_label": 10.0}}, {"type": "Feature", "geometry": {"type": "Point", "coordinates": [-159.771, -18.8968]}, "properties": {"name": "Palmerston", "min_label": 11.0}}, {"type": "Feature", "geometry": {"type": "Point", "coordinates": [-109.222, 10.2973]}, "properties": {"name": "Clipperton Island", "min_label": 11.0}}, {"type": "Feature", "geometry": {"type": "Point", "coordinates": [-63.2371, 17.6325]}, "properties": {"name": "Saba", "min_label": 8.0}}, {"type": "Feature", "geometry": {"type": "Point", "coordinates": [-75.011, 18.4043]}, "properties": {"name": "Navassa Island", "min_label": 11.0}}, {"type": "Feature", "geometry": {"type": "Point", "coordinates": [-71.2072, 21.3295]}, "properties": {"name": "Salt Cay", "min_label": 11.0}}, {"type": "Feature", "geometry": {"type": "Point", "coordinates": [113.56, 22.1349]}, "properties": {"name": "Macau", "min_label": 18.0}}, {"type": "Feature", "geometry": {"type": "Point", "coordinates": [-75.7413, 22.2296]}, "properties": {"name": "Ragged Island", "min_label": 8.0}}, {"type": "Feature", "geometry": {"type": "Point", "coordinates": [113.954, 22.2597]}, "properties": {"name": "Islands", "min_label": 11.0}}, {"type": "Feature", "geometry": {"type": "Point", "coordinates": [114.204, 22.2402]}, "properties": {"name": "Southern", "min_label": 11.0}}, {"type": "Feature", "geometry": {"type": "Point", "coordinates": [114.144, 22.2741]}, "properties": {"name": "Central and Western", "min_label": 11.0}}, {"type": "Feature", "geometry": {"type": "Point", "coordinates": [114.178, 22.2699]}, "properties": {"name": "Wan Chai", "min_label": 11.0}}, {"type": "Feature", "geometry": {"type": "Point", "coordinates": [114.213, 22.2706]}, "properties": {"name": "Eastern", "min_label": 11.0}}, {"type": "Feature", "geometry": {"type": "Point", "coordinates": [114.12, 22.3869]}, "properties": {"name": "Tsuen Wan", "min_label": 11.0}}, {"type": "Feature", "geometry": {"type": "Point", "coordinates": [114.154, 22.4447]}, "properties": {"name": "Tai Po", "min_label": 11.0}}, {"type": "Feature", "geometry": {"type": "Point", "coordinates": [114.2, 22.3807]}, "properties": {"name": "Sha Tin", "min_label": 11.0}}, {"type": "Feature", "geometry": {"type": "Point", "coordinates": [114.249, 22.3463]}, "properties": {"name": "Sai Kung", "min_label": 11.0}}, {"type": "Feature", "geometry": {"type": "Point", "coordinates": [114.225, 22.3159]}, "properties": {"name": "Kwun Tong", "min_label": 11.0}}, {"type": "Feature", "geometry": {"type": "Point", "coordinates": [114.19, 22.3268]}, "properties": {"name": "Kowloon City", "min_label": 11.0}}, {"type": "Feature", "geometry": {"type": "Point", "coordinates": [114.169, 22.3128]}, "properties": {"name": "Yau Tsim Mong", "min_label": 11.0}}, {"type": "Feature", "geometry": {"type": "Point", "coordinates": [114.164, 22.3331]}, "properties": {"name": "Sham Shui Po", "min_label": 11.0}}, {"type": "Feature", "geometry": {"type": "Point", "coordinates": [114.14, 22.351]}, "properties": {"name": "Kwai Tsing", "min_label": 11.0}}, {"type": "Feature", "geometry": {"type": "Point", "coordinates": [113.991, 22.3846]}, "properties": {"name": "Tuen Mun", "min_label": 11.0}}, {"type": "Feature", "geometry": {"type": "Point", "coordinates": [114.058, 22.4415]}, "properties": {"name": "Yuen Long", "min_label": 11.0}}, {"type": "Feature", "geometry": {"type": "Point", "coordinates": [20.1496, 60.0449]}, "properties": {"name": "Lemland", "min_label": 9.0}}, {"type": "Feature", "geometry": {"type": "Point", "coordinates": [21.048, 60.4104]}, "properties": {"name": "Br\u00e4nd\u00f6", "min_label": 9.0}}, {"type": "Feature", "geometry": {"type": "Point", "coordinates": [166.608, -48.0227]}, "properties": {"name": "The Snares", "min_label": 7.0}}, {"type": "Feature", "geometry": {"type": "Point", "coordinates": [167.928, -45.6455]}, "properties": {"name": "Southland", "min_label": 7.0}}, {"type": "Feature", "geometry": {"type": "Point", "coordinates": [173.656, -41.638]}, "properties": {"name": "Marlborough District", "min_label": 7.0}}, {"type": "Feature", "geometry": {"type": "Point", "coordinates": [173.388, -41.2508]}, "properties": {"name": "Nelson City", "min_label": 7.0}}, {"type": "Feature", "geometry": {"type": "Point", "coordinates": [172.675, -41.6713]}, "properties": {"name": "Tasman District", "min_label": 7.0}}, {"type": "Feature", "geometry": {"type": "Point", "coordinates": [170.402, -43.362]}, "properties": {"name": "West Coast", "min_label": 7.0}}, {"type": "Feature", "geometry": {"type": "Point", "coordinates": [169.887, -45.4296]}, "properties": {"name": "Otago", "min_label": 7.0}}, {"type": "Feature", "geometry": {"type": "Point", "coordinates": [171.813, -43.4]}, "properties": {"name": "Canterbury", "min_label": 7.0}}, {"type": "Feature", "geometry": {"type": "Point", "coordinates": [174.597, -36.6334]}, "properties": {"name": "Auckland", "min_label": 7.0}}, {"type": "Feature", "geometry": {"type": "Point", "coordinates": [175.445, -38.0409]}, "properties": {"name": "Waikato", "min_label": 7.0}}, {"type": "Feature", "geometry": {"type": "Point", "coordinates": [172.135, -34.1566]}, "properties": {"name": "Three Kings Islands", "min_label": 7.0}}, {"type": "Feature", "geometry": {"type": "Point", "coordinates": [175.2, -41.2275]}, "properties": {"name": "Wellington", "min_label": 7.0}}, {"type": "Feature", "geometry": {"type": "Point", "coordinates": [175.627, -39.8518]}, "properties": {"name": "Manawatu-Wanganui", "min_label": 7.0}}, {"type": "Feature", "geometry": {"type": "Point", "coordinates": [174.414, -39.3382]}, "properties": {"name": "Taranaki", "min_label": 7.0}}, {"type": "Feature", "geometry": {"type": "Point", "coordinates": [173.981, -35.5874]}, "properties": {"name": "Northland", "min_label": 7.0}}, {"type": "Feature", "geometry": {"type": "Point", "coordinates": [176.858, -38.2161]}, "properties": {"name": "Bay of Plenty", "min_label": 7.0}}, {"type": "Feature", "geometry": {"type": "Point", "coordinates": [177.93, -38.3442]}, "properties": {"name": "Gisborne District", "min_label": 7.0}}, {"type": "Feature", "geometry": {"type": "Point", "coordinates": [176.605, -39.5434]}, "properties": {"name": "Hawke's Bay", "min_label": 7.0}}, {"type": "Feature", "geometry": {"type": "Point", "coordinates": [123.586, -12.4325]}, "properties": {"name": "Ashmore and Cartier Islands", "min_label": 11.0}}, {"type": "Feature", "geometry": {"type": "Point", "coordinates": [-162.076, 5.88359]}, "properties": {"name": "Palmyra Atoll", "min_label": 11.0}}, {"type": "Feature", "geometry": {"type": "Point", "coordinates": [134.711, 8.0705]}, "properties": {"name": "Kayangel", "min_label": 11.0}}, {"type": "Feature", "geometry": {"type": "Point", "coordinates": [123.959, 10.2992]}, "properties": {"name": "Lapu-Lapu", "min_label": 8.0}}, {"type": "Feature", "geometry": {"type": "Point", "coordinates": [-62.3467, 16.9335]}, "properties": {"name": "Redonda", "min_label": 11.0}}, {"type": "Feature", "geometry": {"type": "Point", "coordinates": [-76.7641, 25.5443]}, "properties": {"name": "Harbour Island", "min_label": 8.0}}, {"type": "Feature", "geometry": {"type": "Point", "coordinates": [-76.8334, 25.5237]}, "properties": {"name": "Spanish Wells", "min_label": 8.0}}, {"type": "Feature", "geometry": {"type": "Point", "coordinates": [50.6376, 26.261]}, "properties": {"name": "Al Mu\u1e29arraq", "min_label": 11.0}}, {"type": "Feature", "geometry": {"type": "Point", "coordinates": [29.4323, -19.0828]}, "properties": {"name": "Midlands", "min_label": 6.7}}, {"type": "Feature", "geometry": {"type": "Point", "coordinates": [31.0506, -17.8928]}, "properties": {"name": "Harare", "min_label": 6.7}}, {"type": "Feature", "geometry": {"type": "Point", "coordinates": [28.5463, -20.1393]}, "properties": {"name": "Bulawayo", "min_label": 6.7}}, {"type": "Feature", "geometry": {"type": "Point", "coordinates": [45.7376, 15.5368]}, "properties": {"name": "Ma'rib", "min_label": 8.7}}, {"type": "Feature", "geometry": {"type": "Point", "coordinates": [44.368, 15.2262]}, "properties": {"name": "Sana'a", "min_label": 8.7}}, {"type": "Feature", "geometry": {"type": "Point", "coordinates": [43.758, 14.6655]}, "properties": {"name": "Raymah", "min_label": 8.7}}, {"type": "Feature", "geometry": {"type": "Point", "coordinates": [45.3371, 14.2903]}, "properties": {"name": "Al Bayda'", "min_label": 8.7}}, {"type": "Feature", "geometry": {"type": "Point", "coordinates": [44.0107, 16.0938]}, "properties": {"name": "Amran", "min_label": 8.7}}, {"type": "Feature", "geometry": {"type": "Point", "coordinates": [44.7937, 13.8965]}, "properties": {"name": "Al Dali'", "min_label": 8.7}}, {"type": "Feature", "geometry": {"type": "Point", "coordinates": [44.2012, 14.0543]}, "properties": {"name": "Ibb", "min_label": 8.7}}, {"type": "Feature", "geometry": {"type": "Point", "coordinates": [43.649, 15.38]}, "properties": {"name": "Al Mahwit", "min_label": 8.7}}, {"type": "Feature", "geometry": {"type": "Point", "coordinates": [44.2001, 14.6805]}, "properties": {"name": "Dhamar", "min_label": 8.7}}, {"type": "Feature", "geometry": {"type": "Point", "coordinates": [105.34, 20.7292]}, "properties": {"name": "H\u00f2a B\u00ecnh", "min_label": 8.0}}, {"type": "Feature", "geometry": {"type": "Point", "coordinates": [105.229, 22.131]}, "properties": {"name": "Tuy\u00ean Quang", "min_label": 8.0}}, {"type": "Feature", "geometry": {"type": "Point", "coordinates": [104.512, 21.7484]}, "properties": {"name": "Y\u00ean B\u00e1i", "min_label": 8.0}}, {"type": "Feature", "geometry": {"type": "Point", "coordinates": [105.549, 21.3455]}, "properties": {"name": "V\u0129nh Ph\u00fac", "min_label": 8.0}}, {"type": "Feature", "geometry": {"type": "Point", "coordinates": [105.143, 21.3127]}, "properties": {"name": "Ph\u00fa Th\u1ecd", "min_label": 8.0}}, {"type": "Feature", "geometry": {"type": "Point", "coordinates": [105.872, 21.1306]}, "properties": {"name": "Ha Noi", "min_label": 8.0}}, {"type": "Feature", "geometry": {"type": "Point", "coordinates": [105.874, 22.1476]}, "properties": {"name": "\u0110\u00f4ng B\u1eafc", "min_label": 8.0}}, {"type": "Feature", "geometry": {"type": "Point", "coordinates": [106.076, 20.8085]}, "properties": {"name": "\u0110\u1ed3ng B\u1eb1ng S\u00f4ng H\u1ed3ng", "min_label": 8.0}}, {"type": "Feature", "geometry": {"type": "Point", "coordinates": [106.117, 21.098]}, "properties": {"name": "B\u1eafc Ninh", "min_label": 8.0}}, {"type": "Feature", "geometry": {"type": "Point", "coordinates": [106.493, 21.3512]}, "properties": {"name": "B\u1eafc Giang", "min_label": 8.0}}, {"type": "Feature", "geometry": {"type": "Point", "coordinates": [105.887, 21.5812]}, "properties": {"name": "Th\u00e1i Nguy\u00ean", "min_label": 8.0}}, {"type": "Feature", "geometry": {"type": "Point", "coordinates": [106.364, 20.9613]}, "properties": {"name": "H\u1ea3i D\u01b0\u01a1ng", "min_label": 8.0}}, {"type": "Feature", "geometry": {"type": "Point", "coordinates": [105.985, 20.5569]}, "properties": {"name": "H\u00e0 Nam", "min_label": 8.0}}, {"type": "Feature", "geometry": {"type": "Point", "coordinates": [106.659, 11.1382]}, "properties": {"name": "B\u00ecnh D\u01b0\u01a1ng", "min_label": 8.0}}, {"type": "Feature", "geometry": {"type": "Point", "coordinates": [108.0, 11.5362]}, "properties": {"name": "L\u00e2m \u0110\u1ed3ng", "min_label": 8.0}}, {"type": "Feature", "geometry": {"type": "Point", "coordinates": [105.685, 10.2421]}, "properties": {"name": "Can Tho", "min_label": 8.0}}, {"type": "Feature", "geometry": {"type": "Point", "coordinates": [-55.6607, -32.1061]}, "properties": {"name": "Tacuaremb\u00f3", "min_label": 8.0}}, {"type": "Feature", "geometry": {"type": "Point", "coordinates": [-56.0945, -33.1016]}, "properties": {"name": "Durazno", "min_label": 8.0}}, {"type": "Feature", "geometry": {"type": "Point", "coordinates": [-56.8849, -33.5902]}, "properties": {"name": "Flores", "min_label": 8.0}}, {"type": "Feature", "geometry": {"type": "Point", "coordinates": [-55.812, -33.835]}, "properties": {"name": "Florida", "min_label": 8.0}}, {"type": "Feature", "geometry": {"type": "Point", "coordinates": [-54.8724, -33.8788]}, "properties": {"name": "Lavalleja", "min_label": 8.0}}, {"type": "Feature", "geometry": {"type": "Point", "coordinates": [-66.4794, 8.7237]}, "properties": {"name": "Gu\u00e1rico", "min_label": 6.7}}, {"type": "Feature", "geometry": {"type": "Point", "coordinates": [-68.3738, 9.30182]}, "properties": {"name": "Cojedes", "min_label": 6.7}}, {"type": "Feature", "geometry": {"type": "Point", "coordinates": [-66.964, 10.4857]}, "properties": {"name": "Distrito Capital", "min_label": 6.7}}, {"type": "Feature", "geometry": {"type": "Point", "coordinates": [-69.9798, 8.22379]}, "properties": {"name": "Barinas", "min_label": 6.7}}, {"type": "Feature", "geometry": {"type": "Point", "coordinates": [-69.8053, 10.1552]}, "properties": {"name": "Lara", "min_label": 6.7}}, {"type": "Feature", "geometry": {"type": "Point", "coordinates": [-69.3776, 9.15625]}, "properties": {"name": "Portuguesa", "min_label": 6.7}}, {"type": "Feature", "geometry": {"type": "Point", "coordinates": [33.7723, 49.6978]}, "properties": {"name": "Poltava", "min_label": 6.7}}, {"type": "Feature", "geometry": {"type": "Point", "coordinates": [27.0187, 49.5537]}, "properties": {"name": "Khmel'nyts'kyy", "min_label": 6.7}}, {"type": "Feature", "geometry": {"type": "Point", "coordinates": [25.5438, 49.4739]}, "properties": {"name": "Ternopil'", "min_label": 6.7}}, {"type": "Feature", "geometry": {"type": "Point", "coordinates": [34.9555, 48.6313]}, "properties": {"name": "Dnipropetrovs'k", "min_label": 6.7}}, {"type": "Feature", "geometry": {"type": "Point", "coordinates": [31.2241, 49.1506]}, "properties": {"name": "Cherkasy", "min_label": 6.7}}, {"type": "Feature", "geometry": {"type": "Point", "coordinates": [31.8288, 48.4261]}, "properties": {"name": "Kirovohrad", "min_label": 6.7}}, {"type": "Feature", "geometry": {"type": "Point", "coordinates": [9.33745, 35.5597]}, "properties": {"name": "Siliana", "min_label": 7.7}}, {"type": "Feature", "geometry": {"type": "Point", "coordinates": [9.43328, 34.9757]}, "properties": {"name": "Sidi Bou Zid", "min_label": 7.7}}, {"type": "Feature", "geometry": {"type": "Point", "coordinates": [9.78892, 35.6154]}, "properties": {"name": "Kairouan", "min_label": 7.7}}, {"type": "Feature", "geometry": {"type": "Point", "coordinates": [9.96916, 36.3427]}, "properties": {"name": "Zaghouan", "min_label": 7.7}}, {"type": "Feature", "geometry": {"type": "Point", "coordinates": [7.65026, 46.7988]}, "properties": {"name": "Bern", "min_label": 8.7}}, {"type": "Feature", "geometry": {"type": "Point", "coordinates": [8.17219, 47.096]}, "properties": {"name": "Lucerne", "min_label": 8.7}}, {"type": "Feature", "geometry": {"type": "Point", "coordinates": [8.54747, 47.1578]}, "properties": {"name": "Zug", "min_label": 8.7}}, {"type": "Feature", "geometry": {"type": "Point", "coordinates": [8.63301, 46.809]}, "properties": {"name": "Uri", "min_label": 8.7}}, {"type": "Feature", "geometry": {"type": "Point", "coordinates": [8.68573, 47.0455]}, "properties": {"name": "Schwyz", "min_label": 8.7}}, {"type": "Feature", "geometry": {"type": "Point", "coordinates": [9.05651, 47.0096]}, "properties": {"name": "Glarus", "min_label": 8.7}}, {"type": "Feature", "geometry": {"type": "Point", "coordinates": [8.40344, 46.934]}, "properties": {"name": "Nidwalden", "min_label": 8.7}}, {"type": "Feature", "geometry": {"type": "Point", "coordinates": [6.85219, 46.8411]}, "properties": {"name": "Fribourg", "min_label": 8.7}}, {"type": "Feature", "geometry": {"type": "Point", "coordinates": [8.20594, 46.8686]}, "properties": {"name": "Obwalden", "min_label": 8.7}}, {"type": "Feature", "geometry": {"type": "Point", "coordinates": [15.7082, 46.6254]}, "properties": {"name": "Pesnica", "min_label": 11.0}}, {"type": "Feature", "geometry": {"type": "Point", "coordinates": [15.7689, 46.512]}, "properties": {"name": "Duplek", "min_label": 11.0}}, {"type": "Feature", "geometry": {"type": "Point", "coordinates": [15.7138, 46.4853]}, "properties": {"name": "Miklav\u017e na Dravskem polju", "min_label": 11.0}}, {"type": "Feature", "geometry": {"type": "Point", "coordinates": [15.6245, 46.4943]}, "properties": {"name": "Hoce-Slivnica", "min_label": 11.0}}, {"type": "Feature", "geometry": {"type": "Point", "coordinates": [15.8548, 46.5575]}, "properties": {"name": "Lenart", "min_label": 11.0}}, {"type": "Feature", "geometry": {"type": "Point", "coordinates": [15.8405, 46.6459]}, "properties": {"name": "Sveta Ana", "min_label": 11.0}}, {"type": "Feature", "geometry": {"type": "Point", "coordinates": [15.3869, 46.5291]}, "properties": {"name": "Lovrenc na Pohorju", "min_label": 11.0}}, {"type": "Feature", "geometry": {"type": "Point", "coordinates": [15.2558, 46.5309]}, "properties": {"name": "Ribnica na Pohorju", "min_label": 11.0}}, {"type": "Feature", "geometry": {"type": "Point", "coordinates": [15.076, 46.4914]}, "properties": {"name": "Slovenj Gradec", "min_label": 11.0}}, {"type": "Feature", "geometry": {"type": "Point", "coordinates": [15.1575, 46.5669]}, "properties": {"name": "Vuzenica", "min_label": 11.0}}, {"type": "Feature", "geometry": {"type": "Point", "coordinates": [144.894, -6.27374]}, "properties": {"name": "Chimbu", "min_label": 7.0}}, {"type": "Feature", "geometry": {"type": "Point", "coordinates": [143.505, -5.48883]}, "properties": {"name": "Enga", "min_label": 7.0}}, {"type": "Feature", "geometry": {"type": "Point", "coordinates": [144.404, -5.77031]}, "properties": {"name": "Western Highlands", "min_label": 7.0}}, {"type": "Feature", "geometry": {"type": "Point", "coordinates": [143.446, -6.38625]}, "properties": {"name": "Southern Highlands", "min_label": 7.0}}, {"type": "Feature", "geometry": {"type": "Point", "coordinates": [145.557, -6.4841]}, "properties": {"name": "Eastern Highlands", "min_label": 7.0}}, {"type": "Feature", "geometry": {"type": "Point", "coordinates": [29.0355, 47.1782]}, "properties": {"name": "Criuleni", "min_label": 10.0}}, {"type": "Feature", "geometry": {"type": "Point", "coordinates": [28.5847, 47.1828]}, "properties": {"name": "Str\u0103\u015feni", "min_label": 10.0}}, {"type": "Feature", "geometry": {"type": "Point", "coordinates": [29.1922, 46.8817]}, "properties": {"name": "Anenii Noi", "min_label": 10.0}}, {"type": "Feature", "geometry": {"type": "Point", "coordinates": [28.8156, 47.3961]}, "properties": {"name": "Orhei", "min_label": 10.0}}, {"type": "Feature", "geometry": {"type": "Point", "coordinates": [29.1574, 47.2616]}, "properties": {"name": "Transnistria", "min_label": 10.0}}, {"type": "Feature", "geometry": {"type": "Point", "coordinates": [28.822, 47.0348]}, "properties": {"name": "Chi\u015fin\u0103u", "min_label": 10.0}}, {"type": "Feature", "geometry": {"type": "Point", "coordinates": [28.4349, 47.566]}, "properties": {"name": "Telene\u015fti", "min_label": 10.0}}, {"type": "Feature", "geometry": {"type": "Point", "coordinates": [28.6952, 47.8423]}, "properties": {"name": "\u015eold\u0103ne\u015fti", "min_label": 10.0}}, {"type": "Feature", "geometry": {"type": "Point", "coordinates": [28.2994, 47.8707]}, "properties": {"name": "Flore\u015fti", "min_label": 10.0}}, {"type": "Feature", "geometry": {"type": "Point", "coordinates": [28.819, 47.6683]}, "properties": {"name": "Rezina", "min_label": 10.0}}, {"type": "Feature", "geometry": {"type": "Point", "coordinates": [28.7874, 46.8905]}, "properties": {"name": "Ialoveni", "min_label": 10.0}}, {"type": "Feature", "geometry": {"type": "Point", "coordinates": [31.6806, 40.5854]}, "properties": {"name": "Bolu", "min_label": 7.0}}, {"type": "Feature", "geometry": {"type": "Point", "coordinates": [32.578, 39.829]}, "properties": {"name": "Ankara", "min_label": 7.0}}, {"type": "Feature", "geometry": {"type": "Point", "coordinates": [30.2002, 40.0387]}, "properties": {"name": "Bilecik", "min_label": 7.0}}, {"type": "Feature", "geometry": {"type": "Point", "coordinates": [31.0894, 39.6297]}, "properties": {"name": "Eskisehir", "min_label": 7.0}}, {"type": "Feature", "geometry": {"type": "Point", "coordinates": [33.2142, 40.7087]}, "properties": {"name": "\u00c7ankiri", "min_label": 7.0}}, {"type": "Feature", "geometry": {"type": "Point", "coordinates": [32.5067, 41.2347]}, "properties": {"name": "Karab\u00fck", "min_label": 7.0}}, {"type": "Feature", "geometry": {"type": "Point", "coordinates": [85.0584, 23.5221]}, "properties": {"name": "Jharkhand", "min_label": 4.6}}, {"type": "Feature", "geometry": {"type": "Point", "coordinates": [77.0856, 28.69]}, "properties": {"name": "Delhi", "min_label": 4.6}}, {"type": "Feature", "geometry": {"type": "Point", "coordinates": [76.7605, 30.7452]}, "properties": {"name": "Chandigarh", "min_label": 4.6}}, {"type": "Feature", "geometry": {"type": "Point", "coordinates": [78.4214, 22.9404]}, "properties": {"name": "Madhya Pradesh", "min_label": 4.6}}, {"type": "Feature", "geometry": {"type": "Point", "coordinates": [-111.544, 39.5007]}, "properties": {"name": "Utah", "min_label": 2.0}}, {"type": "Feature", "geometry": {"type": "Point", "coordinates": [-107.552, 42.9999]}, "properties": {"name": "Wyoming", "min_label": 2.0}}, {"type": "Feature", "geometry": {"type": "Point", "coordinates": [-117.02, 39.4299]}, "properties": {"name": "Nevada", "min_label": 2.0}}, {"type": "Feature", "geometry": {"type": "Point", "coordinates": [-105.543, 38.9998]}, "properties": {"name": "Colorado", "min_label": 2.0}}, {"type": "Feature", "geometry": {"type": "Point", "coordinates": [-100.255, 44.4711]}, "properties": {"name": "South Dakota", "min_label": 2.0}}, {"type": "Feature", "geometry": {"type": "Point", "coordinates": [-99.6855, 41.5002]}, "properties": {"name": "Nebraska", "min_label": 2.0}}, {"type": "Feature", "geometry": {"type": "Point", "coordinates": [-98.3309, 38.5]}, "properties": {"name": "Kansas", "min_label": 2.0}}, {"type": "Feature", "geometry": {"type": "Point", "coordinates": [-97.1309, 35.452]}, "properties": {"name": "Oklahoma", "min_label": 2.0}}, {"type": "Feature", "geometry": {"type": "Point", "coordinates": [-93.3891, 42.0423]}, "properties": {"name": "Iowa", "min_label": 2.0}}, {"type": "Feature", "geometry": {"type": "Point", "coordinates": [-92.446, 38.5487]}, "properties": {"name": "Missouri", "min_label": 2.0}}, {"type": "Feature", "geometry": {"type": "Point", "coordinates": [-61.2804, 10.6284]}, "properties": {"name": "Arima", "min_label": 10.0}}, {"type": "Feature", "geometry": {"type": "Point", "coordinates": [102.683, 16.5762]}, "properties": {"name": "Khon Kaen", "min_label": 8.0}}, {"type": "Feature", "geometry": {"type": "Point", "coordinates": [103.845, 17.3577]}, "properties": {"name": "Sakon Nakhon", "min_label": 8.0}}, {"type": "Feature", "geometry": {"type": "Point", "coordinates": [100.034, 14.4298]}, "properties": {"name": "Suphan Buri", "min_label": 8.0}}, {"type": "Feature", "geometry": {"type": "Point", "coordinates": [100.343, 14.9746]}, "properties": {"name": "Sing Buri", "min_label": 8.0}}, {"type": "Feature", "geometry": {"type": "Point", "coordinates": [100.013, 15.1055]}, "properties": {"name": "Chai Nat", "min_label": 8.0}}, {"type": "Feature", "geometry": {"type": "Point", "coordinates": [100.357, 14.6335]}, "properties": {"name": "Ang Thong", "min_label": 8.0}}, {"type": "Feature", "geometry": {"type": "Point", "coordinates": [100.909, 14.4914]}, "properties": {"name": "Saraburi", "min_label": 8.0}}, {"type": "Feature", "geometry": {"type": "Point", "coordinates": [102.103, 14.8923]}, "properties": {"name": "Nakhon Ratchasima", "min_label": 8.0}}, {"type": "Feature", "geometry": {"type": "Point", "coordinates": [101.21, 14.2249]}, "properties": {"name": "Nakhon Nayok", "min_label": 8.0}}, {"type": "Feature", "geometry": {"type": "Point", "coordinates": [100.625, 14.034]}, "properties": {"name": "Pathum Thani", "min_label": 8.0}}, {"type": "Feature", "geometry": {"type": "Point", "coordinates": [99.5275, 15.27]}, "properties": {"name": "Uthai Thani", "min_label": 8.0}}, {"type": "Feature", "geometry": {"type": "Point", "coordinates": [103.679, 16.6224]}, "properties": {"name": "Kalasin", "min_label": 8.0}}, {"type": "Feature", "geometry": {"type": "Point", "coordinates": [103.827, 15.9601]}, "properties": {"name": "Roi Et", "min_label": 8.0}}, {"type": "Feature", "geometry": {"type": "Point", "coordinates": [103.188, 15.9151]}, "properties": {"name": "Maha Sarakham", "min_label": 8.0}}, {"type": "Feature", "geometry": {"type": "Point", "coordinates": [102.311, 17.2392]}, "properties": {"name": "Nong Bua Lam Phu", "min_label": 8.0}}, {"type": "Feature", "geometry": {"type": "Point", "coordinates": [100.944, 15.1147]}, "properties": {"name": "Lop Buri", "min_label": 8.0}}, {"type": "Feature", "geometry": {"type": "Point", "coordinates": [102.882, 17.4511]}, "properties": {"name": "Udon Thani", "min_label": 8.0}}, {"type": "Feature", "geometry": {"type": "Point", "coordinates": [100.522, 14.402]}, "properties": {"name": "Phra Nakhon Si Ayutthaya", "min_label": 8.0}}, {"type": "Feature", "geometry": {"type": "Point", "coordinates": [100.407, 13.8933]}, "properties": {"name": "Nonthaburi", "min_label": 8.0}}, {"type": "Feature", "geometry": {"type": "Point", "coordinates": [100.072, 13.917]}, "properties": {"name": "Nakhon Pathom", "min_label": 8.0}}, {"type": "Feature", "geometry": {"type": "Point", "coordinates": [99.5098, 16.4009]}, "properties": {"name": "Kamphaeng Phet", "min_label": 8.0}}, {"type": "Feature", "geometry": {"type": "Point", "coordinates": [99.5707, 18.6296]}, "properties": {"name": "Lampang", "min_label": 8.0}}, {"type": "Feature", "geometry": {"type": "Point", "coordinates": [99.7009, 17.2435]}, "properties": {"name": "Sukhothai", "min_label": 8.0}}, {"type": "Feature", "geometry": {"type": "Point", "coordinates": [100.25, 15.6943]}, "properties": {"name": "Nakhon Sawan", "min_label": 8.0}}, {"type": "Feature", "geometry": {"type": "Point", "coordinates": [101.21, 16.2589]}, "properties": {"name": "Phetchabun", "min_label": 8.0}}, {"type": "Feature", "geometry": {"type": "Point", "coordinates": [100.374, 16.2321]}, "properties": {"name": "Phichit", "min_label": 8.0}}, {"type": "Feature", "geometry": {"type": "Point", "coordinates": [101.877, 16.0138]}, "properties": {"name": "Chaiyaphum", "min_label": 8.0}}, {"type": "Feature", "geometry": {"type": "Point", "coordinates": [99.9263, 18.0577]}, "properties": {"name": "Phrae", "min_label": 8.0}}, {"type": "Feature", "geometry": {"type": "Point", "coordinates": [98.9979, 18.1333]}, "properties": {"name": "Lamphun", "min_label": 8.0}}, {"type": "Feature", "geometry": {"type": "Point", "coordinates": [101.594, 14.1081]}, "properties": {"name": "Prachin Buri", "min_label": 8.0}}, {"type": "Feature", "geometry": {"type": "Point", "coordinates": [104.324, 16.0225]}, "properties": {"name": "Yasothon", "min_label": 8.0}}, {"type": "Feature", "geometry": {"type": "Point", "coordinates": [125.344, -8.84722]}, "properties": {"name": "Ermera", "min_label": 9.0}}, {"type": "Feature", "geometry": {"type": "Point", "coordinates": [125.619, -8.69661]}, "properties": {"name": "Aileu", "min_label": 9.0}}, {"type": "Feature", "geometry": {"type": "Point", "coordinates": [120.988, 23.7977]}, "properties": {"name": "Nantou", "min_label": 8.7}}, {"type": "Feature", "geometry": {"type": "Point", "coordinates": [36.5724, 40.4442]}, "properties": {"name": "Tokat", "min_label": 7.0}}, {"type": "Feature", "geometry": {"type": "Point", "coordinates": [37.2907, 39.429]}, "properties": {"name": "Sivas", "min_label": 7.0}}, {"type": "Feature", "geometry": {"type": "Point", "coordinates": [34.711, 40.6149]}, "properties": {"name": "\u00c7orum", "min_label": 7.0}}, {"type": "Feature", "geometry": {"type": "Point", "coordinates": [35.7627, 40.6379]}, "properties": {"name": "Amasya", "min_label": 7.0}}, {"type": "Feature", "geometry": {"type": "Point", "coordinates": [36.922, -8.69673]}, "properties": {"name": "Morogoro", "min_label": 6.7}}, {"type": "Feature", "geometry": {"type": "Point", "coordinates": [35.9608, -5.73233]}, "properties": {"name": "Dodoma", "min_label": 6.7}}, {"type": "Feature", "geometry": {"type": "Point", "coordinates": [36.4591, -4.88783]}, "properties": {"name": "Manyara", "min_label": 6.7}}, {"type": "Feature", "geometry": {"type": "Point", "coordinates": [54.4381, 35.4243]}, "properties": {"name": "Semnan", "min_label": 6.6}}, {"type": "Feature", "geometry": {"type": "Point", "coordinates": [48.2959, 36.3989]}, "properties": {"name": "Zanjan", "min_label": 6.6}}, {"type": "Feature", "geometry": {"type": "Point", "coordinates": [49.6996, 36.0552]}, "properties": {"name": "Qazvin", "min_label": 6.6}}, {"type": "Feature", "geometry": {"type": "Point", "coordinates": [121.559, 25.0904]}, "properties": {"name": "Taipei City", "min_label": 8.7}}, {"type": "Feature", "geometry": {"type": "Point", "coordinates": [120.441, 23.4822]}, "properties": {"name": "Chiayi City", "min_label": 8.7}}, {"type": "Feature", "geometry": {"type": "Point", "coordinates": [37.22, 35.2352]}, "properties": {"name": "Hamah", "min_label": 7.0}}, {"type": "Feature", "geometry": {"type": "Point", "coordinates": [14.46, 46.3286]}, "properties": {"name": "Preddvor", "min_label": 11.0}}, {"type": "Feature", "geometry": {"type": "Point", "coordinates": [14.4252, 46.2408]}, "properties": {"name": "\u0160en\u010dur", "min_label": 11.0}}, {"type": "Feature", "geometry": {"type": "Point", "coordinates": [14.5061, 46.2524]}, "properties": {"name": "Cerklje na Gorenjskem", "min_label": 11.0}}, {"type": "Feature", "geometry": {"type": "Point", "coordinates": [14.733, 46.2285]}, "properties": {"name": "Kamnik", "min_label": 11.0}}, {"type": "Feature", "geometry": {"type": "Point", "coordinates": [14.3971, 46.1236]}, "properties": {"name": "Medvode", "min_label": 11.0}}, {"type": "Feature", "geometry": {"type": "Point", "coordinates": [14.2919, 46.2382]}, "properties": {"name": "Kranj", "min_label": 11.0}}, {"type": "Feature", "geometry": {"type": "Point", "coordinates": [14.2779, 46.1576]}, "properties": {"name": "\u0160kofja Loka", "min_label": 11.0}}, {"type": "Feature", "geometry": {"type": "Point", "coordinates": [14.1184, 46.2279]}, "properties": {"name": "\u017delezniki", "min_label": 11.0}}, {"type": "Feature", "geometry": {"type": "Point", "coordinates": [13.9538, 46.2961]}, "properties": {"name": "Bohinj", "min_label": 11.0}}, {"type": "Feature", "geometry": {"type": "Point", "coordinates": [14.3004, 46.2932]}, "properties": {"name": "Naklo", "min_label": 11.0}}, {"type": "Feature", "geometry": {"type": "Point", "coordinates": [14.1929, 46.3361]}, "properties": {"name": "Radovljica", "min_label": 11.0}}, {"type": "Feature", "geometry": {"type": "Point", "coordinates": [14.9905, 46.4223]}, "properties": {"name": "\u0160o\u0161tanj", "min_label": 11.0}}, {"type": "Feature", "geometry": {"type": "Point", "coordinates": [14.8415, 46.3721]}, "properties": {"name": "Ljubno", "min_label": 11.0}}, {"type": "Feature", "geometry": {"type": "Point", "coordinates": [14.7245, 46.3436]}, "properties": {"name": "Luce", "min_label": 11.0}}, {"type": "Feature", "geometry": {"type": "Point", "coordinates": [14.7761, 46.1827]}, "properties": {"name": "Lukovica", "min_label": 11.0}}, {"type": "Feature", "geometry": {"type": "Point", "coordinates": [15.8981, 46.6136]}, "properties": {"name": "Benedikt", "min_label": 11.0}}, {"type": "Feature", "geometry": {"type": "Point", "coordinates": [15.248, 46.1404]}, "properties": {"name": "La\u0161ko", "min_label": 11.0}}, {"type": "Feature", "geometry": {"type": "Point", "coordinates": [15.4056, 46.1339]}, "properties": {"name": "Dobje", "min_label": 11.0}}, {"type": "Feature", "geometry": {"type": "Point", "coordinates": [15.486, 46.5156]}, "properties": {"name": "Ru\u0161e", "min_label": 11.0}}, {"type": "Feature", "geometry": {"type": "Point", "coordinates": [14.4982, 46.1726]}, "properties": {"name": "Vodice", "min_label": 11.0}}, {"type": "Feature", "geometry": {"type": "Point", "coordinates": [14.5417, 46.2055]}, "properties": {"name": "Komenda", "min_label": 11.0}}, {"type": "Feature", "geometry": {"type": "Point", "coordinates": [14.552, 46.1605]}, "properties": {"name": "Menge\u0161", "min_label": 11.0}}, {"type": "Feature", "geometry": {"type": "Point", "coordinates": [14.2947, 45.9491]}, "properties": {"name": "Vrhnika", "min_label": 11.0}}, {"type": "Feature", "geometry": {"type": "Point", "coordinates": [14.2917, 46.0249]}, "properties": {"name": "Horjul", "min_label": 11.0}}, {"type": "Feature", "geometry": {"type": "Point", "coordinates": [15.9531, 46.5598]}, "properties": {"name": "Cerkvenjak", "min_label": 11.0}}, {"type": "Feature", "geometry": {"type": "Point", "coordinates": [14.5552, 46.1259]}, "properties": {"name": "Trzin", "min_label": 11.0}}, {"type": "Feature", "geometry": {"type": "Point", "coordinates": [16.132, 46.7506]}, "properties": {"name": "Puconci", "min_label": 11.0}}, {"type": "Feature", "geometry": {"type": "Point", "coordinates": [16.094, 46.7969]}, "properties": {"name": "Grad", "min_label": 11.0}}, {"type": "Feature", "geometry": {"type": "Point", "coordinates": [16.1719, 46.6532]}, "properties": {"name": "Murska Sobota", "min_label": 11.0}}, {"type": "Feature", "geometry": {"type": "Point", "coordinates": [15.9658, 46.5244]}, "properties": {"name": "Sveti Andra\u017e v Slovenskih Goricah", "min_label": 11.0}}, {"type": "Feature", "geometry": {"type": "Point", "coordinates": [14.4279, 45.9479]}, "properties": {"name": "Brezovica", "min_label": 11.0}}, {"type": "Feature", "geometry": {"type": "Point", "coordinates": [14.3138, 46.0716]}, "properties": {"name": "Dobrova-Polhov Gradec", "min_label": 11.0}}, {"type": "Feature", "geometry": {"type": "Point", "coordinates": [14.1223, 46.1241]}, "properties": {"name": "Gorenja vas-Poljane", "min_label": 11.0}}, {"type": "Feature", "geometry": {"type": "Point", "coordinates": [14.1998, 45.9399]}, "properties": {"name": "Logatec", "min_label": 11.0}}, {"type": "Feature", "geometry": {"type": "Point", "coordinates": [15.8943, 46.523]}, "properties": {"name": "Trnovska vas", "min_label": 11.0}}, {"type": "Feature", "geometry": {"type": "Point", "coordinates": [15.8853, 46.4767]}, "properties": {"name": "Destrnik", "min_label": 11.0}}, {"type": "Feature", "geometry": {"type": "Point", "coordinates": [15.6401, 46.4507]}, "properties": {"name": "Race-Fram", "min_label": 11.0}}, {"type": "Feature", "geometry": {"type": "Point", "coordinates": [15.7678, 46.4544]}, "properties": {"name": "Star\u0161e", "min_label": 11.0}}, {"type": "Feature", "geometry": {"type": "Point", "coordinates": [14.9474, 46.2348]}, "properties": {"name": "Vransko", "min_label": 11.0}}, {"type": "Feature", "geometry": {"type": "Point", "coordinates": [15.1364, 46.3749]}, "properties": {"name": "Velenje", "min_label": 11.0}}, {"type": "Feature", "geometry": {"type": "Point", "coordinates": [15.087, 46.3034]}, "properties": {"name": "Polzela", "min_label": 11.0}}, {"type": "Feature", "geometry": {"type": "Point", "coordinates": [15.0326, 46.3421]}, "properties": {"name": "\u0160martno ob Paki", "min_label": 11.0}}, {"type": "Feature", "geometry": {"type": "Point", "coordinates": [14.9377, 46.3593]}, "properties": {"name": "Mozirje", "min_label": 11.0}}, {"type": "Feature", "geometry": {"type": "Point", "coordinates": [15.2954, 46.4073]}, "properties": {"name": "Vitanje", "min_label": 11.0}}, {"type": "Feature", "geometry": {"type": "Point", "coordinates": [15.31, 46.3188]}, "properties": {"name": "Vojnik", "min_label": 11.0}}, {"type": "Feature", "geometry": {"type": "Point", "coordinates": [15.3705, 46.3914]}, "properties": {"name": "Zrece", "min_label": 11.0}}, {"type": "Feature", "geometry": {"type": "Point", "coordinates": [15.2253, 46.4442]}, "properties": {"name": "Mislinja", "min_label": 11.0}}, {"type": "Feature", "geometry": {"type": "Point", "coordinates": [14.924, 46.1454]}, "properties": {"name": "Zasavska", "min_label": 11.0}}, {"type": "Feature", "geometry": {"type": "Point", "coordinates": [14.9182, 46.0752]}, "properties": {"name": "Litija", "min_label": 11.0}}, {"type": "Feature", "geometry": {"type": "Point", "coordinates": [14.7905, 46.2972]}, "properties": {"name": "Gornji Grad", "min_label": 11.0}}, {"type": "Feature", "geometry": {"type": "Point", "coordinates": [14.3817, 45.7886]}, "properties": {"name": "Cerknica", "min_label": 11.0}}, {"type": "Feature", "geometry": {"type": "Point", "coordinates": [14.5889, 45.8446]}, "properties": {"name": "Velike La\u0161\u010de", "min_label": 11.0}}, {"type": "Feature", "geometry": {"type": "Point", "coordinates": [14.3756, 45.9095]}, "properties": {"name": "Borovnica", "min_label": 11.0}}, {"type": "Feature", "geometry": {"type": "Point", "coordinates": [14.1802, 45.7924]}, "properties": {"name": "Postojna", "min_label": 11.0}}, {"type": "Feature", "geometry": {"type": "Point", "coordinates": [14.2444, 45.6834]}, "properties": {"name": "Pivka", "min_label": 11.0}}, {"type": "Feature", "geometry": {"type": "Point", "coordinates": [15.2299, 46.3552]}, "properties": {"name": "Dobrna", "min_label": 11.0}}, {"type": "Feature", "geometry": {"type": "Point", "coordinates": [15.2874, 46.2398]}, "properties": {"name": "Celje", "min_label": 11.0}}, {"type": "Feature", "geometry": {"type": "Point", "coordinates": [14.9127, 46.2864]}, "properties": {"name": "Nazarje", "min_label": 11.0}}, {"type": "Feature", "geometry": {"type": "Point", "coordinates": [14.6294, 46.1493]}, "properties": {"name": "Dom\u017eale", "min_label": 11.0}}, {"type": "Feature", "geometry": {"type": "Point", "coordinates": [14.8211, 45.9017]}, "properties": {"name": "Ivancna Gorica", "min_label": 11.0}}, {"type": "Feature", "geometry": {"type": "Point", "coordinates": [14.5799, 46.0616]}, "properties": {"name": "Ljubljana", "min_label": 11.0}}, {"type": "Feature", "geometry": {"type": "Point", "coordinates": [14.8692, 46.0231]}, "properties": {"name": "\u0160martno in Litiji", "min_label": 11.0}}, {"type": "Feature", "geometry": {"type": "Point", "coordinates": [14.5158, 45.9398]}, "properties": {"name": "Ig", "min_label": 11.0}}, {"type": "Feature", "geometry": {"type": "Point", "coordinates": [14.6741, 46.0996]}, "properties": {"name": "Dol pri Ljubljani", "min_label": 11.0}}, {"type": "Feature", "geometry": {"type": "Point", "coordinates": [15.0943, 46.2214]}, "properties": {"name": "Prebold", "min_label": 11.0}}, {"type": "Feature", "geometry": {"type": "Point", "coordinates": [14.7576, 46.1337]}, "properties": {"name": "Moravce", "min_label": 11.0}}, {"type": "Feature", "geometry": {"type": "Point", "coordinates": [9.39726, 47.3911]}, "properties": {"name": "Appenzell Ausserrhoden", "min_label": 8.7}}, {"type": "Feature", "geometry": {"type": "Point", "coordinates": [9.39548, 47.3092]}, "properties": {"name": "Appenzell Innerrhoden", "min_label": 8.7}}, {"type": "Feature", "geometry": {"type": "Point", "coordinates": [16.4244, 59.7979]}, "properties": {"name": "V\u00e4stmanland", "min_label": 6.7}}, {"type": "Feature", "geometry": {"type": "Point", "coordinates": [14.424, 57.5478]}, "properties": {"name": "J\u00f6nk\u00f6ping", "min_label": 6.7}}, {"type": "Feature", "geometry": {"type": "Point", "coordinates": [15.0594, 59.3913]}, "properties": {"name": "Orebro", "min_label": 6.7}}, {"type": "Feature", "geometry": {"type": "Point", "coordinates": [14.5773, 56.8265]}, "properties": {"name": "Kronoberg", "min_label": 6.7}}, {"type": "Feature", "geometry": {"type": "Point", "coordinates": [-55.3042, 5.49368]}, "properties": {"name": "Para", "min_label": 8.0}}, {"type": "Feature", "geometry": {"type": "Point", "coordinates": [-55.1215, 4.71274]}, "properties": {"name": "Brokopondo", "min_label": 8.0}}, {"type": "Feature", "geometry": {"type": "Point", "coordinates": [33.3362, 14.6771]}, "properties": {"name": "Gezira", "min_label": 6.6}}, {"type": "Feature", "geometry": {"type": "Point", "coordinates": [32.9823, 15.7338]}, "properties": {"name": "Khartoum", "min_label": 6.6}}, {"type": "Feature", "geometry": {"type": "Point", "coordinates": [29.6122, 14.5295]}, "properties": {"name": "North Kordufan", "min_label": 6.6}}, {"type": "Feature", "geometry": {"type": "Point", "coordinates": [30.1369, 6.88023]}, "properties": {"name": "Lakes", "min_label": 6.6}}, {"type": "Feature", "geometry": {"type": "Point", "coordinates": [28.6994, 7.85589]}, "properties": {"name": "Warrap", "min_label": 6.6}}, {"type": "Feature", "geometry": {"type": "Point", "coordinates": [-1.0538, 41.5814]}, "properties": {"name": "Zaragoza", "min_label": 7.7}}, {"type": "Feature", "geometry": {"type": "Point", "coordinates": [-2.40337, 42.3179]}, "properties": {"name": "La Rioja", "min_label": 7.7}}, {"type": "Feature", "geometry": {"type": "Point", "coordinates": [-2.6966, 42.8902]}, "properties": {"name": "\u00c1lava", "min_label": 7.7}}, {"type": "Feature", "geometry": {"type": "Point", "coordinates": [-1.94309, 38.834]}, "properties": {"name": "Albacete", "min_label": 7.7}}, {"type": "Feature", "geometry": {"type": "Point", "coordinates": [-0.809409, 40.625]}, "properties": {"name": "Teruel", "min_label": 7.7}}, {"type": "Feature", "geometry": {"type": "Point", "coordinates": [-2.15126, 39.9115]}, "properties": {"name": "Cuenca", "min_label": 7.7}}, {"type": "Feature", "geometry": {"type": "Point", "coordinates": [-3.95134, 39.7401]}, "properties": {"name": "Toledo", "min_label": 7.7}}, {"type": "Feature", "geometry": {"type": "Point", "coordinates": [-5.75872, 42.6006]}, "properties": {"name": "Le\u00f3n", "min_label": 7.7}}, {"type": "Feature", "geometry": {"type": "Point", "coordinates": [-2.55925, 41.6463]}, "properties": {"name": "Soria", "min_label": 7.7}}, {"type": "Feature", "geometry": {"type": "Point", "coordinates": [-3.60703, 42.348]}, "properties": {"name": "Burgos", "min_label": 7.7}}, {"type": "Feature", "geometry": {"type": "Point", "coordinates": [-4.87934, 40.5611]}, "properties": {"name": "\u00c1vila", "min_label": 7.7}}, {"type": "Feature", "geometry": {"type": "Point", "coordinates": [28.2074, -26.1682]}, "properties": {"name": "Gauteng", "min_label": 4.6}}, {"type": "Feature", "geometry": {"type": "Point", "coordinates": [14.7253, 45.8342]}, "properties": {"name": "Dobrepolje", "min_label": 11.0}}, {"type": "Feature", "geometry": {"type": "Point", "coordinates": [15.1559, 46.0658]}, "properties": {"name": "Radece", "min_label": 11.0}}, {"type": "Feature", "geometry": {"type": "Point", "coordinates": [15.3276, 46.1996]}, "properties": {"name": "\u0160tore", "min_label": 11.0}}, {"type": "Feature", "geometry": {"type": "Point", "coordinates": [15.4612, 46.3232]}, "properties": {"name": "Slovenske Konjice", "min_label": 11.0}}, {"type": "Feature", "geometry": {"type": "Point", "coordinates": [14.1084, 46.0459]}, "properties": {"name": "\u017diri", "min_label": 11.0}}, {"type": "Feature", "geometry": {"type": "Point", "coordinates": [15.456, 46.381]}, "properties": {"name": "Oplotnica", "min_label": 11.0}}, {"type": "Feature", "geometry": {"type": "Point", "coordinates": [13.9799, 46.1335]}, "properties": {"name": "Cerkno", "min_label": 11.0}}, {"type": "Feature", "geometry": {"type": "Point", "coordinates": [14.0001, 46.3898]}, "properties": {"name": "Bled", "min_label": 11.0}}, {"type": "Feature", "geometry": {"type": "Point", "coordinates": [13.9294, 45.9043]}, "properties": {"name": "Ajdov\u0161\u010dina", "min_label": 11.0}}, {"type": "Feature", "geometry": {"type": "Point", "coordinates": [14.0149, 45.6927]}, "properties": {"name": "Divaca", "min_label": 11.0}}, {"type": "Feature", "geometry": {"type": "Point", "coordinates": [13.9955, 45.9922]}, "properties": {"name": "Idrija", "min_label": 11.0}}, {"type": "Feature", "geometry": {"type": "Point", "coordinates": [13.9723, 45.8271]}, "properties": {"name": "Vipava", "min_label": 11.0}}, {"type": "Feature", "geometry": {"type": "Point", "coordinates": [14.5092, 45.7836]}, "properties": {"name": "Bloke", "min_label": 11.0}}, {"type": "Feature", "geometry": {"type": "Point", "coordinates": [15.4424, 46.1784]}, "properties": {"name": "\u0160entjur pri Celju", "min_label": 11.0}}, {"type": "Feature", "geometry": {"type": "Point", "coordinates": [15.5721, 46.0666]}, "properties": {"name": "Kozje", "min_label": 11.0}}, {"type": "Feature", "geometry": {"type": "Point", "coordinates": [15.5302, 46.2188]}, "properties": {"name": "\u0160marje pri Jel\u0161ah", "min_label": 11.0}}, {"type": "Feature", "geometry": {"type": "Point", "coordinates": [15.2616, 46.0132]}, "properties": {"name": "Sevnica", "min_label": 11.0}}, {"type": "Feature", "geometry": {"type": "Point", "coordinates": [15.0911, 45.8487]}, "properties": {"name": "Mirna Pec", "min_label": 11.0}}, {"type": "Feature", "geometry": {"type": "Point", "coordinates": [15.0537, 45.9382]}, "properties": {"name": "Trebnje", "min_label": 11.0}}, {"type": "Feature", "geometry": {"type": "Point", "coordinates": [14.9443, 45.8184]}, "properties": {"name": "\u017du\u017eemberk", "min_label": 11.0}}, {"type": "Feature", "geometry": {"type": "Point", "coordinates": [16.3308, 46.6089]}, "properties": {"name": "Turni\u0161\u010de", "min_label": 11.0}}, {"type": "Feature", "geometry": {"type": "Point", "coordinates": [16.0594, 46.6266]}, "properties": {"name": "Radenci", "min_label": 11.0}}, {"type": "Feature", "geometry": {"type": "Point", "coordinates": [16.0294, 46.5629]}, "properties": {"name": "Sveti Jurij", "min_label": 11.0}}, {"type": "Feature", "geometry": {"type": "Point", "coordinates": [16.363, 46.5796]}, "properties": {"name": "Velika Polana", "min_label": 11.0}}, {"type": "Feature", "geometry": {"type": "Point", "coordinates": [16.2307, 46.6086]}, "properties": {"name": "Beltinci", "min_label": 11.0}}, {"type": "Feature", "geometry": {"type": "Point", "coordinates": [16.1766, 46.5804]}, "properties": {"name": "Ver\u017eej", "min_label": 11.0}}, {"type": "Feature", "geometry": {"type": "Point", "coordinates": [16.28, 46.5874]}, "properties": {"name": "Odranci", "min_label": 11.0}}, {"type": "Feature", "geometry": {"type": "Point", "coordinates": [-16.1895, 14.7509]}, "properties": {"name": "Diourbel", "min_label": 7.7}}, {"type": "Feature", "geometry": {"type": "Point", "coordinates": [45.1404, 23.3432]}, "properties": {"name": "Ar Riyad", "min_label": 6.6}}, {"type": "Feature", "geometry": {"type": "Point", "coordinates": [43.2716, 25.9478]}, "properties": {"name": "Al Quassim", "min_label": 6.6}}, {"type": "Feature", "geometry": {"type": "Point", "coordinates": [41.7076, 27.2652]}, "properties": {"name": "Ha'il", "min_label": 6.6}}, {"type": "Feature", "geometry": {"type": "Point", "coordinates": [41.4165, 20.1605]}, "properties": {"name": "Al Bahah", "min_label": 6.6}}, {"type": "Feature", "geometry": {"type": "Point", "coordinates": [23.5307, 46.7479]}, "properties": {"name": "Cluj", "min_label": 8.0}}, {"type": "Feature", "geometry": {"type": "Point", "coordinates": [24.5132, 47.1789]}, "properties": {"name": "Bistrita-Nasaud", "min_label": 8.0}}, {"type": "Feature", "geometry": {"type": "Point", "coordinates": [23.1615, 47.1483]}, "properties": {"name": "Salaj", "min_label": 8.0}}, {"type": "Feature", "geometry": {"type": "Point", "coordinates": [25.596, 44.8486]}, "properties": {"name": "D\u00e2mbovita", "min_label": 8.0}}, {"type": "Feature", "geometry": {"type": "Point", "coordinates": [26.2137, 44.6465]}, "properties": {"name": "Ilfov", "min_label": 8.0}}, {"type": "Feature", "geometry": {"type": "Point", "coordinates": [24.8859, 44.9867]}, "properties": {"name": "Arges", "min_label": 8.0}}, {"type": "Feature", "geometry": {"type": "Point", "coordinates": [23.2029, 44.9827]}, "properties": {"name": "Gorj", "min_label": 8.0}}, {"type": "Feature", "geometry": {"type": "Point", "coordinates": [22.9774, 45.7435]}, "properties": {"name": "Hunedoara", "min_label": 8.0}}, {"type": "Feature", "geometry": {"type": "Point", "coordinates": [24.0601, 45.0142]}, "properties": {"name": "V\u00e2lcea", "min_label": 8.0}}, {"type": "Feature", "geometry": {"type": "Point", "coordinates": [26.0168, 45.1133]}, "properties": {"name": "Prahova", "min_label": 8.0}}, {"type": "Feature", "geometry": {"type": "Point", "coordinates": [25.9665, 45.8885]}, "properties": {"name": "Covasna", "min_label": 8.0}}, {"type": "Feature", "geometry": {"type": "Point", "coordinates": [26.9802, 45.7963]}, "properties": {"name": "Vrancea", "min_label": 8.0}}, {"type": "Feature", "geometry": {"type": "Point", "coordinates": [26.7347, 45.2071]}, "properties": {"name": "Buzau", "min_label": 8.0}}, {"type": "Feature", "geometry": {"type": "Point", "coordinates": [25.3749, 45.7729]}, "properties": {"name": "Brasov", "min_label": 8.0}}, {"type": "Feature", "geometry": {"type": "Point", "coordinates": [24.2957, 45.9038]}, "properties": {"name": "Sibiu", "min_label": 8.0}}, {"type": "Feature", "geometry": {"type": "Point", "coordinates": [24.6284, 46.5856]}, "properties": {"name": "Mures", "min_label": 8.0}}, {"type": "Feature", "geometry": {"type": "Point", "coordinates": [25.5853, 46.6393]}, "properties": {"name": "Harghita", "min_label": 8.0}}, {"type": "Feature", "geometry": {"type": "Point", "coordinates": [26.4554, 46.9704]}, "properties": {"name": "Neamt", "min_label": 8.0}}, {"type": "Feature", "geometry": {"type": "Point", "coordinates": [26.7643, 46.4067]}, "properties": {"name": "Bacau", "min_label": 8.0}}, {"type": "Feature", "geometry": {"type": "Point", "coordinates": [23.5651, 46.1478]}, "properties": {"name": "Alba", "min_label": 8.0}}, {"type": "Feature", "geometry": {"type": "Point", "coordinates": [14.6714, 45.9421]}, "properties": {"name": "Grosuplje", "min_label": 11.0}}, {"type": "Feature", "geometry": {"type": "Point", "coordinates": [14.5747, 45.9583]}, "properties": {"name": "\u0160kofljica", "min_label": 11.0}}, {"type": "Feature", "geometry": {"type": "Point", "coordinates": [15.1268, 46.1289]}, "properties": {"name": "Hrastnik", "min_label": 11.0}}, {"type": "Feature", "geometry": {"type": "Point", "coordinates": [15.1651, 46.2587]}, "properties": {"name": "\u017dalec", "min_label": 11.0}}, {"type": "Feature", "geometry": {"type": "Point", "coordinates": [15.041, 46.078]}, "properties": {"name": "Trbovlje", "min_label": 11.0}}, {"type": "Feature", "geometry": {"type": "Point", "coordinates": [15.0327, 46.2889]}, "properties": {"name": "Braslovce", "min_label": 11.0}}, {"type": "Feature", "geometry": {"type": "Point", "coordinates": [15.0116, 46.2258]}, "properties": {"name": "Tabor", "min_label": 11.0}}, {"type": "Feature", "geometry": {"type": "Point", "coordinates": [15.5816, 46.0073]}, "properties": {"name": "Krsko", "min_label": 11.0}}, {"type": "Feature", "geometry": {"type": "Point", "coordinates": [15.8358, 46.4161]}, "properties": {"name": "Hajdina", "min_label": 11.0}}, {"type": "Feature", "geometry": {"type": "Point", "coordinates": [15.8673, 46.4273]}, "properties": {"name": "Ptuj", "min_label": 11.0}}, {"type": "Feature", "geometry": {"type": "Point", "coordinates": [15.7455, 46.3148]}, "properties": {"name": "Maj\u0161perk", "min_label": 11.0}}, {"type": "Feature", "geometry": {"type": "Point", "coordinates": [15.5283, 46.4241]}, "properties": {"name": "Slovenska Bistrica", "min_label": 11.0}}, {"type": "Feature", "geometry": {"type": "Point", "coordinates": [15.9513, 46.3928]}, "properties": {"name": "Markovci", "min_label": 11.0}}, {"type": "Feature", "geometry": {"type": "Point", "coordinates": [15.7544, 46.3982]}, "properties": {"name": "Kidricevo", "min_label": 11.0}}, {"type": "Feature", "geometry": {"type": "Point", "coordinates": [15.9915, 46.4406]}, "properties": {"name": "Dornava", "min_label": 11.0}}, {"type": "Feature", "geometry": {"type": "Point", "coordinates": [16.1282, 46.5723]}, "properties": {"name": "Kri\u017eevci", "min_label": 11.0}}, {"type": "Feature", "geometry": {"type": "Point", "coordinates": [15.9822, 46.4841]}, "properties": {"name": "Jur\u0161inci", "min_label": 11.0}}, {"type": "Feature", "geometry": {"type": "Point", "coordinates": [15.161, 45.6477]}, "properties": {"name": "Semic", "min_label": 11.0}}, {"type": "Feature", "geometry": {"type": "Point", "coordinates": [15.048, 45.7205]}, "properties": {"name": "Dolenjske Toplice", "min_label": 11.0}}, {"type": "Feature", "geometry": {"type": "Point", "coordinates": [14.6157, 45.7548]}, "properties": {"name": "Sodra\u017eica", "min_label": 11.0}}, {"type": "Feature", "geometry": {"type": "Point", "coordinates": [14.7047, 45.7413]}, "properties": {"name": "Ribnica", "min_label": 11.0}}, {"type": "Feature", "geometry": {"type": "Point", "coordinates": [15.3006, 45.9221]}, "properties": {"name": "\u0160kocjan", "min_label": 11.0}}, {"type": "Feature", "geometry": {"type": "Point", "coordinates": [21.9087, 43.3388]}, "properties": {"name": "Ni\u0161avski", "min_label": 9.0}}, {"type": "Feature", "geometry": {"type": "Point", "coordinates": [21.3631, 43.9757]}, "properties": {"name": "Pomoravski", "min_label": 9.0}}, {"type": "Feature", "geometry": {"type": "Point", "coordinates": [20.8116, 44.0985]}, "properties": {"name": "\u0160umadijski", "min_label": 9.0}}, {"type": "Feature", "geometry": {"type": "Point", "coordinates": [20.2653, 43.7127]}, "properties": {"name": "Moravicki", "min_label": 9.0}}, {"type": "Feature", "geometry": {"type": "Point", "coordinates": [19.9249, 44.3209]}, "properties": {"name": "Kolubarski", "min_label": 9.0}}, {"type": "Feature", "geometry": {"type": "Point", "coordinates": [9.24644, 61.5731]}, "properties": {"name": "Oppland", "min_label": 6.7}}, {"type": "Feature", "geometry": {"type": "Point", "coordinates": [101.698, 3.13836]}, "properties": {"name": "Kuala Lumpur", "min_label": 7.0}}, {"type": "Feature", "geometry": {"type": "Point", "coordinates": [101.706, 2.93814]}, "properties": {"name": "Putrajaya", "min_label": 7.0}}, {"type": "Feature", "geometry": {"type": "Point", "coordinates": [33.8651, -13.625]}, "properties": {"name": "Dowa", "min_label": 8.7}}, {"type": "Feature", "geometry": {"type": "Point", "coordinates": [35.0792, -15.037]}, "properties": {"name": "Balaka", "min_label": 8.7}}, {"type": "Feature", "geometry": {"type": "Point", "coordinates": [35.2224, -15.7358]}, "properties": {"name": "Chiradzulu", "min_label": 8.7}}, {"type": "Feature", "geometry": {"type": "Point", "coordinates": [34.9413, -15.6875]}, "properties": {"name": "Blantyre", "min_label": 8.7}}, {"type": "Feature", "geometry": {"type": "Point", "coordinates": [33.8763, -13.2659]}, "properties": {"name": "Ntchisi", "min_label": 8.7}}, {"type": "Feature", "geometry": {"type": "Point", "coordinates": [23.9879, 55.0673]}, "properties": {"name": "Kauno", "min_label": 7.0}}, {"type": "Feature", "geometry": {"type": "Point", "coordinates": [-71.0242, 19.5741]}, "properties": {"name": "Valverde", "min_label": 10.0}}, {"type": "Feature", "geometry": {"type": "Point", "coordinates": [-71.2919, 19.3626]}, "properties": {"name": "Santiago Rodr\u00edguez", "min_label": 10.0}}, {"type": "Feature", "geometry": {"type": "Point", "coordinates": [-70.6836, 19.0453]}, "properties": {"name": "La Vega", "min_label": 10.0}}, {"type": "Feature", "geometry": {"type": "Point", "coordinates": [-70.352, 19.403]}, "properties": {"name": "Hermanas", "min_label": 10.0}}, {"type": "Feature", "geometry": {"type": "Point", "coordinates": [-70.0202, 19.1987]}, "properties": {"name": "Duarte", "min_label": 10.0}}, {"type": "Feature", "geometry": {"type": "Point", "coordinates": [-70.8974, 19.2636]}, "properties": {"name": "Santiago", "min_label": 10.0}}, {"type": "Feature", "geometry": {"type": "Point", "coordinates": [-71.307, 18.5116]}, "properties": {"name": "Bahoruco", "min_label": 10.0}}, {"type": "Feature", "geometry": {"type": "Point", "coordinates": [-71.2622, 18.8948]}, "properties": {"name": "San Juan", "min_label": 10.0}}, {"type": "Feature", "geometry": {"type": "Point", "coordinates": [45.4212, 39.2127]}, "properties": {"name": "Nax\u00e7\u0131van", "min_label": 9.0}}, {"type": "Feature", "geometry": {"type": "Point", "coordinates": [46.658, 39.7027]}, "properties": {"name": "\u015eu\u015fa", "min_label": 9.0}}, {"type": "Feature", "geometry": {"type": "Point", "coordinates": [46.6804, 39.8925]}, "properties": {"name": "Xocal\u0131", "min_label": 9.0}}, {"type": "Feature", "geometry": {"type": "Point", "coordinates": [46.7523, 39.7618]}, "properties": {"name": "\u015eu\u015fa", "min_label": 9.0}}, {"type": "Feature", "geometry": {"type": "Point", "coordinates": [46.9918, 40.0455]}, "properties": {"name": "A\u011fdam", "min_label": 9.0}}, {"type": "Feature", "geometry": {"type": "Point", "coordinates": [46.7929, 40.2547]}, "properties": {"name": "T\u0259rt\u0259r", "min_label": 9.0}}, {"type": "Feature", "geometry": {"type": "Point", "coordinates": [46.645, 40.5463]}, "properties": {"name": "Goranboy", "min_label": 9.0}}, {"type": "Feature", "geometry": {"type": "Point", "coordinates": [46.99, 39.6307]}, "properties": {"name": "Xocav\u0259nd", "min_label": 9.0}}, {"type": "Feature", "geometry": {"type": "Point", "coordinates": [48.8984, 40.1106]}, "properties": {"name": "Hajigabul", "min_label": 9.0}}, {"type": "Feature", "geometry": {"type": "Point", "coordinates": [49.3694, 40.3278]}, "properties": {"name": "Ab\u015feron", "min_label": 9.0}}, {"type": "Feature", "geometry": {"type": "Point", "coordinates": [46.295, 40.4627]}, "properties": {"name": "Xanlar", "min_label": 9.0}}, {"type": "Feature", "geometry": {"type": "Point", "coordinates": [48.1586, 40.2443]}, "properties": {"name": "K\u00fcrd\u0259mir", "min_label": 9.0}}, {"type": "Feature", "geometry": {"type": "Point", "coordinates": [47.6936, 40.2395]}, "properties": {"name": "Z\u0259rdab", "min_label": 9.0}}, {"type": "Feature", "geometry": {"type": "Point", "coordinates": [48.8122, 39.8179]}, "properties": {"name": "Sabirabad", "min_label": 9.0}}, {"type": "Feature", "geometry": {"type": "Point", "coordinates": [48.9257, 39.9474]}, "properties": {"name": "Shirvan", "min_label": 9.0}}, {"type": "Feature", "geometry": {"type": "Point", "coordinates": [33.1226, 0.888959]}, "properties": {"name": "Kamuli", "min_label": 10.0}}, {"type": "Feature", "geometry": {"type": "Point", "coordinates": [33.3432, 0.738246]}, "properties": {"name": "Luuka", "min_label": 10.0}}, {"type": "Feature", "geometry": {"type": "Point", "coordinates": [33.1662, 1.24749]}, "properties": {"name": "Buyende", "min_label": 10.0}}, {"type": "Feature", "geometry": {"type": "Point", "coordinates": [33.3074, 0.492867]}, "properties": {"name": "Jinja", "min_label": 10.0}}, {"type": "Feature", "geometry": {"type": "Point", "coordinates": [32.5241, 1.89554]}, "properties": {"name": "Apac", "min_label": 10.0}}, {"type": "Feature", "geometry": {"type": "Point", "coordinates": [32.3765, 1.36245]}, "properties": {"name": "Nakasongola", "min_label": 10.0}}, {"type": "Feature", "geometry": {"type": "Point", "coordinates": [31.735, 1.66477]}, "properties": {"name": "Masindi", "min_label": 10.0}}, {"type": "Feature", "geometry": {"type": "Point", "coordinates": [32.8933, 0.984795]}, "properties": {"name": "Kayunga", "min_label": 10.0}}, {"type": "Feature", "geometry": {"type": "Point", "coordinates": [32.5615, 0.796763]}, "properties": {"name": "Luweero", "min_label": 10.0}}, {"type": "Feature", "geometry": {"type": "Point", "coordinates": [32.6461, 1.57677]}, "properties": {"name": "Amolatar", "min_label": 10.0}}, {"type": "Feature", "geometry": {"type": "Point", "coordinates": [32.0449, 0.42844]}, "properties": {"name": "Mityana", "min_label": 10.0}}, {"type": "Feature", "geometry": {"type": "Point", "coordinates": [31.9587, 0.841246]}, "properties": {"name": "Kiboga", "min_label": 10.0}}, {"type": "Feature", "geometry": {"type": "Point", "coordinates": [32.0899, -0.00825711]}, "properties": {"name": "Mpigi", "min_label": 10.0}}, {"type": "Feature", "geometry": {"type": "Point", "coordinates": [32.0026, 0.135674]}, "properties": {"name": "Butambala", "min_label": 10.0}}, {"type": "Feature", "geometry": {"type": "Point", "coordinates": [31.6617, 0.196093]}, "properties": {"name": "Gomba", "min_label": 10.0}}, {"type": "Feature", "geometry": {"type": "Point", "coordinates": [32.4268, 0.197333]}, "properties": {"name": "Wakiso", "min_label": 10.0}}, {"type": "Feature", "geometry": {"type": "Point", "coordinates": [32.1561, 1.10855]}, "properties": {"name": "Nakaseke", "min_label": 10.0}}, {"type": "Feature", "geometry": {"type": "Point", "coordinates": [31.6487, 1.14122]}, "properties": {"name": "Kyankwanzi", "min_label": 10.0}}, {"type": "Feature", "geometry": {"type": "Point", "coordinates": [33.2, 1.66885]}, "properties": {"name": "Kaberamaido", "min_label": 10.0}}, {"type": "Feature", "geometry": {"type": "Point", "coordinates": [33.0778, 1.88125]}, "properties": {"name": "Dokolo", "min_label": 10.0}}, {"type": "Feature", "geometry": {"type": "Point", "coordinates": [30.6742, 0.599223]}, "properties": {"name": "Kyenjojo", "min_label": 10.0}}, {"type": "Feature", "geometry": {"type": "Point", "coordinates": [30.5053, 0.212247]}, "properties": {"name": "Kamwenge", "min_label": 10.0}}, {"type": "Feature", "geometry": {"type": "Point", "coordinates": [31.023, 0.463663]}, "properties": {"name": "Kyegegwa", "min_label": 10.0}}, {"type": "Feature", "geometry": {"type": "Point", "coordinates": [31.3783, 0.0246698]}, "properties": {"name": "Sembabule", "min_label": 10.0}}, {"type": "Feature", "geometry": {"type": "Point", "coordinates": [31.0242, 0.903428]}, "properties": {"name": "Kibale", "min_label": 10.0}}, {"type": "Feature", "geometry": {"type": "Point", "coordinates": [31.4889, 0.58882]}, "properties": {"name": "Mubende", "min_label": 10.0}}, {"type": "Feature", "geometry": {"type": "Point", "coordinates": [27.6204, 45.1346]}, "properties": {"name": "Braila", "min_label": 8.0}}, {"type": "Feature", "geometry": {"type": "Point", "coordinates": [27.1899, 44.6345]}, "properties": {"name": "Ialomita", "min_label": 8.0}}, {"type": "Feature", "geometry": {"type": "Point", "coordinates": [51.3552, 25.4594]}, "properties": {"name": "Umm Salal", "min_label": 8.7}}, {"type": "Feature", "geometry": {"type": "Point", "coordinates": [-7.82745, 40.8417]}, "properties": {"name": "Viseu", "min_label": 7.7}}, {"type": "Feature", "geometry": {"type": "Point", "coordinates": [125.761, 8.57934]}, "properties": {"name": "Agusan del Sur", "min_label": 8.0}}, {"type": "Feature", "geometry": {"type": "Point", "coordinates": [125.002, 7.99493]}, "properties": {"name": "Bukidnon", "min_label": 8.0}}, {"type": "Feature", "geometry": {"type": "Point", "coordinates": [124.82, 7.27167]}, "properties": {"name": "Cotabato", "min_label": 8.0}}, {"type": "Feature", "geometry": {"type": "Point", "coordinates": [124.808, 6.30746]}, "properties": {"name": "South Cotabato", "min_label": 8.0}}, {"type": "Feature", "geometry": {"type": "Point", "coordinates": [-72.2479, -13.1633]}, "properties": {"name": "Cusco", "min_label": 6.6}}, {"type": "Feature", "geometry": {"type": "Point", "coordinates": [-73.9838, -13.9245]}, "properties": {"name": "Ayacucho", "min_label": 6.6}}, {"type": "Feature", "geometry": {"type": "Point", "coordinates": [-72.9662, -14.0317]}, "properties": {"name": "Apur\u00edmac", "min_label": 6.6}}, {"type": "Feature", "geometry": {"type": "Point", "coordinates": [-75.0416, -13.0523]}, "properties": {"name": "Huancavelica", "min_label": 6.6}}, {"type": "Feature", "geometry": {"type": "Point", "coordinates": [-76.6238, -7.30853]}, "properties": {"name": "San Mart\u00edn", "min_label": 6.6}}, {"type": "Feature", "geometry": {"type": "Point", "coordinates": [-75.9161, -9.59203]}, "properties": {"name": "Hu\u00e1nuco", "min_label": 6.6}}, {"type": "Feature", "geometry": {"type": "Point", "coordinates": [-75.4586, -10.3457]}, "properties": {"name": "Pasco", "min_label": 6.6}}, {"type": "Feature", "geometry": {"type": "Point", "coordinates": [-74.9642, -11.3744]}, "properties": {"name": "Jun\u00edn", "min_label": 6.6}}, {"type": "Feature", "geometry": {"type": "Point", "coordinates": [-56.6053, -24.2001]}, "properties": {"name": "San Pedro", "min_label": 6.7}}, {"type": "Feature", "geometry": {"type": "Point", "coordinates": [-55.8821, -25.2234]}, "properties": {"name": "Caaguaz\u00fa", "min_label": 6.7}}, {"type": "Feature", "geometry": {"type": "Point", "coordinates": [-56.9747, -25.2506]}, "properties": {"name": "Cordillera", "min_label": 6.7}}, {"type": "Feature", "geometry": {"type": "Point", "coordinates": [-56.0049, -26.2005]}, "properties": {"name": "Caazap\u00e1", "min_label": 6.7}}, {"type": "Feature", "geometry": {"type": "Point", "coordinates": [-57.146, -25.9805]}, "properties": {"name": "Paraguar\u00ed", "min_label": 6.7}}, {"type": "Feature", "geometry": {"type": "Point", "coordinates": [-56.1486, -25.8137]}, "properties": {"name": "Guair\u00e1", "min_label": 6.7}}, {"type": "Feature", "geometry": {"type": "Point", "coordinates": [73.0628, 33.7011]}, "properties": {"name": "F.C.T.", "min_label": 5.0}}, {"type": "Feature", "geometry": {"type": "Point", "coordinates": [-85.4926, 13.0242]}, "properties": {"name": "Matagalpa", "min_label": 7.7}}, {"type": "Feature", "geometry": {"type": "Point", "coordinates": [-85.4734, 12.524]}, "properties": {"name": "Boaco", "min_label": 7.7}}, {"type": "Feature", "geometry": {"type": "Point", "coordinates": [-85.1156, 12.0292]}, "properties": {"name": "Chontales", "min_label": 7.7}}, {"type": "Feature", "geometry": {"type": "Point", "coordinates": [-86.4072, 13.225]}, "properties": {"name": "Estel\u00ed", "min_label": 7.7}}, {"type": "Feature", "geometry": {"type": "Point", "coordinates": [-85.9698, 11.8736]}, "properties": {"name": "Granada", "min_label": 7.7}}, {"type": "Feature", "geometry": {"type": "Point", "coordinates": [-86.1227, 11.9959]}, "properties": {"name": "Masaya", "min_label": 7.7}}, {"type": "Feature", "geometry": {"type": "Point", "coordinates": [5.55746, 52.5508]}, "properties": {"name": "Flevoland", "min_label": 8.0}}, {"type": "Feature", "geometry": {"type": "Point", "coordinates": [5.1938, 52.0749]}, "properties": {"name": "Utrecht", "min_label": 8.0}}, {"type": "Feature", "geometry": {"type": "Point", "coordinates": [-4.17332, 33.2343]}, "properties": {"name": "F\u00e8s - Boulemane", "min_label": 7.7}}, {"type": "Feature", "geometry": {"type": "Point", "coordinates": [-6.36087, 32.1648]}, "properties": {"name": "Tadla - Azilal", "min_label": 7.7}}, {"type": "Feature", "geometry": {"type": "Point", "coordinates": [19.515, 42.971]}, "properties": {"name": "Mojkovac", "min_label": 10.0}}, {"type": "Feature", "geometry": {"type": "Point", "coordinates": [18.8954, 42.4993]}, "properties": {"name": "Cetinje", "min_label": 10.0}}, {"type": "Feature", "geometry": {"type": "Point", "coordinates": [19.1516, 42.9571]}, "properties": {"name": "\u0160avnik", "min_label": 10.0}}, {"type": "Feature", "geometry": {"type": "Point", "coordinates": [19.4394, 42.7889]}, "properties": {"name": "Kola\u0161in", "min_label": 10.0}}, {"type": "Feature", "geometry": {"type": "Point", "coordinates": [19.1191, 42.5936]}, "properties": {"name": "Danilovgrad", "min_label": 10.0}}, {"type": "Feature", "geometry": {"type": "Point", "coordinates": [28.3373, 47.2892]}, "properties": {"name": "C\u0103l\u0103ra\u0219i", "min_label": 10.0}}, {"type": "Feature", "geometry": {"type": "Point", "coordinates": [27.8915, 48.0267]}, "properties": {"name": "Drochia", "min_label": 10.0}}, {"type": "Feature", "geometry": {"type": "Point", "coordinates": [28.1728, 47.6929]}, "properties": {"name": "S\u00eengerei", "min_label": 10.0}}, {"type": "Feature", "geometry": {"type": "Point", "coordinates": [27.9516, 47.7763]}, "properties": {"name": "B\u0103l\u0163i", "min_label": 10.0}}, {"type": "Feature", "geometry": {"type": "Point", "coordinates": [47.481, -18.4743]}, "properties": {"name": "Analamanga", "min_label": 7.0}}, {"type": "Feature", "geometry": {"type": "Point", "coordinates": [47.1963, -17.232]}, "properties": {"name": "Betsiboka", "min_label": 7.0}}, {"type": "Feature", "geometry": {"type": "Point", "coordinates": [46.1092, -18.6296]}, "properties": {"name": "Bongolava", "min_label": 7.0}}, {"type": "Feature", "geometry": {"type": "Point", "coordinates": [46.8857, -19.7425]}, "properties": {"name": "Vakinankaratra", "min_label": 7.0}}, {"type": "Feature", "geometry": {"type": "Point", "coordinates": [46.7822, -20.5449]}, "properties": {"name": "Amoron'i Mania", "min_label": 7.0}}, {"type": "Feature", "geometry": {"type": "Point", "coordinates": [48.3868, -17.8014]}, "properties": {"name": "Alaotra-Mangoro", "min_label": 7.0}}, {"type": "Feature", "geometry": {"type": "Point", "coordinates": [26.0091, 57.4025]}, "properties": {"name": "Smiltenes", "min_label": 10.0}}, {"type": "Feature", "geometry": {"type": "Point", "coordinates": [27.4348, 57.0151]}, "properties": {"name": "Balvu", "min_label": 10.0}}, {"type": "Feature", "geometry": {"type": "Point", "coordinates": [25.7924, 57.6356]}, "properties": {"name": "Strencu", "min_label": 10.0}}, {"type": "Feature", "geometry": {"type": "Point", "coordinates": [25.592, 57.5293]}, "properties": {"name": "Beverinas", "min_label": 10.0}}, {"type": "Feature", "geometry": {"type": "Point", "coordinates": [25.3393, 57.6809]}, "properties": {"name": "Burtnieku", "min_label": 10.0}}, {"type": "Feature", "geometry": {"type": "Point", "coordinates": [25.2116, 57.5415]}, "properties": {"name": "Kocenu", "min_label": 10.0}}, {"type": "Feature", "geometry": {"type": "Point", "coordinates": [27.2633, 56.3554]}, "properties": {"name": "Rezeknes", "min_label": 10.0}}, {"type": "Feature", "geometry": {"type": "Point", "coordinates": [25.7024, 57.108]}, "properties": {"name": "Vecpiebalgas", "min_label": 10.0}}, {"type": "Feature", "geometry": {"type": "Point", "coordinates": [25.641, 57.3411]}, "properties": {"name": "Raunas", "min_label": 10.0}}, {"type": "Feature", "geometry": {"type": "Point", "coordinates": [25.4447, 57.3657]}, "properties": {"name": "Priekulu", "min_label": 10.0}}, {"type": "Feature", "geometry": {"type": "Point", "coordinates": [25.0767, 57.3575]}, "properties": {"name": "Pargaujas", "min_label": 10.0}}, {"type": "Feature", "geometry": {"type": "Point", "coordinates": [24.7863, 57.2798]}, "properties": {"name": "Krimuldas", "min_label": 10.0}}, {"type": "Feature", "geometry": {"type": "Point", "coordinates": [26.5803, 57.1723]}, "properties": {"name": "Gulbene", "min_label": 10.0}}, {"type": "Feature", "geometry": {"type": "Point", "coordinates": [27.1093, 56.9853]}, "properties": {"name": "Rugaju", "min_label": 10.0}}, {"type": "Feature", "geometry": {"type": "Point", "coordinates": [26.0091, 57.1448]}, "properties": {"name": "Jaunpiebalgas", "min_label": 10.0}}, {"type": "Feature", "geometry": {"type": "Point", "coordinates": [27.0929, 56.0979]}, "properties": {"name": "Aglonas", "min_label": 10.0}}, {"type": "Feature", "geometry": {"type": "Point", "coordinates": [26.8189, 56.3637]}, "properties": {"name": "Riebinu", "min_label": 10.0}}, {"type": "Feature", "geometry": {"type": "Point", "coordinates": [26.8884, 56.5518]}, "properties": {"name": "Vilanu", "min_label": 10.0}}, {"type": "Feature", "geometry": {"type": "Point", "coordinates": [23.7639, 56.8913]}, "properties": {"name": "Babites", "min_label": 10.0}}, {"type": "Feature", "geometry": {"type": "Point", "coordinates": [24.3875, 57.0221]}, "properties": {"name": "Garkalnes", "min_label": 10.0}}, {"type": "Feature", "geometry": {"type": "Point", "coordinates": [24.2628, 56.8054]}, "properties": {"name": "Kekavas", "min_label": 10.0}}, {"type": "Feature", "geometry": {"type": "Point", "coordinates": [23.9438, 56.8913]}, "properties": {"name": "Marupes", "min_label": 10.0}}, {"type": "Feature", "geometry": {"type": "Point", "coordinates": [23.9561, 56.789]}, "properties": {"name": "Olaines", "min_label": 10.0}}, {"type": "Feature", "geometry": {"type": "Point", "coordinates": [24.365, 56.8708]}, "properties": {"name": "Salaspils", "min_label": 10.0}}, {"type": "Feature", "geometry": {"type": "Point", "coordinates": [24.3323, 56.9362]}, "properties": {"name": "Stopinu", "min_label": 10.0}}, {"type": "Feature", "geometry": {"type": "Point", "coordinates": [24.5327, 57.198]}, "properties": {"name": "Sejas", "min_label": 10.0}}, {"type": "Feature", "geometry": {"type": "Point", "coordinates": [24.9581, 57.0017]}, "properties": {"name": "Malpils", "min_label": 10.0}}, {"type": "Feature", "geometry": {"type": "Point", "coordinates": [24.8272, 57.0998]}, "properties": {"name": "Siguldas", "min_label": 10.0}}, {"type": "Feature", "geometry": {"type": "Point", "coordinates": [26.2344, 56.805]}, "properties": {"name": "Madona", "min_label": 10.0}}, {"type": "Feature", "geometry": {"type": "Point", "coordinates": [26.7126, 56.9362]}, "properties": {"name": "Lubanas", "min_label": 10.0}}, {"type": "Feature", "geometry": {"type": "Point", "coordinates": [26.643, 56.6336]}, "properties": {"name": "Varaklanu", "min_label": 10.0}}, {"type": "Feature", "geometry": {"type": "Point", "coordinates": [25.3384, 57.0794]}, "properties": {"name": "Amatas", "min_label": 10.0}}, {"type": "Feature", "geometry": {"type": "Point", "coordinates": [25.6656, 56.8954]}, "properties": {"name": "Erglu", "min_label": 10.0}}, {"type": "Feature", "geometry": {"type": "Point", "coordinates": [26.275, 57.0099]}, "properties": {"name": "Cesvaines", "min_label": 10.0}}, {"type": "Feature", "geometry": {"type": "Point", "coordinates": [25.1269, 56.8577]}, "properties": {"name": "Ogre", "min_label": 10.0}}, {"type": "Feature", "geometry": {"type": "Point", "coordinates": [24.5818, 56.9649]}, "properties": {"name": "Ropazu", "min_label": 10.0}}, {"type": "Feature", "geometry": {"type": "Point", "coordinates": [24.5695, 56.8545]}, "properties": {"name": "Ikskiles", "min_label": 10.0}}, {"type": "Feature", "geometry": {"type": "Point", "coordinates": [24.3555, 56.7316]}, "properties": {"name": "Baldones", "min_label": 10.0}}, {"type": "Feature", "geometry": {"type": "Point", "coordinates": [24.729, 56.6541]}, "properties": {"name": "Keguma", "min_label": 10.0}}, {"type": "Feature", "geometry": {"type": "Point", "coordinates": [24.2055, 56.6132]}, "properties": {"name": "Iecavas", "min_label": 10.0}}, {"type": "Feature", "geometry": {"type": "Point", "coordinates": [25.731, 56.6868]}, "properties": {"name": "Plavinu", "min_label": 10.0}}, {"type": "Feature", "geometry": {"type": "Point", "coordinates": [25.4447, 56.7031]}, "properties": {"name": "Kokneses", "min_label": 10.0}}, {"type": "Feature", "geometry": {"type": "Point", "coordinates": [25.228, 56.6459]}, "properties": {"name": "Aizkraukles", "min_label": 10.0}}, {"type": "Feature", "geometry": {"type": "Point", "coordinates": [25.0971, 56.6786]}, "properties": {"name": "Skriveru", "min_label": 10.0}}, {"type": "Feature", "geometry": {"type": "Point", "coordinates": [24.9523, 56.7332]}, "properties": {"name": "Lielvardes", "min_label": 10.0}}, {"type": "Feature", "geometry": {"type": "Point", "coordinates": [25.3016, 56.5109]}, "properties": {"name": "Jaunjelgavas", "min_label": 10.0}}, {"type": "Feature", "geometry": {"type": "Point", "coordinates": [26.696, 56.2674]}, "properties": {"name": "Preilu", "min_label": 10.0}}, {"type": "Feature", "geometry": {"type": "Point", "coordinates": [26.324, 56.3841]}, "properties": {"name": "Livanu", "min_label": 10.0}}, {"type": "Feature", "geometry": {"type": "Point", "coordinates": [26.5122, 56.2165]}, "properties": {"name": "Varkavas", "min_label": 10.0}}, {"type": "Feature", "geometry": {"type": "Point", "coordinates": [25.9607, 56.3227]}, "properties": {"name": "Jekabpils", "min_label": 10.0}}, {"type": "Feature", "geometry": {"type": "Point", "coordinates": [26.1972, 56.5559]}, "properties": {"name": "Krustpils", "min_label": 10.0}}, {"type": "Feature", "geometry": {"type": "Point", "coordinates": [25.7187, 56.4905]}, "properties": {"name": "Salas", "min_label": 10.0}}, {"type": "Feature", "geometry": {"type": "Point", "coordinates": [21.5943, 56.7232]}, "properties": {"name": "Aizputes", "min_label": 10.0}}, {"type": "Feature", "geometry": {"type": "Point", "coordinates": [21.9858, 56.9626]}, "properties": {"name": "Kuldigas", "min_label": 10.0}}, {"type": "Feature", "geometry": {"type": "Point", "coordinates": [21.5583, 56.9915]}, "properties": {"name": "Alsungas", "min_label": 10.0}}, {"type": "Feature", "geometry": {"type": "Point", "coordinates": [21.9901, 56.6446]}, "properties": {"name": "Skrundas", "min_label": 10.0}}, {"type": "Feature", "geometry": {"type": "Point", "coordinates": [22.6964, 56.9403]}, "properties": {"name": "Kandavas", "min_label": 10.0}}, {"type": "Feature", "geometry": {"type": "Point", "coordinates": [23.0121, 56.9505]}, "properties": {"name": "Tukums", "min_label": 10.0}}, {"type": "Feature", "geometry": {"type": "Point", "coordinates": [23.2005, 56.6172]}, "properties": {"name": "Dobele", "min_label": 10.0}}, {"type": "Feature", "geometry": {"type": "Point", "coordinates": [22.9132, 56.7686]}, "properties": {"name": "Jaunpils", "min_label": 10.0}}, {"type": "Feature", "geometry": {"type": "Point", "coordinates": [22.6412, 56.7003]}, "properties": {"name": "Brocenu", "min_label": 10.0}}, {"type": "Feature", "geometry": {"type": "Point", "coordinates": [23.9479, 56.6377]}, "properties": {"name": "Ozolnieku", "min_label": 10.0}}, {"type": "Feature", "geometry": {"type": "Point", "coordinates": [74.5877, 42.8424]}, "properties": {"name": "Bishkek", "min_label": 6.7}}, {"type": "Feature", "geometry": {"type": "Point", "coordinates": [47.9381, 29.2592]}, "properties": {"name": "Al Farwaniyah", "min_label": 8.7}}, {"type": "Feature", "geometry": {"type": "Point", "coordinates": [20.609, 42.3901]}, "properties": {"name": "Orahovac", "min_label": 10.0}}, {"type": "Feature", "geometry": {"type": "Point", "coordinates": [20.7437, 42.7169]}, "properties": {"name": "Srbica", "min_label": 10.0}}, {"type": "Feature", "geometry": {"type": "Point", "coordinates": [20.5913, 42.5999]}, "properties": {"name": "Klina", "min_label": 10.0}}, {"type": "Feature", "geometry": {"type": "Point", "coordinates": [20.9247, 42.9377]}, "properties": {"name": "Kosovska Mitrovica", "min_label": 10.0}}, {"type": "Feature", "geometry": {"type": "Point", "coordinates": [20.8784, 42.6021]}, "properties": {"name": "Glogovac", "min_label": 10.0}}, {"type": "Feature", "geometry": {"type": "Point", "coordinates": [20.7392, 42.4806]}, "properties": {"name": "Mali\u0161evo", "min_label": 10.0}}, {"type": "Feature", "geometry": {"type": "Point", "coordinates": [36.9039, -1.29384]}, "properties": {"name": "Nairobi", "min_label": 6.6}}, {"type": "Feature", "geometry": {"type": "Point", "coordinates": [36.8463, -0.709986]}, "properties": {"name": "Central", "min_label": 6.6}}, {"type": "Feature", "geometry": {"type": "Point", "coordinates": [35.761, 32.2932]}, "properties": {"name": "Ajlun", "min_label": 8.7}}, {"type": "Feature", "geometry": {"type": "Point", "coordinates": [35.856, 32.2186]}, "properties": {"name": "Jarash", "min_label": 8.7}}, {"type": "Feature", "geometry": {"type": "Point", "coordinates": [139.025, 36.5592]}, "properties": {"name": "Gunma", "min_label": 3.0}}, {"type": "Feature", "geometry": {"type": "Point", "coordinates": [138.019, 36.0666]}, "properties": {"name": "Nagano", "min_label": 3.0}}, {"type": "Feature", "geometry": {"type": "Point", "coordinates": [139.786, 36.6593]}, "properties": {"name": "Tochigi", "min_label": 3.0}}, {"type": "Feature", "geometry": {"type": "Point", "coordinates": [136.941, 35.8522]}, "properties": {"name": "Gifu", "min_label": 3.0}}, {"type": "Feature", "geometry": {"type": "Point", "coordinates": [136.093, 35.1832]}, "properties": {"name": "Shiga", "min_label": 3.0}}, {"type": "Feature", "geometry": {"type": "Point", "coordinates": [139.287, 36.0173]}, "properties": {"name": "Saitama", "min_label": 3.0}}, {"type": "Feature", "geometry": {"type": "Point", "coordinates": [138.645, 35.6149]}, "properties": {"name": "Yamanashi", "min_label": 3.0}}, {"type": "Feature", "geometry": {"type": "Point", "coordinates": [135.877, 34.2815]}, "properties": {"name": "Nara", "min_label": 3.0}}, {"type": "Feature", "geometry": {"type": "Point", "coordinates": [-6.50859, 7.01394]}, "properties": {"name": "Haut-Sassandra", "min_label": 7.7}}, {"type": "Feature", "geometry": {"type": "Point", "coordinates": [-4.02187, 6.06215]}, "properties": {"name": "Agn\u00e9by", "min_label": 7.7}}, {"type": "Feature", "geometry": {"type": "Point", "coordinates": [-4.23718, 7.05528]}, "properties": {"name": "N'zi-Como\u00e9", "min_label": 7.7}}, {"type": "Feature", "geometry": {"type": "Point", "coordinates": [-5.83201, 6.94728]}, "properties": {"name": "Marahou\u00e9", "min_label": 7.7}}, {"type": "Feature", "geometry": {"type": "Point", "coordinates": [-5.80631, 6.2178]}, "properties": {"name": "Fromager", "min_label": 7.7}}, {"type": "Feature", "geometry": {"type": "Point", "coordinates": [-4.85838, 8.22668]}, "properties": {"name": "Vall\u00e9e du Bandama", "min_label": 7.7}}, {"type": "Feature", "geometry": {"type": "Point", "coordinates": [-5.15412, 6.85184]}, "properties": {"name": "Lacs", "min_label": 7.7}}, {"type": "Feature", "geometry": {"type": "Point", "coordinates": [-6.28956, 8.49071]}, "properties": {"name": "Worodougou", "min_label": 7.7}}, {"type": "Feature", "geometry": {"type": "Point", "coordinates": [-6.79999, 53.1364]}, "properties": {"name": "Kildare", "min_label": 8.0}}, {"type": "Feature", "geometry": {"type": "Point", "coordinates": [-6.79431, 52.715]}, "properties": {"name": "Carlow", "min_label": 8.0}}, {"type": "Feature", "geometry": {"type": "Point", "coordinates": [-7.32962, 53.0116]}, "properties": {"name": "Laoighis", "min_label": 8.0}}, {"type": "Feature", "geometry": {"type": "Point", "coordinates": [-6.40147, 53.2831]}, "properties": {"name": "South Dublin", "min_label": 8.0}}, {"type": "Feature", "geometry": {"type": "Point", "coordinates": [-7.53214, 53.2565]}, "properties": {"name": "Offaly", "min_label": 8.0}}, {"type": "Feature", "geometry": {"type": "Point", "coordinates": [-7.4553, 53.5252]}, "properties": {"name": "Westmeath", "min_label": 8.0}}, {"type": "Feature", "geometry": {"type": "Point", "coordinates": [-7.70239, 53.7166]}, "properties": {"name": "Longford", "min_label": 8.0}}, {"type": "Feature", "geometry": {"type": "Point", "coordinates": [-8.21208, 53.7738]}, "properties": {"name": "Roscommon", "min_label": 8.0}}, {"type": "Feature", "geometry": {"type": "Point", "coordinates": [-7.97632, 52.7597]}, "properties": {"name": "North Tipperary", "min_label": 8.0}}, {"type": "Feature", "geometry": {"type": "Point", "coordinates": [-7.83145, 52.4462]}, "properties": {"name": "South Tipperary", "min_label": 8.0}}, {"type": "Feature", "geometry": {"type": "Point", "coordinates": [-7.07931, 52.2284]}, "properties": {"name": "Waterford", "min_label": 8.0}}, {"type": "Feature", "geometry": {"type": "Point", "coordinates": [-8.60278, 52.6485]}, "properties": {"name": "Limerick", "min_label": 8.0}}, {"type": "Feature", "geometry": {"type": "Point", "coordinates": [-87.678, 14.6577]}, "properties": {"name": "Comayagua", "min_label": 8.0}}, {"type": "Feature", "geometry": {"type": "Point", "coordinates": [-87.206, 15.233]}, "properties": {"name": "Yoro", "min_label": 8.0}}, {"type": "Feature", "geometry": {"type": "Point", "coordinates": [-87.1815, 14.3474]}, "properties": {"name": "Francisco Moraz\u00e1n", "min_label": 8.0}}, {"type": "Feature", "geometry": {"type": "Point", "coordinates": [-9.89138, 9.25638]}, "properties": {"name": "Kissidougou", "min_label": 8.0}}, {"type": "Feature", "geometry": {"type": "Point", "coordinates": [-8.90504, 9.33012]}, "properties": {"name": "K\u00e9rouan\u00e9", "min_label": 8.0}}, {"type": "Feature", "geometry": {"type": "Point", "coordinates": [-13.3113, 10.9156]}, "properties": {"name": "T\u00e9lim\u00e9l\u00e9", "min_label": 8.0}}, {"type": "Feature", "geometry": {"type": "Point", "coordinates": [-12.6338, 11.4687]}, "properties": {"name": "L\u00e9louma", "min_label": 8.0}}, {"type": "Feature", "geometry": {"type": "Point", "coordinates": [-12.2144, 10.8327]}, "properties": {"name": "Dalaba", "min_label": 8.0}}, {"type": "Feature", "geometry": {"type": "Point", "coordinates": [-12.3404, 11.515]}, "properties": {"name": "Lab\u00e9", "min_label": 8.0}}, {"type": "Feature", "geometry": {"type": "Point", "coordinates": [-12.62, 10.9341]}, "properties": {"name": "Pita", "min_label": 8.0}}, {"type": "Feature", "geometry": {"type": "Point", "coordinates": [-10.0204, 10.7221]}, "properties": {"name": "Kouroussa", "min_label": 8.0}}, {"type": "Feature", "geometry": {"type": "Point", "coordinates": [-13.4957, 10.4732]}, "properties": {"name": "Fria", "min_label": 8.0}}, {"type": "Feature", "geometry": {"type": "Point", "coordinates": [-90.8859, 14.7313]}, "properties": {"name": "Chimaltenango", "min_label": 8.0}}, {"type": "Feature", "geometry": {"type": "Point", "coordinates": [-90.7545, 14.6139]}, "properties": {"name": "Sacatep\u00e9quez", "min_label": 8.0}}, {"type": "Feature", "geometry": {"type": "Point", "coordinates": [-90.4872, 14.6006]}, "properties": {"name": "Guatemala", "min_label": 8.0}}, {"type": "Feature", "geometry": {"type": "Point", "coordinates": [-89.9727, 14.6255]}, "properties": {"name": "Jalapa", "min_label": 8.0}}, {"type": "Feature", "geometry": {"type": "Point", "coordinates": [-90.0911, 14.9038]}, "properties": {"name": "El Progreso", "min_label": 8.0}}, {"type": "Feature", "geometry": {"type": "Point", "coordinates": [-91.2727, 14.7372]}, "properties": {"name": "Solol\u00e1", "min_label": 8.0}}, {"type": "Feature", "geometry": {"type": "Point", "coordinates": [-91.7831, 14.7269]}, "properties": {"name": "Quezaltenango", "min_label": 8.0}}, {"type": "Feature", "geometry": {"type": "Point", "coordinates": [-90.3946, 15.0766]}, "properties": {"name": "Baja Verapaz", "min_label": 8.0}}, {"type": "Feature", "geometry": {"type": "Point", "coordinates": [-91.3884, 15.0474]}, "properties": {"name": "Totonicap\u00e1n", "min_label": 8.0}}, {"type": "Feature", "geometry": {"type": "Point", "coordinates": [-1.3296, 6.75219]}, "properties": {"name": "Ashanti", "min_label": 7.7}}, {"type": "Feature", "geometry": {"type": "Point", "coordinates": [-0.460431, 6.42584]}, "properties": {"name": "Eastern", "min_label": 7.7}}, {"type": "Feature", "geometry": {"type": "Point", "coordinates": [8.95873, 50.6098]}, "properties": {"name": "Hessen", "min_label": 6.6}}, {"type": "Feature", "geometry": {"type": "Point", "coordinates": [11.0976, 50.9052]}, "properties": {"name": "Th\u00fcringen", "min_label": 6.6}}, {"type": "Feature", "geometry": {"type": "Point", "coordinates": [11.6796, 51.9338]}, "properties": {"name": "Sachsen-Anhalt", "min_label": 6.6}}, {"type": "Feature", "geometry": {"type": "Point", "coordinates": [13.4213, 52.5131]}, "properties": {"name": "Berlin", "min_label": 6.6}}, {"type": "Feature", "geometry": {"type": "Point", "coordinates": [10.5724, -0.374156]}, "properties": {"name": "Moyen-Ogoou\u00e9", "min_label": 7.7}}, {"type": "Feature", "geometry": {"type": "Point", "coordinates": [24.6953, 58.9829]}, "properties": {"name": "Rapla", "min_label": 7.0}}, {"type": "Feature", "geometry": {"type": "Point", "coordinates": [25.6829, 58.9729]}, "properties": {"name": "J\u00e4rva", "min_label": 7.0}}, {"type": "Feature", "geometry": {"type": "Point", "coordinates": [39.0563, 15.2792]}, "properties": {"name": "Anseba", "min_label": 8.7}}, {"type": "Feature", "geometry": {"type": "Point", "coordinates": [-89.0055, 13.8166]}, "properties": {"name": "Cuscatl\u00e1n", "min_label": 10.0}}, {"type": "Feature", "geometry": {"type": "Point", "coordinates": [-89.1488, 13.713]}, "properties": {"name": "San Salvador", "min_label": 10.0}}, {"type": "Feature", "geometry": {"type": "Point", "coordinates": [31.5788, 29.9801]}, "properties": {"name": "Al Qahirah", "min_label": 7.7}}, {"type": "Feature", "geometry": {"type": "Point", "coordinates": [29.7204, 29.3499]}, "properties": {"name": "Al Jizah", "min_label": 7.7}}, {"type": "Feature", "geometry": {"type": "Point", "coordinates": [30.1604, 28.2141]}, "properties": {"name": "Al Minya", "min_label": 7.7}}, {"type": "Feature", "geometry": {"type": "Point", "coordinates": [30.4584, 29.2965]}, "properties": {"name": "Al Fayyum", "min_label": 7.7}}, {"type": "Feature", "geometry": {"type": "Point", "coordinates": [30.5041, 28.8948]}, "properties": {"name": "Bani Suwayf", "min_label": 7.7}}, {"type": "Feature", "geometry": {"type": "Point", "coordinates": [31.0029, 30.5076]}, "properties": {"name": "Al Minufiyah", "min_label": 7.7}}, {"type": "Feature", "geometry": {"type": "Point", "coordinates": [31.325, 30.2725]}, "properties": {"name": "Al Qalyubiyah", "min_label": 7.7}}, {"type": "Feature", "geometry": {"type": "Point", "coordinates": [31.0287, 30.8504]}, "properties": {"name": "Al Gharbiyah", "min_label": 7.7}}, {"type": "Feature", "geometry": {"type": "Point", "coordinates": [31.8037, 26.5104]}, "properties": {"name": "Suhaj", "min_label": 7.7}}, {"type": "Feature", "geometry": {"type": "Point", "coordinates": [32.4417, 26.1216]}, "properties": {"name": "Qina", "min_label": 7.7}}, {"type": "Feature", "geometry": {"type": "Point", "coordinates": [31.1431, 27.2223]}, "properties": {"name": "Asyut", "min_label": 7.7}}, {"type": "Feature", "geometry": {"type": "Point", "coordinates": [-79.0909, -3.15279]}, "properties": {"name": "Azuay", "min_label": 8.0}}, {"type": "Feature", "geometry": {"type": "Point", "coordinates": [-78.9978, -2.54413]}, "properties": {"name": "Ca\u00f1ar", "min_label": 8.0}}, {"type": "Feature", "geometry": {"type": "Point", "coordinates": [-78.5209, -1.2733]}, "properties": {"name": "Napo", "min_label": 8.0}}, {"type": "Feature", "geometry": {"type": "Point", "coordinates": [-77.7382, -0.624499]}, "properties": {"name": "Tungurahua", "min_label": 8.0}}, {"type": "Feature", "geometry": {"type": "Point", "coordinates": [-78.7417, -1.88915]}, "properties": {"name": "Chimborazo", "min_label": 8.0}}, {"type": "Feature", "geometry": {"type": "Point", "coordinates": [-79.1205, -1.67621]}, "properties": {"name": "Bolivar", "min_label": 8.0}}, {"type": "Feature", "geometry": {"type": "Point", "coordinates": [-78.4124, 0.55271]}, "properties": {"name": "Imbabura", "min_label": 8.0}}, {"type": "Feature", "geometry": {"type": "Point", "coordinates": [-78.8554, -0.813335]}, "properties": {"name": "Cotopaxi", "min_label": 8.0}}, {"type": "Feature", "geometry": {"type": "Point", "coordinates": [-79.4787, -1.22191]}, "properties": {"name": "Los Rios", "min_label": 8.0}}, {"type": "Feature", "geometry": {"type": "Point", "coordinates": [-78.5045, -0.087133]}, "properties": {"name": "Pichincha", "min_label": 8.0}}, {"type": "Feature", "geometry": {"type": "Point", "coordinates": [-79.2525, -0.34834]}, "properties": {"name": "Santo Domingo de los Ts\u00e1chilas", "min_label": 8.0}}, {"type": "Feature", "geometry": {"type": "Point", "coordinates": [-70.4081, 18.9242]}, "properties": {"name": "Monse\u00f1or Nouel", "min_label": 10.0}}, {"type": "Feature", "geometry": {"type": "Point", "coordinates": [-70.15, 19.0101]}, "properties": {"name": "S\u00e1nchez Ram\u00edrez", "min_label": 10.0}}, {"type": "Feature", "geometry": {"type": "Point", "coordinates": [-70.525, 18.6367]}, "properties": {"name": "San Jos\u00e9 de Ocoa", "min_label": 10.0}}, {"type": "Feature", "geometry": {"type": "Point", "coordinates": [-69.816, 18.8533]}, "properties": {"name": "Monte Plata", "min_label": 10.0}}, {"type": "Feature", "geometry": {"type": "Point", "coordinates": [16.9948, 45.7207]}, "properties": {"name": "Bjelovarsko-bilogorska", "min_label": 9.0}}, {"type": "Feature", "geometry": {"type": "Point", "coordinates": [15.9958, 45.8251]}, "properties": {"name": "Grad Zagreb", "min_label": 9.0}}, {"type": "Feature", "geometry": {"type": "Point", "coordinates": [17.6849, 45.3863]}, "properties": {"name": "Brodsko-Posavska", "min_label": 9.0}}, {"type": "Feature", "geometry": {"type": "Point", "coordinates": [-84.0105, 9.60369]}, "properties": {"name": "San Jos\u00e9", "min_label": 7.7}}, {"type": "Feature", "geometry": {"type": "Point", "coordinates": [-83.6991, 9.78411]}, "properties": {"name": "Cartago", "min_label": 7.7}}, {"type": "Feature", "geometry": {"type": "Point", "coordinates": [-73.8097, 0.615494]}, "properties": {"name": "Caquet\u00e1", "min_label": 6.7}}, {"type": "Feature", "geometry": {"type": "Point", "coordinates": [-75.5471, 2.65469]}, "properties": {"name": "Huila", "min_label": 6.7}}, {"type": "Feature", "geometry": {"type": "Point", "coordinates": [-71.8348, 1.85144]}, "properties": {"name": "Guaviare", "min_label": 6.7}}, {"type": "Feature", "geometry": {"type": "Point", "coordinates": [-75.2793, 5.29037]}, "properties": {"name": "Caldas", "min_label": 6.7}}, {"type": "Feature", "geometry": {"type": "Point", "coordinates": [-71.4622, 5.46249]}, "properties": {"name": "Casanare", "min_label": 6.7}}, {"type": "Feature", "geometry": {"type": "Point", "coordinates": [-72.9789, 3.5302]}, "properties": {"name": "Meta", "min_label": 6.7}}, {"type": "Feature", "geometry": {"type": "Point", "coordinates": [-74.2443, 4.08564]}, "properties": {"name": "Bogota", "min_label": 6.7}}, {"type": "Feature", "geometry": {"type": "Point", "coordinates": [-73.4981, 6.85402]}, "properties": {"name": "Santander", "min_label": 6.7}}, {"type": "Feature", "geometry": {"type": "Point", "coordinates": [-75.2073, 3.93749]}, "properties": {"name": "Tolima", "min_label": 6.7}}, {"type": "Feature", "geometry": {"type": "Point", "coordinates": [-75.64, 4.47197]}, "properties": {"name": "Quind\u00edo", "min_label": 6.7}}, {"type": "Feature", "geometry": {"type": "Point", "coordinates": [-74.0613, 5.11121]}, "properties": {"name": "Cundinamarca", "min_label": 6.7}}, {"type": "Feature", "geometry": {"type": "Point", "coordinates": [-75.6743, 4.82682]}, "properties": {"name": "Risaralda", "min_label": 6.7}}, {"type": "Feature", "geometry": {"type": "Point", "coordinates": [116.389, 39.9488]}, "properties": {"name": "Beijing", "min_label": 4.6}}, {"type": "Feature", "geometry": {"type": "Point", "coordinates": [24.0842, -4.40511]}, "properties": {"name": "Kasa\u00ef-Oriental", "min_label": 6.0}}, {"type": "Feature", "geometry": {"type": "Point", "coordinates": [26.0336, -3.26017]}, "properties": {"name": "Maniema", "min_label": 6.0}}, {"type": "Feature", "geometry": {"type": "Point", "coordinates": [102.384, 30.5431]}, "properties": {"name": "Sichuan", "min_label": 4.6}}, {"type": "Feature", "geometry": {"type": "Point", "coordinates": [107.73, 30.0173]}, "properties": {"name": "Chongqing", "min_label": 4.6}}, {"type": "Feature", "geometry": {"type": "Point", "coordinates": [106.559, 26.8033]}, "properties": {"name": "Guizhou", "min_label": 4.6}}, {"type": "Feature", "geometry": {"type": "Point", "coordinates": [111.712, 27.6667]}, "properties": {"name": "Hunan", "min_label": 4.6}}, {"type": "Feature", "geometry": {"type": "Point", "coordinates": [106.038, 37.1762]}, "properties": {"name": "Ningxia", "min_label": 4.6}}, {"type": "Feature", "geometry": {"type": "Point", "coordinates": [108.363, 33.7713]}, "properties": {"name": "Shaanxi", "min_label": 4.6}}, {"type": "Feature", "geometry": {"type": "Point", "coordinates": [96.2377, 35.2652]}, "properties": {"name": "Qinghai", "min_label": 4.6}}, {"type": "Feature", "geometry": {"type": "Point", "coordinates": [112.389, 37.7586]}, "properties": {"name": "Shanxi", "min_label": 4.6}}, {"type": "Feature", "geometry": {"type": "Point", "coordinates": [116.017, 27.6397]}, "properties": {"name": "Jiangxi", "min_label": 4.6}}, {"type": "Feature", "geometry": {"type": "Point", "coordinates": [113.484, 33.9055]}, "properties": {"name": "Henan", "min_label": 4.6}}, {"type": "Feature", "geometry": {"type": "Point", "coordinates": [112.264, 30.9857]}, "properties": {"name": "Hubei", "min_label": 4.6}}, {"type": "Feature", "geometry": {"type": "Point", "coordinates": [117.253, 31.9537]}, "properties": {"name": "Anhui", "min_label": 4.6}}, {"type": "Feature", "geometry": {"type": "Point", "coordinates": [16.9496, 14.5304]}, "properties": {"name": "Barh El Gazel", "min_label": 6.6}}, {"type": "Feature", "geometry": {"type": "Point", "coordinates": [16.4994, 9.67051]}, "properties": {"name": "Tandjil\u00e9", "min_label": 6.6}}, {"type": "Feature", "geometry": {"type": "Point", "coordinates": [15.9306, 8.77035]}, "properties": {"name": "Logone Occidental", "min_label": 6.6}}, {"type": "Feature", "geometry": {"type": "Point", "coordinates": [18.0946, 11.3122]}, "properties": {"name": "Gu\u00e9ra", "min_label": 6.6}}, {"type": "Feature", "geometry": {"type": "Point", "coordinates": [18.6222, 14.0823]}, "properties": {"name": "Batha", "min_label": 6.6}}, {"type": "Feature", "geometry": {"type": "Point", "coordinates": [10.5889, 5.36694]}, "properties": {"name": "Ouest", "min_label": 6.7}}, {"type": "Feature", "geometry": {"type": "Point", "coordinates": [11.7383, 4.73268]}, "properties": {"name": "Centre", "min_label": 6.7}}, {"type": "Feature", "geometry": {"type": "Point", "coordinates": [104.548, 12.1624]}, "properties": {"name": "K\u00e2mp\u00f3ng Chhnang", "min_label": 8.0}}, {"type": "Feature", "geometry": {"type": "Point", "coordinates": [104.972, 12.6883]}, "properties": {"name": "K\u00e2mp\u00f3ng Thum", "min_label": 8.0}}, {"type": "Feature", "geometry": {"type": "Point", "coordinates": [104.282, 11.5221]}, "properties": {"name": "K\u00e2mp\u00f3ng Sp\u0153", "min_label": 8.0}}, {"type": "Feature", "geometry": {"type": "Point", "coordinates": [104.874, 11.5733]}, "properties": {"name": "Phnom Penh", "min_label": 8.0}}, {"type": "Feature", "geometry": {"type": "Point", "coordinates": [-49.5786, -15.863]}, "properties": {"name": "Goi\u00e1s", "min_label": 3.0}}, {"type": "Feature", "geometry": {"type": "Point", "coordinates": [-47.7902, -15.7665]}, "properties": {"name": "Distrito Federal", "min_label": 3.0}}, {"type": "Feature", "geometry": {"type": "Point", "coordinates": [-44.4808, -18.5895]}, "properties": {"name": "Minas Gerais", "min_label": 3.0}}, {"type": "Feature", "geometry": {"type": "Point", "coordinates": [-48.2502, -10.223]}, "properties": {"name": "Tocantins", "min_label": 3.0}}, {"type": "Feature", "geometry": {"type": "Point", "coordinates": [24.4879, -23.8665]}, "properties": {"name": "Kweneng", "min_label": 6.0}}, {"type": "Feature", "geometry": {"type": "Point", "coordinates": [25.9171, -24.6239]}, "properties": {"name": "Gaborone", "min_label": 6.0}}, {"type": "Feature", "geometry": {"type": "Point", "coordinates": [24.7253, -24.5774]}, "properties": {"name": "Jwaneng", "min_label": 6.0}}, {"type": "Feature", "geometry": {"type": "Point", "coordinates": [-65.6137, -17.2884]}, "properties": {"name": "Cochabamba", "min_label": 6.6}}, {"type": "Feature", "geometry": {"type": "Point", "coordinates": [90.1671, 27.0316]}, "properties": {"name": "Chirang", "min_label": 8.7}}, {"type": "Feature", "geometry": {"type": "Point", "coordinates": [90.0915, 27.5206]}, "properties": {"name": "Wangdi Phodrang", "min_label": 8.7}}, {"type": "Feature", "geometry": {"type": "Point", "coordinates": [89.8444, 27.0316]}, "properties": {"name": "Daga", "min_label": 8.7}}, {"type": "Feature", "geometry": {"type": "Point", "coordinates": [89.8223, 27.6756]}, "properties": {"name": "Punakha", "min_label": 8.7}}, {"type": "Feature", "geometry": {"type": "Point", "coordinates": [91.2014, 27.1956]}, "properties": {"name": "Mongar", "min_label": 8.7}}, {"type": "Feature", "geometry": {"type": "Point", "coordinates": [90.4811, 27.4491]}, "properties": {"name": "Tongsa", "min_label": 8.7}}, {"type": "Feature", "geometry": {"type": "Point", "coordinates": [91.3405, 26.9641]}, "properties": {"name": "Pemagatsel", "min_label": 8.7}}, {"type": "Feature", "geometry": {"type": "Point", "coordinates": [27.4703, 53.1945]}, "properties": {"name": "Minsk", "min_label": 6.6}}, {"type": "Feature", "geometry": {"type": "Point", "coordinates": [-59.5479, 13.1489]}, "properties": {"name": "Saint George", "min_label": 11.0}}, {"type": "Feature", "geometry": {"type": "Point", "coordinates": [-59.5898, 13.1877]}, "properties": {"name": "Saint Thomas", "min_label": 11.0}}, {"type": "Feature", "geometry": {"type": "Point", "coordinates": [48.4591, 39.7892]}, "properties": {"name": "Saatl\u0131", "min_label": 9.0}}, {"type": "Feature", "geometry": {"type": "Point", "coordinates": [47.2467, 40.3534]}, "properties": {"name": "B\u0259rd\u0259", "min_label": 9.0}}, {"type": "Feature", "geometry": {"type": "Point", "coordinates": [46.0161, 40.8317]}, "properties": {"name": "\u015e\u0259mkir", "min_label": 9.0}}, {"type": "Feature", "geometry": {"type": "Point", "coordinates": [48.3659, 40.5091]}, "properties": {"name": "A\u011fsu", "min_label": 9.0}}, {"type": "Feature", "geometry": {"type": "Point", "coordinates": [19.4051, 7.11882]}, "properties": {"name": "Nana-Gr\u00e9bizi", "min_label": 7.0}}, {"type": "Feature", "geometry": {"type": "Point", "coordinates": [48.5986, 40.3768]}, "properties": {"name": "\u015eamax\u0131", "min_label": 9.0}}, {"type": "Feature", "geometry": {"type": "Point", "coordinates": [48.3368, 41.1847]}, "properties": {"name": "Quba", "min_label": 9.0}}, {"type": "Feature", "geometry": {"type": "Point", "coordinates": [47.729, 40.3925]}, "properties": {"name": "Ucar", "min_label": 9.0}}, {"type": "Feature", "geometry": {"type": "Point", "coordinates": [48.9623, 40.4977]}, "properties": {"name": "Qobustan", "min_label": 9.0}}, {"type": "Feature", "geometry": {"type": "Point", "coordinates": [48.1125, 40.7896]}, "properties": {"name": "\u0130smay\u0131ll\u0131", "min_label": 9.0}}, {"type": "Feature", "geometry": {"type": "Point", "coordinates": [46.9101, 40.6958]}, "properties": {"name": "Yevlakh Rayon", "min_label": 9.0}}, {"type": "Feature", "geometry": {"type": "Point", "coordinates": [46.3206, 40.6864]}, "properties": {"name": "G\u0259nc\u0259", "min_label": 9.0}}, {"type": "Feature", "geometry": {"type": "Point", "coordinates": [46.9846, 40.7508]}, "properties": {"name": "Ming\u0259\u00e7evir", "min_label": 9.0}}, {"type": "Feature", "geometry": {"type": "Point", "coordinates": [47.8172, 40.569]}, "properties": {"name": "G\u00f6y\u00e7ay", "min_label": 9.0}}, {"type": "Feature", "geometry": {"type": "Point", "coordinates": [47.4132, 40.568]}, "properties": {"name": "A\u011fda\u015f", "min_label": 9.0}}, {"type": "Feature", "geometry": {"type": "Point", "coordinates": [47.4145, 39.971]}, "properties": {"name": "A\u011fcab\u0259di", "min_label": 9.0}}, {"type": "Feature", "geometry": {"type": "Point", "coordinates": [148.983, -35.4618]}, "properties": {"name": "Australian Capital Territory", "min_label": 2.0}}, {"type": "Feature", "geometry": {"type": "Point", "coordinates": [16.3798, 48.2247]}, "properties": {"name": "Wien", "min_label": 7.7}}, {"type": "Feature", "geometry": {"type": "Point", "coordinates": [44.7191, 40.3747]}, "properties": {"name": "Kotayk", "min_label": 9.0}}, {"type": "Feature", "geometry": {"type": "Point", "coordinates": [44.533, 40.1474]}, "properties": {"name": "Erevan", "min_label": 9.0}}, {"type": "Feature", "geometry": {"type": "Point", "coordinates": [-60.8593, -30.7764]}, "properties": {"name": "Santa Fe", "min_label": 6.0}}, {"type": "Feature", "geometry": {"type": "Point", "coordinates": [-65.3387, -26.9711]}, "properties": {"name": "Tucum\u00e1n", "min_label": 6.0}}, {"type": "Feature", "geometry": {"type": "Point", "coordinates": [-63.445, -27.6882]}, "properties": {"name": "Santiago del Estero", "min_label": 6.0}}, {"type": "Feature", "geometry": {"type": "Point", "coordinates": [-66.135, -33.9469]}, "properties": {"name": "San Luis", "min_label": 6.0}}, {"type": "Feature", "geometry": {"type": "Point", "coordinates": [-65.8386, -37.3861]}, "properties": {"name": "La Pampa", "min_label": 6.0}}, {"type": "Feature", "geometry": {"type": "Point", "coordinates": [-63.7501, -32.3275]}, "properties": {"name": "C\u00f3rdoba", "min_label": 6.0}}, {"type": "Feature", "geometry": {"type": "Point", "coordinates": [17.4921, -12.7997]}, "properties": {"name": "Bi\u00e9", "min_label": 6.6}}, {"type": "Feature", "geometry": {"type": "Point", "coordinates": [14.9458, -9.6988]}, "properties": {"name": "Cuanza Norte", "min_label": 6.6}}, {"type": "Feature", "geometry": {"type": "Point", "coordinates": [14.9844, -14.7348]}, "properties": {"name": "Hu\u00edla", "min_label": 6.6}}, {"type": "Feature", "geometry": {"type": "Point", "coordinates": [15.6947, -12.5587]}, "properties": {"name": "Huambo", "min_label": 6.6}}, {"type": "Feature", "geometry": {"type": "Point", "coordinates": [5.38428, 36.0513]}, "properties": {"name": "S\u00e9tif", "min_label": 7.7}}, {"type": "Feature", "geometry": {"type": "Point", "coordinates": [4.66926, 36.0966]}, "properties": {"name": "Bordj Bou Arr\u00e9ridj", "min_label": 7.7}}, {"type": "Feature", "geometry": {"type": "Point", "coordinates": [3.84375, 36.1884]}, "properties": {"name": "Bouira", "min_label": 7.7}}, {"type": "Feature", "geometry": {"type": "Point", "coordinates": [2.99331, 36.503]}, "properties": {"name": "Blida", "min_label": 7.7}}, {"type": "Feature", "geometry": {"type": "Point", "coordinates": [1.77868, 35.7302]}, "properties": {"name": "Tissemsilt", "min_label": 7.7}}, {"type": "Feature", "geometry": {"type": "Point", "coordinates": [2.10714, 36.1735]}, "properties": {"name": "A\u00efn Defla", "min_label": 7.7}}, {"type": "Feature", "geometry": {"type": "Point", "coordinates": [0.820498, 35.8174]}, "properties": {"name": "Relizane", "min_label": 7.7}}, {"type": "Feature", "geometry": {"type": "Point", "coordinates": [0.971858, 32.7753]}, "properties": {"name": "El Bayadh", "min_label": 7.7}}, {"type": "Feature", "geometry": {"type": "Point", "coordinates": [0.178599, 34.5917]}, "properties": {"name": "Sa\u00efda", "min_label": 7.7}}, {"type": "Feature", "geometry": {"type": "Point", "coordinates": [-0.586496, 34.8335]}, "properties": {"name": "Sidi Bel Abb\u00e8s", "min_label": 7.7}}, {"type": "Feature", "geometry": {"type": "Point", "coordinates": [0.167566, 35.3625]}, "properties": {"name": "Mascara", "min_label": 7.7}}, {"type": "Feature", "geometry": {"type": "Point", "coordinates": [3.11396, 31.1547]}, "properties": {"name": "Gharda\u00efa", "min_label": 7.7}}, {"type": "Feature", "geometry": {"type": "Point", "coordinates": [2.75622, 33.4521]}, "properties": {"name": "Laghouat", "min_label": 7.7}}, {"type": "Feature", "geometry": {"type": "Point", "coordinates": [2.76411, 35.8958]}, "properties": {"name": "M\u00e9d\u00e9a", "min_label": 7.7}}, {"type": "Feature", "geometry": {"type": "Point", "coordinates": [1.55627, 34.9048]}, "properties": {"name": "Tiaret", "min_label": 7.7}}, {"type": "Feature", "geometry": {"type": "Point", "coordinates": [4.37961, 35.3592]}, "properties": {"name": "M'Sila", "min_label": 7.7}}, {"type": "Feature", "geometry": {"type": "Point", "coordinates": [5.78213, 35.5923]}, "properties": {"name": "Batna", "min_label": 7.7}}, {"type": "Feature", "geometry": {"type": "Point", "coordinates": [7.02787, 34.8896]}, "properties": {"name": "Khenchela", "min_label": 7.7}}, {"type": "Feature", "geometry": {"type": "Point", "coordinates": [7.46291, 36.4381]}, "properties": {"name": "Guelma", "min_label": 7.7}}, {"type": "Feature", "geometry": {"type": "Point", "coordinates": [6.68301, 36.3731]}, "properties": {"name": "Constantine", "min_label": 7.7}}, {"type": "Feature", "geometry": {"type": "Point", "coordinates": [6.1311, 36.2449]}, "properties": {"name": "Mila", "min_label": 7.7}}, {"type": "Feature", "geometry": {"type": "Point", "coordinates": [7.00715, 35.891]}, "properties": {"name": "Oum el Bouaghi", "min_label": 7.7}}, {"type": "Feature", "geometry": {"type": "Point", "coordinates": [5.46698, 34.7569]}, "properties": {"name": "Biskra", "min_label": 7.7}}, {"type": "Feature", "geometry": {"type": "Point", "coordinates": [3.70376, 34.1508]}, "properties": {"name": "Djelfa", "min_label": 7.7}}, {"type": "Feature", "geometry": {"type": "Point", "coordinates": [20.0865, 40.6441]}, "properties": {"name": "Berat", "min_label": 9.0}}, {"type": "Feature", "geometry": {"type": "Point", "coordinates": [66.0947, 32.807]}, "properties": {"name": "Uruzgan", "min_label": 6.7}}, {"type": "Feature", "geometry": {"type": "Point", "coordinates": [67.8006, 33.4079]}, "properties": {"name": "Ghazni", "min_label": 6.7}}, {"type": "Feature", "geometry": {"type": "Point", "coordinates": [69.7587, 35.3368]}, "properties": {"name": "Parwan", "min_label": 6.7}}, {"type": "Feature", "geometry": {"type": "Point", "coordinates": [69.3846, 34.4949]}, "properties": {"name": "Kabul", "min_label": 6.7}}, {"type": "Feature", "geometry": {"type": "Point", "coordinates": [70.2085, 34.7273]}, "properties": {"name": "Laghman", "min_label": 6.7}}, {"type": "Feature", "geometry": {"type": "Point", "coordinates": [69.3047, 34.0857]}, "properties": {"name": "Logar", "min_label": 6.7}}, {"type": "Feature", "geometry": {"type": "Point", "coordinates": [69.6626, 34.9748]}, "properties": {"name": "Kapisa", "min_label": 6.7}}, {"type": "Feature", "geometry": {"type": "Point", "coordinates": [68.1087, 34.4269]}, "properties": {"name": "Wardak", "min_label": 6.7}}, {"type": "Feature", "geometry": {"type": "Point", "coordinates": [67.2365, 34.9693]}, "properties": {"name": "Bamyan", "min_label": 6.7}}, {"type": "Feature", "geometry": {"type": "Point", "coordinates": [68.8995, 34.9984]}, "properties": {"name": "Parwan", "min_label": 6.7}}, {"type": "Feature", "geometry": {"type": "Point", "coordinates": [66.2158, 35.7062]}, "properties": {"name": "Sari Pul", "min_label": 6.7}}, {"type": "Feature", "geometry": {"type": "Point", "coordinates": [64.9224, 34.002]}, "properties": {"name": "Ghor", "min_label": 6.7}}, {"type": "Feature", "geometry": {"type": "Point", "coordinates": [68.9831, 35.8588]}, "properties": {"name": "Baghlan", "min_label": 6.7}}, {"type": "Feature", "geometry": {"type": "Point", "coordinates": [67.683, 36.0506]}, "properties": {"name": "Samangan", "min_label": 6.7}}, {"type": "Feature", "geometry": {"type": "Point", "coordinates": [66.3011, 33.8446]}, "properties": {"name": "Uruzgan", "min_label": 6.7}}, {"type": "Feature", "geometry": {"type": "Point", "coordinates": [-3.18286, 51.6407]}, "properties": {"name": "Caerphilly", "min_label": 10.0}}, {"type": "Feature", "geometry": {"type": "Point", "coordinates": [-3.40988, 51.617]}, "properties": {"name": "Rhondda, Cynon, Taff", "min_label": 10.0}}, {"type": "Feature", "geometry": {"type": "Point", "coordinates": [-3.1998, 51.7719]}, "properties": {"name": "Blaenau Gwent", "min_label": 10.0}}, {"type": "Feature", "geometry": {"type": "Point", "coordinates": [32.5298, 2.37882]}, "properties": {"name": "Oyam", "min_label": 10.0}}, {"type": "Feature", "geometry": {"type": "Point", "coordinates": [32.9139, 2.23366]}, "properties": {"name": "Lira", "min_label": 10.0}}, {"type": "Feature", "geometry": {"type": "Point", "coordinates": [32.6929, 2.28756]}, "properties": {"name": "Kole", "min_label": 10.0}}, {"type": "Feature", "geometry": {"type": "Point", "coordinates": [32.8933, 2.87543]}, "properties": {"name": "Pader", "min_label": 10.0}}, {"type": "Feature", "geometry": {"type": "Point", "coordinates": [30.4693, -0.0750772]}, "properties": {"name": "Ibanda", "min_label": 10.0}}, {"type": "Feature", "geometry": {"type": "Point", "coordinates": [30.5341, -0.534736]}, "properties": {"name": "Mbarara", "min_label": 10.0}}, {"type": "Feature", "geometry": {"type": "Point", "coordinates": [32.463, 2.87081]}, "properties": {"name": "Gulu", "min_label": 10.0}}, {"type": "Feature", "geometry": {"type": "Point", "coordinates": [32.0563, 2.02863]}, "properties": {"name": "Kiryandongo", "min_label": 10.0}}, {"type": "Feature", "geometry": {"type": "Point", "coordinates": [33.5689, 0.699847]}, "properties": {"name": "Iganga", "min_label": 10.0}}, {"type": "Feature", "geometry": {"type": "Point", "coordinates": [31.433, -0.421045]}, "properties": {"name": "Lwengo", "min_label": 10.0}}, {"type": "Feature", "geometry": {"type": "Point", "coordinates": [31.6487, -0.114634]}, "properties": {"name": "Bukomansimbi", "min_label": 10.0}}, {"type": "Feature", "geometry": {"type": "Point", "coordinates": [31.8386, -0.15779]}, "properties": {"name": "Kalungu", "min_label": 10.0}}, {"type": "Feature", "geometry": {"type": "Point", "coordinates": [32.6048, 0.360019]}, "properties": {"name": "Kampala", "min_label": 10.0}}, {"type": "Feature", "geometry": {"type": "Point", "coordinates": [33.4858, 1.05681]}, "properties": {"name": "Kaliro", "min_label": 10.0}}, {"type": "Feature", "geometry": {"type": "Point", "coordinates": [33.3941, 2.89176]}, "properties": {"name": "Agago", "min_label": 10.0}}, {"type": "Feature", "geometry": {"type": "Point", "coordinates": [33.9681, 2.9427]}, "properties": {"name": "Kotido", "min_label": 10.0}}, {"type": "Feature", "geometry": {"type": "Point", "coordinates": [33.7723, 2.70787]}, "properties": {"name": "Abim", "min_label": 10.0}}, {"type": "Feature", "geometry": {"type": "Point", "coordinates": [33.3294, 2.47637]}, "properties": {"name": "Otuke", "min_label": 10.0}}, {"type": "Feature", "geometry": {"type": "Point", "coordinates": [33.2107, 2.27138]}, "properties": {"name": "Alebtong", "min_label": 10.0}}, {"type": "Feature", "geometry": {"type": "Point", "coordinates": [33.6359, 2.141]}, "properties": {"name": "Amuria", "min_label": 10.0}}, {"type": "Feature", "geometry": {"type": "Point", "coordinates": [34.0087, 1.93889]}, "properties": {"name": "Katakwi", "min_label": 10.0}}, {"type": "Feature", "geometry": {"type": "Point", "coordinates": [33.4424, 1.50212]}, "properties": {"name": "Serere", "min_label": 10.0}}, {"type": "Feature", "geometry": {"type": "Point", "coordinates": [33.5911, 1.73376]}, "properties": {"name": "Soroti", "min_label": 10.0}}, {"type": "Feature", "geometry": {"type": "Point", "coordinates": [33.688, 1.18799]}, "properties": {"name": "Pallisa", "min_label": 10.0}}, {"type": "Feature", "geometry": {"type": "Point", "coordinates": [30.8704, -0.242298]}, "properties": {"name": "Mbarara", "min_label": 10.0}}, {"type": "Feature", "geometry": {"type": "Point", "coordinates": [31.1783, -0.269997]}, "properties": {"name": "Lyantonde", "min_label": 10.0}}, {"type": "Feature", "geometry": {"type": "Point", "coordinates": [31.8532, -0.43198]}, "properties": {"name": "Masaka", "min_label": 10.0}}, {"type": "Feature", "geometry": {"type": "Point", "coordinates": [-3.0449, 51.6945]}, "properties": {"name": "Torfaen", "min_label": 10.0}}, {"type": "Feature", "geometry": {"type": "Point", "coordinates": [-3.35678, 51.7461]}, "properties": {"name": "Merthyr Tydfil", "min_label": 10.0}}, {"type": "Feature", "geometry": {"type": "Point", "coordinates": [-3.9392, 55.8694]}, "properties": {"name": "North Lanarkshire", "min_label": 10.0}}, {"type": "Feature", "geometry": {"type": "Point", "coordinates": [-4.20219, 55.9544]}, "properties": {"name": "East Dunbartonshire", "min_label": 10.0}}, {"type": "Feature", "geometry": {"type": "Point", "coordinates": [-4.21337, 55.8371]}, "properties": {"name": "Glasgow", "min_label": 10.0}}, {"type": "Feature", "geometry": {"type": "Point", "coordinates": [-4.36844, 55.7656]}, "properties": {"name": "East Renfrewshire", "min_label": 10.0}}, {"type": "Feature", "geometry": {"type": "Point", "coordinates": [-4.29329, 55.501]}, "properties": {"name": "East Ayrshire", "min_label": 10.0}}, {"type": "Feature", "geometry": {"type": "Point", "coordinates": [-3.82617, 55.5981]}, "properties": {"name": "South Lanarkshire", "min_label": 10.0}}, {"type": "Feature", "geometry": {"type": "Point", "coordinates": [-6.71991, 54.8166]}, "properties": {"name": "Magherafelt", "min_label": 10.0}}, {"type": "Feature", "geometry": {"type": "Point", "coordinates": [-7.31156, 54.5823]}, "properties": {"name": "Omagh", "min_label": 10.0}}, {"type": "Feature", "geometry": {"type": "Point", "coordinates": [-6.70918, 54.6262]}, "properties": {"name": "Mid Ulster", "min_label": 10.0}}, {"type": "Feature", "geometry": {"type": "Point", "coordinates": [-6.39706, 54.4884]}, "properties": {"name": "Craigavon", "min_label": 10.0}}, {"type": "Feature", "geometry": {"type": "Point", "coordinates": [-6.17154, 54.3466]}, "properties": {"name": "Banbridge", "min_label": 10.0}}, {"type": "Feature", "geometry": {"type": "Point", "coordinates": [-6.26057, 54.6926]}, "properties": {"name": "Antrim", "min_label": 10.0}}, {"type": "Feature", "geometry": {"type": "Point", "coordinates": [-6.08226, 54.5189]}, "properties": {"name": "Lisburn", "min_label": 10.0}}, {"type": "Feature", "geometry": {"type": "Point", "coordinates": [-6.4032, 55.0525]}, "properties": {"name": "Ballymoney", "min_label": 10.0}}, {"type": "Feature", "geometry": {"type": "Point", "coordinates": [-6.22753, 54.9003]}, "properties": {"name": "Ballymena", "min_label": 10.0}}, {"type": "Feature", "geometry": {"type": "Point", "coordinates": [-5.85407, 54.536]}, "properties": {"name": "Castlereagh", "min_label": 10.0}}, {"type": "Feature", "geometry": {"type": "Point", "coordinates": [-0.184208, 51.4523]}, "properties": {"name": "Wandsworth", "min_label": 10.0}}, {"type": "Feature", "geometry": {"type": "Point", "coordinates": [-0.181508, 51.4087]}, "properties": {"name": "Merton", "min_label": 10.0}}, {"type": "Feature", "geometry": {"type": "Point", "coordinates": [-0.161651, 51.5115]}, "properties": {"name": "Westminster", "min_label": 10.0}}, {"type": "Feature", "geometry": {"type": "Point", "coordinates": [-0.179557, 51.4919]}, "properties": {"name": "Kensington and Chelsea", "min_label": 10.0}}, {"type": "Feature", "geometry": {"type": "Point", "coordinates": [-0.339069, 51.473]}, "properties": {"name": "Hounslow", "min_label": 10.0}}, {"type": "Feature", "geometry": {"type": "Point", "coordinates": [-0.321254, 51.5198]}, "properties": {"name": "Ealing", "min_label": 10.0}}, {"type": "Feature", "geometry": {"type": "Point", "coordinates": [-0.20785, 51.4894]}, "properties": {"name": "Hammersmith and Fulham", "min_label": 10.0}}, {"type": "Feature", "geometry": {"type": "Point", "coordinates": [-1.32309, 54.5378]}, "properties": {"name": "Stockton-on-Tees", "min_label": 10.0}}, {"type": "Feature", "geometry": {"type": "Point", "coordinates": [-1.53938, 54.5202]}, "properties": {"name": "Darlington", "min_label": 10.0}}, {"type": "Feature", "geometry": {"type": "Point", "coordinates": [-1.23971, 54.5364]}, "properties": {"name": "Middlesbrough", "min_label": 10.0}}, {"type": "Feature", "geometry": {"type": "Point", "coordinates": [-0.298542, 51.4072]}, "properties": {"name": "Richmond upon Thames", "min_label": 10.0}}, {"type": "Feature", "geometry": {"type": "Point", "coordinates": [-0.0868102, 51.5169]}, "properties": {"name": "City", "min_label": 10.0}}, {"type": "Feature", "geometry": {"type": "Point", "coordinates": [-0.0262978, 51.5162]}, "properties": {"name": "Tower Hamlets", "min_label": 10.0}}, {"type": "Feature", "geometry": {"type": "Point", "coordinates": [-1.66816, 54.9391]}, "properties": {"name": "Gateshead", "min_label": 10.0}}, {"type": "Feature", "geometry": {"type": "Point", "coordinates": [-1.5994, 54.9931]}, "properties": {"name": "Newcastle upon Tyne", "min_label": 10.0}}, {"type": "Feature", "geometry": {"type": "Point", "coordinates": [-1.07785, 53.9488]}, "properties": {"name": "York", "min_label": 10.0}}, {"type": "Feature", "geometry": {"type": "Point", "coordinates": [-2.73472, 53.4417]}, "properties": {"name": "Merseyside", "min_label": 10.0}}, {"type": "Feature", "geometry": {"type": "Point", "coordinates": [-0.0911453, 51.644]}, "properties": {"name": "Enfield", "min_label": 10.0}}, {"type": "Feature", "geometry": {"type": "Point", "coordinates": [-0.26543, 51.8113]}, "properties": {"name": "Hertfordshire", "min_label": 10.0}}, {"type": "Feature", "geometry": {"type": "Point", "coordinates": [-0.204805, 51.6115]}, "properties": {"name": "Barnet", "min_label": 10.0}}, {"type": "Feature", "geometry": {"type": "Point", "coordinates": [-0.0125518, 51.5949]}, "properties": {"name": "Waltham Forest", "min_label": 10.0}}, {"type": "Feature", "geometry": {"type": "Point", "coordinates": [0.0852329, 51.5732]}, "properties": {"name": "Redbridge", "min_label": 10.0}}, {"type": "Feature", "geometry": {"type": "Point", "coordinates": [0.24211, 51.5634]}, "properties": {"name": "Havering", "min_label": 10.0}}, {"type": "Feature", "geometry": {"type": "Point", "coordinates": [0.0158056, 52.3476]}, "properties": {"name": "Cambridgeshire", "min_label": 10.0}}, {"type": "Feature", "geometry": {"type": "Point", "coordinates": [0.152477, 51.4546]}, "properties": {"name": "Bexley", "min_label": 10.0}}, {"type": "Feature", "geometry": {"type": "Point", "coordinates": [-0.176573, 51.3606]}, "properties": {"name": "Sutton", "min_label": 10.0}}, {"type": "Feature", "geometry": {"type": "Point", "coordinates": [-0.72601, 52.0571]}, "properties": {"name": "Milton Keynes", "min_label": 10.0}}, {"type": "Feature", "geometry": {"type": "Point", "coordinates": [-0.806599, 51.7717]}, "properties": {"name": "Buckinghamshire", "min_label": 10.0}}, {"type": "Feature", "geometry": {"type": "Point", "coordinates": [-0.4325, 51.5338]}, "properties": {"name": "Hillingdon", "min_label": 10.0}}, {"type": "Feature", "geometry": {"type": "Point", "coordinates": [-0.252266, 51.5578]}, "properties": {"name": "Brent", "min_label": 10.0}}, {"type": "Feature", "geometry": {"type": "Point", "coordinates": [-0.406249, 51.8763]}, "properties": {"name": "Luton", "min_label": 10.0}}, {"type": "Feature", "geometry": {"type": "Point", "coordinates": [-0.333295, 51.5894]}, "properties": {"name": "Harrow", "min_label": 10.0}}, {"type": "Feature", "geometry": {"type": "Point", "coordinates": [-0.376341, 52.0236]}, "properties": {"name": "Central Bedfordshire", "min_label": 10.0}}, {"type": "Feature", "geometry": {"type": "Point", "coordinates": [-0.470004, 52.1788]}, "properties": {"name": "Bedford", "min_label": 10.0}}, {"type": "Feature", "geometry": {"type": "Point", "coordinates": [-0.610216, 52.657]}, "properties": {"name": "Rutland", "min_label": 10.0}}, {"type": "Feature", "geometry": {"type": "Point", "coordinates": [-0.983216, 53.1186]}, "properties": {"name": "Nottinghamshire", "min_label": 10.0}}, {"type": "Feature", "geometry": {"type": "Point", "coordinates": [-0.882413, 52.3083]}, "properties": {"name": "Northamptonshire", "min_label": 10.0}}, {"type": "Feature", "geometry": {"type": "Point", "coordinates": [-0.150541, 51.5491]}, "properties": {"name": "Camden", "min_label": 10.0}}, {"type": "Feature", "geometry": {"type": "Point", "coordinates": [-0.0980376, 51.5396]}, "properties": {"name": "Islington", "min_label": 10.0}}, {"type": "Feature", "geometry": {"type": "Point", "coordinates": [-0.270107, 52.5833]}, "properties": {"name": "Peterborough", "min_label": 10.0}}, {"type": "Feature", "geometry": {"type": "Point", "coordinates": [-0.10867, 51.4604]}, "properties": {"name": "Lambeth", "min_label": 10.0}}, {"type": "Feature", "geometry": {"type": "Point", "coordinates": [-0.0655202, 51.466]}, "properties": {"name": "Southwark", "min_label": 10.0}}, {"type": "Feature", "geometry": {"type": "Point", "coordinates": [-1.08493, 53.5227]}, "properties": {"name": "Doncaster", "min_label": 10.0}}, {"type": "Feature", "geometry": {"type": "Point", "coordinates": [-0.0752612, 51.3625]}, "properties": {"name": "Croydon", "min_label": 10.0}}, {"type": "Feature", "geometry": {"type": "Point", "coordinates": [-0.0112858, 51.4418]}, "properties": {"name": "Lewisham", "min_label": 10.0}}, {"type": "Feature", "geometry": {"type": "Point", "coordinates": [-0.0963323, 51.5834]}, "properties": {"name": "Haringey", "min_label": 10.0}}, {"type": "Feature", "geometry": {"type": "Point", "coordinates": [-0.2699, 51.3925]}, "properties": {"name": "Kingston upon Thames", "min_label": 10.0}}, {"type": "Feature", "geometry": {"type": "Point", "coordinates": [0.0442535, 51.5273]}, "properties": {"name": "Newham", "min_label": 10.0}}, {"type": "Feature", "geometry": {"type": "Point", "coordinates": [0.0473282, 51.4634]}, "properties": {"name": "Greenwich", "min_label": 10.0}}, {"type": "Feature", "geometry": {"type": "Point", "coordinates": [-0.0523427, 51.5523]}, "properties": {"name": "Hackney", "min_label": 10.0}}, {"type": "Feature", "geometry": {"type": "Point", "coordinates": [0.133951, 51.5379]}, "properties": {"name": "Barking and Dagenham", "min_label": 10.0}}, {"type": "Feature", "geometry": {"type": "Point", "coordinates": [-1.11707, 52.491]}, "properties": {"name": "Leicestershire", "min_label": 10.0}}, {"type": "Feature", "geometry": {"type": "Point", "coordinates": [-2.21364, 53.2396]}, "properties": {"name": "Cheshire East", "min_label": 10.0}}, {"type": "Feature", "geometry": {"type": "Point", "coordinates": [-1.58946, 52.9938]}, "properties": {"name": "Derbyshire", "min_label": 10.0}}, {"type": "Feature", "geometry": {"type": "Point", "coordinates": [-1.29072, 53.3854]}, "properties": {"name": "Rotherham", "min_label": 10.0}}, {"type": "Feature", "geometry": {"type": "Point", "coordinates": [-1.57387, 53.4087]}, "properties": {"name": "Sheffield", "min_label": 10.0}}, {"type": "Feature", "geometry": {"type": "Point", "coordinates": [-2.16701, 53.0034]}, "properties": {"name": "Stoke-on-Trent", "min_label": 10.0}}, {"type": "Feature", "geometry": {"type": "Point", "coordinates": [-2.49356, 52.7152]}, "properties": {"name": "Telford and Wrekin", "min_label": 10.0}}, {"type": "Feature", "geometry": {"type": "Point", "coordinates": [-2.01517, 52.9024]}, "properties": {"name": "Staffordshire", "min_label": 10.0}}, {"type": "Feature", "geometry": {"type": "Point", "coordinates": [0.0463722, 51.3652]}, "properties": {"name": "Bromley", "min_label": 10.0}}, {"type": "Feature", "geometry": {"type": "Point", "coordinates": [-2.2004, 52.21]}, "properties": {"name": "Worcestershire", "min_label": 10.0}}, {"type": "Feature", "geometry": {"type": "Point", "coordinates": [-1.55487, 52.168]}, "properties": {"name": "Warwickshire", "min_label": 10.0}}, {"type": "Feature", "geometry": {"type": "Point", "coordinates": [-1.29123, 51.7912]}, "properties": {"name": "Oxfordshire", "min_label": 10.0}}, {"type": "Feature", "geometry": {"type": "Point", "coordinates": [-2.60574, 53.5317]}, "properties": {"name": "Wigan", "min_label": 10.0}}, {"type": "Feature", "geometry": {"type": "Point", "coordinates": [-2.1408, 53.3787]}, "properties": {"name": "Stockport", "min_label": 10.0}}, {"type": "Feature", "geometry": {"type": "Point", "coordinates": [-2.55468, 53.3766]}, "properties": {"name": "Warrington", "min_label": 10.0}}, {"type": "Feature", "geometry": {"type": "Point", "coordinates": [-1.2949, 51.4529]}, "properties": {"name": "West Berkshire", "min_label": 10.0}}, {"type": "Feature", "geometry": {"type": "Point", "coordinates": [-0.90795, 51.4019]}, "properties": {"name": "Wokingham", "min_label": 10.0}}, {"type": "Feature", "geometry": {"type": "Point", "coordinates": [-0.763967, 51.3929]}, "properties": {"name": "Bracknell Forest", "min_label": 10.0}}, {"type": "Feature", "geometry": {"type": "Point", "coordinates": [-0.700975, 51.4769]}, "properties": {"name": "Royal Borough of Windsor and Maidenhead", "min_label": 10.0}}, {"type": "Feature", "geometry": {"type": "Point", "coordinates": [-0.547994, 51.4769]}, "properties": {"name": "Slough", "min_label": 10.0}}, {"type": "Feature", "geometry": {"type": "Point", "coordinates": [-1.03367, 51.4497]}, "properties": {"name": "Reading", "min_label": 10.0}}, {"type": "Feature", "geometry": {"type": "Point", "coordinates": [-0.388084, 51.2608]}, "properties": {"name": "Surrey", "min_label": 10.0}}, {"type": "Feature", "geometry": {"type": "Point", "coordinates": [-2.44291, 53.705]}, "properties": {"name": "Blackburn with Darwen", "min_label": 10.0}}, {"type": "Feature", "geometry": {"type": "Point", "coordinates": [-1.71017, 51.567]}, "properties": {"name": "Swindon", "min_label": 10.0}}, {"type": "Feature", "geometry": {"type": "Point", "coordinates": [-2.49591, 51.3476]}, "properties": {"name": "Bath and North East Somerset", "min_label": 10.0}}, {"type": "Feature", "geometry": {"type": "Point", "coordinates": [-1.91891, 51.3289]}, "properties": {"name": "Wiltshire", "min_label": 10.0}}, {"type": "Feature", "geometry": {"type": "Point", "coordinates": [-1.95182, 53.7446]}, "properties": {"name": "Calderdale", "min_label": 10.0}}, {"type": "Feature", "geometry": {"type": "Point", "coordinates": [-1.73944, 53.6218]}, "properties": {"name": "Kirklees", "min_label": 10.0}}, {"type": "Feature", "geometry": {"type": "Point", "coordinates": [-1.16592, 52.9352]}, "properties": {"name": "Nottingham", "min_label": 10.0}}, {"type": "Feature", "geometry": {"type": "Point", "coordinates": [-1.1183, 52.6114]}, "properties": {"name": "Leicester", "min_label": 10.0}}, {"type": "Feature", "geometry": {"type": "Point", "coordinates": [-1.47157, 52.8904]}, "properties": {"name": "Derby", "min_label": 10.0}}, {"type": "Feature", "geometry": {"type": "Point", "coordinates": [32.8051, 0.304604]}, "properties": {"name": "Mukono", "min_label": 10.0}}, {"type": "Feature", "geometry": {"type": "Point", "coordinates": [33.0039, 0.187461]}, "properties": {"name": "Buikwe", "min_label": 10.0}}, {"type": "Feature", "geometry": {"type": "Point", "coordinates": [34.6179, 1.76261]}, "properties": {"name": "Nakapiripirit", "min_label": 10.0}}, {"type": "Feature", "geometry": {"type": "Point", "coordinates": [34.599, 1.45896]}, "properties": {"name": "Kween", "min_label": 10.0}}, {"type": "Feature", "geometry": {"type": "Point", "coordinates": [30.3282, -0.351995]}, "properties": {"name": "Buhweju", "min_label": 10.0}}, {"type": "Feature", "geometry": {"type": "Point", "coordinates": [30.3454, -0.636828]}, "properties": {"name": "Sheema", "min_label": 10.0}}, {"type": "Feature", "geometry": {"type": "Point", "coordinates": [30.0476, -0.636828]}, "properties": {"name": "Mitooma", "min_label": 10.0}}, {"type": "Feature", "geometry": {"type": "Point", "coordinates": [30.1245, -0.471119]}, "properties": {"name": "Bushenyi", "min_label": 10.0}}, {"type": "Feature", "geometry": {"type": "Point", "coordinates": [34.2883, 1.29497]}, "properties": {"name": "Bulambuli", "min_label": 10.0}}, {"type": "Feature", "geometry": {"type": "Point", "coordinates": [34.3234, 1.15945]}, "properties": {"name": "Sironko", "min_label": 10.0}}, {"type": "Feature", "geometry": {"type": "Point", "coordinates": [33.7627, 0.536737]}, "properties": {"name": "Bugiri", "min_label": 10.0}}, {"type": "Feature", "geometry": {"type": "Point", "coordinates": [31.8584, 2.57094]}, "properties": {"name": "Nwoya", "min_label": 10.0}}, {"type": "Feature", "geometry": {"type": "Point", "coordinates": [34.2131, 1.03446]}, "properties": {"name": "Mbale", "min_label": 10.0}}, {"type": "Feature", "geometry": {"type": "Point", "coordinates": [33.9867, 1.09635]}, "properties": {"name": "Budaka", "min_label": 10.0}}, {"type": "Feature", "geometry": {"type": "Point", "coordinates": [33.9295, 0.881707]}, "properties": {"name": "Butaleja", "min_label": 10.0}}, {"type": "Feature", "geometry": {"type": "Point", "coordinates": [33.7704, 1.03603]}, "properties": {"name": "Kibuku", "min_label": 10.0}}, {"type": "Feature", "geometry": {"type": "Point", "coordinates": [34.3004, 2.42782]}, "properties": {"name": "Napak", "min_label": 10.0}}, {"type": "Feature", "geometry": {"type": "Point", "coordinates": [33.9137, 1.44461]}, "properties": {"name": "Kumi", "min_label": 10.0}}, {"type": "Feature", "geometry": {"type": "Point", "coordinates": [33.7704, 1.51075]}, "properties": {"name": "Ngora", "min_label": 10.0}}, {"type": "Feature", "geometry": {"type": "Point", "coordinates": [34.1286, 1.34244]}, "properties": {"name": "Bukedea", "min_label": 10.0}}, {"type": "Feature", "geometry": {"type": "Point", "coordinates": [33.6846, 0.877569]}, "properties": {"name": "Namutumba", "min_label": 10.0}}, {"type": "Feature", "geometry": {"type": "Point", "coordinates": [29.5498, 39.3471]}, "properties": {"name": "K\u00fctahya", "min_label": 7.0}}, {"type": "Feature", "geometry": {"type": "Point", "coordinates": [32.469, 38.04]}, "properties": {"name": "Konya", "min_label": 7.0}}, {"type": "Feature", "geometry": {"type": "Point", "coordinates": [33.3026, 37.2262]}, "properties": {"name": "Karaman", "min_label": 7.0}}, {"type": "Feature", "geometry": {"type": "Point", "coordinates": [34.7093, 37.8966]}, "properties": {"name": "Nigde", "min_label": 7.0}}, {"type": "Feature", "geometry": {"type": "Point", "coordinates": [35.9256, 38.7168]}, "properties": {"name": "Kayseri", "min_label": 7.0}}, {"type": "Feature", "geometry": {"type": "Point", "coordinates": [30.818, 37.8923]}, "properties": {"name": "Isparta", "min_label": 7.0}}, {"type": "Feature", "geometry": {"type": "Point", "coordinates": [28.1324, 38.7115]}, "properties": {"name": "Manisa", "min_label": 7.0}}, {"type": "Feature", "geometry": {"type": "Point", "coordinates": [29.2821, 37.7539]}, "properties": {"name": "Denizli", "min_label": 7.0}}, {"type": "Feature", "geometry": {"type": "Point", "coordinates": [30.1627, 37.5001]}, "properties": {"name": "Burdur", "min_label": 7.0}}, {"type": "Feature", "geometry": {"type": "Point", "coordinates": [33.8772, 38.3566]}, "properties": {"name": "Aksaray", "min_label": 7.0}}, {"type": "Feature", "geometry": {"type": "Point", "coordinates": [34.6408, 38.7415]}, "properties": {"name": "Nevsehir", "min_label": 7.0}}, {"type": "Feature", "geometry": {"type": "Point", "coordinates": [35.1328, 39.5476]}, "properties": {"name": "Yozgat", "min_label": 7.0}}, {"type": "Feature", "geometry": {"type": "Point", "coordinates": [34.1308, 39.3548]}, "properties": {"name": "Kirsehir", "min_label": 7.0}}, {"type": "Feature", "geometry": {"type": "Point", "coordinates": [29.3636, 38.4942]}, "properties": {"name": "Usak", "min_label": 7.0}}, {"type": "Feature", "geometry": {"type": "Point", "coordinates": [39.5121, 39.6874]}, "properties": {"name": "Erzincan", "min_label": 7.0}}, {"type": "Feature", "geometry": {"type": "Point", "coordinates": [39.6357, 39.1519]}, "properties": {"name": "Tunceli", "min_label": 7.0}}, {"type": "Feature", "geometry": {"type": "Point", "coordinates": [30.6938, 38.6784]}, "properties": {"name": "Afyonkarahisar", "min_label": 7.0}}, {"type": "Feature", "geometry": {"type": "Point", "coordinates": [33.778, 39.9011]}, "properties": {"name": "Kinkkale", "min_label": 7.0}}, {"type": "Feature", "geometry": {"type": "Point", "coordinates": [37.0013, 37.9278]}, "properties": {"name": "K. Maras", "min_label": 7.0}}, {"type": "Feature", "geometry": {"type": "Point", "coordinates": [41.9034, 38.9124]}, "properties": {"name": "Mus", "min_label": 7.0}}, {"type": "Feature", "geometry": {"type": "Point", "coordinates": [41.403, 39.9678]}, "properties": {"name": "Erzurum", "min_label": 7.0}}, {"type": "Feature", "geometry": {"type": "Point", "coordinates": [38.1872, 38.5144]}, "properties": {"name": "Malatya", "min_label": 7.0}}, {"type": "Feature", "geometry": {"type": "Point", "coordinates": [39.3702, 38.5718]}, "properties": {"name": "Elazig", "min_label": 7.0}}, {"type": "Feature", "geometry": {"type": "Point", "coordinates": [42.3462, 38.5155]}, "properties": {"name": "Bitlis", "min_label": 7.0}}, {"type": "Feature", "geometry": {"type": "Point", "coordinates": [40.646, 39.0743]}, "properties": {"name": "Bing\u00f6l", "min_label": 7.0}}, {"type": "Feature", "geometry": {"type": "Point", "coordinates": [7.56019, 5.57402]}, "properties": {"name": "Abia", "min_label": 6.6}}, {"type": "Feature", "geometry": {"type": "Point", "coordinates": [7.98254, 6.32648]}, "properties": {"name": "Ebonyi", "min_label": 6.6}}, {"type": "Feature", "geometry": {"type": "Point", "coordinates": [6.98472, 6.30827]}, "properties": {"name": "Anambra", "min_label": 6.6}}, {"type": "Feature", "geometry": {"type": "Point", "coordinates": [5.84934, 6.52416]}, "properties": {"name": "Edo", "min_label": 6.6}}, {"type": "Feature", "geometry": {"type": "Point", "coordinates": [9.88584, 10.4101]}, "properties": {"name": "Bauchi", "min_label": 6.6}}, {"type": "Feature", "geometry": {"type": "Point", "coordinates": [9.60601, 8.95327]}, "properties": {"name": "Plateau", "min_label": 6.6}}, {"type": "Feature", "geometry": {"type": "Point", "coordinates": [8.27694, 8.50412]}, "properties": {"name": "Nassarawa", "min_label": 6.6}}, {"type": "Feature", "geometry": {"type": "Point", "coordinates": [11.2421, 10.4342]}, "properties": {"name": "Gombe", "min_label": 6.6}}, {"type": "Feature", "geometry": {"type": "Point", "coordinates": [7.38408, 6.55396]}, "properties": {"name": "Enugu", "min_label": 6.6}}, {"type": "Feature", "geometry": {"type": "Point", "coordinates": [6.6142, 7.78485]}, "properties": {"name": "Kogi", "min_label": 6.6}}, {"type": "Feature", "geometry": {"type": "Point", "coordinates": [4.54911, 7.47613]}, "properties": {"name": "Osun", "min_label": 6.6}}, {"type": "Feature", "geometry": {"type": "Point", "coordinates": [7.01557, 5.55004]}, "properties": {"name": "Imo", "min_label": 6.6}}, {"type": "Feature", "geometry": {"type": "Point", "coordinates": [36.3011, 37.1737]}, "properties": {"name": "Osmaniye", "min_label": 7.0}}, {"type": "Feature", "geometry": {"type": "Point", "coordinates": [38.339, 37.8102]}, "properties": {"name": "Adiyaman", "min_label": 7.0}}, {"type": "Feature", "geometry": {"type": "Point", "coordinates": [40.2706, 38.0261]}, "properties": {"name": "Diyarbakir", "min_label": 7.0}}, {"type": "Feature", "geometry": {"type": "Point", "coordinates": [41.4262, 37.7343]}, "properties": {"name": "Batman", "min_label": 7.0}}, {"type": "Feature", "geometry": {"type": "Point", "coordinates": [42.2212, 37.9159]}, "properties": {"name": "Siirt", "min_label": 7.0}}, {"type": "Feature", "geometry": {"type": "Point", "coordinates": [40.3056, 40.2859]}, "properties": {"name": "Bayburt", "min_label": 7.0}}, {"type": "Feature", "geometry": {"type": "Point", "coordinates": [39.3544, 40.2812]}, "properties": {"name": "G\u00fcm\u00fcshane", "min_label": 7.0}}, {"type": "Feature", "geometry": {"type": "Point", "coordinates": [34.4149, -5.59564]}, "properties": {"name": "Singida", "min_label": 6.7}}, {"type": "Feature", "geometry": {"type": "Point", "coordinates": [32.6595, -6.82145]}, "properties": {"name": "Tabora", "min_label": 6.7}}, {"type": "Feature", "geometry": {"type": "Point", "coordinates": [35.5453, -7.83931]}, "properties": {"name": "Iringa", "min_label": 6.7}}, {"type": "Feature", "geometry": {"type": "Point", "coordinates": [32.6685, -2.67284]}, "properties": {"name": "Mwanza", "min_label": 6.7}}, {"type": "Feature", "geometry": {"type": "Point", "coordinates": [34.2172, -2.96688]}, "properties": {"name": "Simiyu", "min_label": 6.7}}, {"type": "Feature", "geometry": {"type": "Point", "coordinates": [31.6968, -3.09999]}, "properties": {"name": "Geita", "min_label": 6.7}}, {"type": "Feature", "geometry": {"type": "Point", "coordinates": [33.2015, -3.65098]}, "properties": {"name": "Shinyanga", "min_label": 6.7}}, {"type": "Feature", "geometry": {"type": "Point", "coordinates": [80.5623, 6.57933]}, "properties": {"name": "Ratnapura", "min_label": 8.7}}, {"type": "Feature", "geometry": {"type": "Point", "coordinates": [81.3431, 6.7224]}, "properties": {"name": "M\u014f\u1e47ar\u0101gala", "min_label": 8.7}}, {"type": "Feature", "geometry": {"type": "Point", "coordinates": [80.3478, 7.08797]}, "properties": {"name": "K\u00e6galla", "min_label": 8.7}}, {"type": "Feature", "geometry": {"type": "Point", "coordinates": [81.0255, 7.05184]}, "properties": {"name": "Badulla", "min_label": 8.7}}, {"type": "Feature", "geometry": {"type": "Point", "coordinates": [80.7391, 7.60919]}, "properties": {"name": "M\u0101tale", "min_label": 8.7}}, {"type": "Feature", "geometry": {"type": "Point", "coordinates": [81.048, 7.99997]}, "properties": {"name": "P\u014f\u1e37\u014fnnaruva", "min_label": 8.7}}, {"type": "Feature", "geometry": {"type": "Point", "coordinates": [80.2369, 7.71298]}, "properties": {"name": "Kuru\u1e47\u00e6gala", "min_label": 8.7}}, {"type": "Feature", "geometry": {"type": "Point", "coordinates": [80.4711, 8.29198]}, "properties": {"name": "Anur\u0101dhapura", "min_label": 8.7}}, {"type": "Feature", "geometry": {"type": "Point", "coordinates": [80.6991, 6.93625]}, "properties": {"name": "Nuvara \u0114liya", "min_label": 8.7}}, {"type": "Feature", "geometry": {"type": "Point", "coordinates": [80.479, 8.89756]}, "properties": {"name": "Vavuniy\u0101va", "min_label": 8.7}}, {"type": "Feature", "geometry": {"type": "Point", "coordinates": [80.718, 7.30186]}, "properties": {"name": "Mahanuvara", "min_label": 8.7}}, {"type": "Feature", "geometry": {"type": "Point", "coordinates": [43.545, 2.67209]}, "properties": {"name": "Bay", "min_label": 7.0}}, {"type": "Feature", "geometry": {"type": "Point", "coordinates": [56.5575, 54.2086]}, "properties": {"name": "Bashkortostan", "min_label": 4.7}}, {"type": "Feature", "geometry": {"type": "Point", "coordinates": [61.7078, 58.8952]}, "properties": {"name": "Sverdlovsk", "min_label": 4.7}}, {"type": "Feature", "geometry": {"type": "Point", "coordinates": [71.3806, 61.4315]}, "properties": {"name": "Khanty-Mansiy", "min_label": 4.7}}, {"type": "Feature", "geometry": {"type": "Point", "coordinates": [39.2073, 52.7462]}, "properties": {"name": "Lipetsk", "min_label": 4.7}}, {"type": "Feature", "geometry": {"type": "Point", "coordinates": [41.5945, 52.7808]}, "properties": {"name": "Tambov", "min_label": 4.7}}, {"type": "Feature", "geometry": {"type": "Point", "coordinates": [82.2299, 58.4467]}, "properties": {"name": "Tomsk", "min_label": 4.7}}, {"type": "Feature", "geometry": {"type": "Point", "coordinates": [50.7364, 55.374]}, "properties": {"name": "Tatarstan", "min_label": 4.7}}, {"type": "Feature", "geometry": {"type": "Point", "coordinates": [47.3773, 53.9248]}, "properties": {"name": "Ul'yanovsk", "min_label": 4.7}}, {"type": "Feature", "geometry": {"type": "Point", "coordinates": [44.8159, 53.0562]}, "properties": {"name": "Penza", "min_label": 4.7}}, {"type": "Feature", "geometry": {"type": "Point", "coordinates": [87.1676, 54.6462]}, "properties": {"name": "Kemerovo", "min_label": 4.7}}, {"type": "Feature", "geometry": {"type": "Point", "coordinates": [36.4166, 52.8778]}, "properties": {"name": "Orel", "min_label": 4.7}}, {"type": "Feature", "geometry": {"type": "Point", "coordinates": [105.966, 56.8255]}, "properties": {"name": "Irkutsk", "min_label": 4.7}}, {"type": "Feature", "geometry": {"type": "Point", "coordinates": [89.8405, 53.3643]}, "properties": {"name": "Khakass", "min_label": 4.7}}, {"type": "Feature", "geometry": {"type": "Point", "coordinates": [44.4631, 54.1154]}, "properties": {"name": "Mordovia", "min_label": 4.7}}, {"type": "Feature", "geometry": {"type": "Point", "coordinates": [35.3416, 54.2421]}, "properties": {"name": "Kaluga", "min_label": 4.7}}, {"type": "Feature", "geometry": {"type": "Point", "coordinates": [43.4689, 58.3882]}, "properties": {"name": "Kostroma", "min_label": 4.7}}, {"type": "Feature", "geometry": {"type": "Point", "coordinates": [39.2547, 57.7329]}, "properties": {"name": "Yaroslavl'", "min_label": 4.7}}, {"type": "Feature", "geometry": {"type": "Point", "coordinates": [40.6207, 55.8966]}, "properties": {"name": "Vladimir", "min_label": 4.7}}, {"type": "Feature", "geometry": {"type": "Point", "coordinates": [40.6258, 54.3363]}, "properties": {"name": "Ryazan'", "min_label": 4.7}}, {"type": "Feature", "geometry": {"type": "Point", "coordinates": [41.6244, 57.1213]}, "properties": {"name": "Ivanovo", "min_label": 4.7}}, {"type": "Feature", "geometry": {"type": "Point", "coordinates": [44.7751, 56.1384]}, "properties": {"name": "Nizhegorod", "min_label": 4.7}}, {"type": "Feature", "geometry": {"type": "Point", "coordinates": [37.4161, 54.0668]}, "properties": {"name": "Tula", "min_label": 4.7}}, {"type": "Feature", "geometry": {"type": "Point", "coordinates": [126.994, 37.5408]}, "properties": {"name": "Seoul", "min_label": 8.0}}, {"type": "Feature", "geometry": {"type": "Point", "coordinates": [127.401, 36.3563]}, "properties": {"name": "Daejeon", "min_label": 8.0}}, {"type": "Feature", "geometry": {"type": "Point", "coordinates": [127.229, 36.4974]}, "properties": {"name": "Sejong", "min_label": 8.0}}, {"type": "Feature", "geometry": {"type": "Point", "coordinates": [127.668, 36.7476]}, "properties": {"name": "North Chungcheong", "min_label": 8.0}}, {"type": "Feature", "geometry": {"type": "Point", "coordinates": [126.929, 35.1989]}, "properties": {"name": "Gwangju", "min_label": 8.0}}, {"type": "Feature", "geometry": {"type": "Point", "coordinates": [128.631, 35.9034]}, "properties": {"name": "Daegu", "min_label": 8.0}}, {"type": "Feature", "geometry": {"type": "Point", "coordinates": [47.1662, 55.4883]}, "properties": {"name": "Chuvash", "min_label": 4.7}}, {"type": "Feature", "geometry": {"type": "Point", "coordinates": [40.9333, 59.6397]}, "properties": {"name": "Vologda", "min_label": 4.7}}, {"type": "Feature", "geometry": {"type": "Point", "coordinates": [32.9454, 58.4228]}, "properties": {"name": "Novgorod", "min_label": 4.7}}, {"type": "Feature", "geometry": {"type": "Point", "coordinates": [34.5445, 57.0297]}, "properties": {"name": "Tver'", "min_label": 4.7}}, {"type": "Feature", "geometry": {"type": "Point", "coordinates": [38.671, 55.1508]}, "properties": {"name": "Moskovskaya", "min_label": 4.7}}, {"type": "Feature", "geometry": {"type": "Point", "coordinates": [37.6188, 55.7177]}, "properties": {"name": "Moskva", "min_label": 4.7}}, {"type": "Feature", "geometry": {"type": "Point", "coordinates": [47.9131, 56.5407]}, "properties": {"name": "Mariy-El", "min_label": 4.7}}, {"type": "Feature", "geometry": {"type": "Point", "coordinates": [50.1112, 58.1926]}, "properties": {"name": "Kirov", "min_label": 4.7}}, {"type": "Feature", "geometry": {"type": "Point", "coordinates": [52.7957, 57.3433]}, "properties": {"name": "Udmurt", "min_label": 4.7}}, {"type": "Feature", "geometry": {"type": "Point", "coordinates": [55.8183, 64.1194]}, "properties": {"name": "Komi", "min_label": 4.7}}, {"type": "Feature", "geometry": {"type": "Point", "coordinates": [56.5878, 58.8735]}, "properties": {"name": "Perm'", "min_label": 4.7}}, {"type": "Feature", "geometry": {"type": "Point", "coordinates": [50.4377, 53.1783]}, "properties": {"name": "Samara", "min_label": 4.7}}, {"type": "Feature", "geometry": {"type": "Point", "coordinates": [43.2791, 44.981]}, "properties": {"name": "Stavropol'", "min_label": 4.7}}, {"type": "Feature", "geometry": {"type": "Point", "coordinates": [40.1293, 44.4658]}, "properties": {"name": "Adygey", "min_label": 4.7}}, {"type": "Feature", "geometry": {"type": "Point", "coordinates": [21.1915, 52.2269]}, "properties": {"name": "Masovian", "min_label": 6.7}}, {"type": "Feature", "geometry": {"type": "Point", "coordinates": [19.3642, 51.6355]}, "properties": {"name": "\u0141\u00f3d\u017a", "min_label": 6.7}}, {"type": "Feature", "geometry": {"type": "Point", "coordinates": [18.5227, 53.0334]}, "properties": {"name": "Kuyavian-Pomeranian", "min_label": 6.7}}, {"type": "Feature", "geometry": {"type": "Point", "coordinates": [17.4521, 52.1454]}, "properties": {"name": "Greater Poland", "min_label": 6.7}}, {"type": "Feature", "geometry": {"type": "Point", "coordinates": [20.7951, 50.701]}, "properties": {"name": "\u015awi\u0119tokrzyskie", "min_label": 6.7}}, {"type": "Feature", "geometry": {"type": "Point", "coordinates": [121.053, 14.4253]}, "properties": {"name": "Muntinlupa", "min_label": 8.0}}, {"type": "Feature", "geometry": {"type": "Point", "coordinates": [120.99, 14.6402]}, "properties": {"name": "Caloocan", "min_label": 8.0}}, {"type": "Feature", "geometry": {"type": "Point", "coordinates": [120.964, 14.6593]}, "properties": {"name": "Malabon", "min_label": 8.0}}, {"type": "Feature", "geometry": {"type": "Point", "coordinates": [120.991, 14.6939]}, "properties": {"name": "Valenzuela", "min_label": 8.0}}, {"type": "Feature", "geometry": {"type": "Point", "coordinates": [121.067, 14.6711]}, "properties": {"name": "Quezon City", "min_label": 8.0}}, {"type": "Feature", "geometry": {"type": "Point", "coordinates": [120.998, 15.6863]}, "properties": {"name": "Nueva Ecija", "min_label": 8.0}}, {"type": "Feature", "geometry": {"type": "Point", "coordinates": [121.307, 14.146]}, "properties": {"name": "Laguna", "min_label": 8.0}}, {"type": "Feature", "geometry": {"type": "Point", "coordinates": [121.284, 14.6809]}, "properties": {"name": "Rizal", "min_label": 8.0}}, {"type": "Feature", "geometry": {"type": "Point", "coordinates": [121.062, 14.518]}, "properties": {"name": "Taguig", "min_label": 8.0}}, {"type": "Feature", "geometry": {"type": "Point", "coordinates": [121.116, 14.6291]}, "properties": {"name": "Marikina", "min_label": 8.0}}, {"type": "Feature", "geometry": {"type": "Point", "coordinates": [121.1, 14.568]}, "properties": {"name": "Pasig", "min_label": 8.0}}, {"type": "Feature", "geometry": {"type": "Point", "coordinates": [121.663, 16.2982]}, "properties": {"name": "Quirino", "min_label": 8.0}}, {"type": "Feature", "geometry": {"type": "Point", "coordinates": [121.511, 16.7428]}, "properties": {"name": "Santiago", "min_label": 8.0}}, {"type": "Feature", "geometry": {"type": "Point", "coordinates": [121.101, 16.3729]}, "properties": {"name": "Nueva Vizcaya", "min_label": 8.0}}, {"type": "Feature", "geometry": {"type": "Point", "coordinates": [120.689, 16.545]}, "properties": {"name": "Benguet", "min_label": 8.0}}, {"type": "Feature", "geometry": {"type": "Point", "coordinates": [121.214, 16.8291]}, "properties": {"name": "Ifugao", "min_label": 8.0}}, {"type": "Feature", "geometry": {"type": "Point", "coordinates": [121.172, 17.0908]}, "properties": {"name": "Mountain Province", "min_label": 8.0}}, {"type": "Feature", "geometry": {"type": "Point", "coordinates": [120.463, 15.4733]}, "properties": {"name": "Tarlac", "min_label": 8.0}}, {"type": "Feature", "geometry": {"type": "Point", "coordinates": [121.167, 18.1179]}, "properties": {"name": "Apayao", "min_label": 8.0}}, {"type": "Feature", "geometry": {"type": "Point", "coordinates": [121.322, 17.4884]}, "properties": {"name": "Kalinga", "min_label": 8.0}}, {"type": "Feature", "geometry": {"type": "Point", "coordinates": [120.798, 17.5665]}, "properties": {"name": "Abra", "min_label": 8.0}}, {"type": "Feature", "geometry": {"type": "Point", "coordinates": [57.3411, 22.474]}, "properties": {"name": "Ad Dakhliyah", "min_label": 8.7}}, {"type": "Feature", "geometry": {"type": "Point", "coordinates": [5.35929, 7.67104]}, "properties": {"name": "Ekiti", "min_label": 6.6}}, {"type": "Feature", "geometry": {"type": "Point", "coordinates": [7.43906, 10.3294]}, "properties": {"name": "Kaduna", "min_label": 6.6}}, {"type": "Feature", "geometry": {"type": "Point", "coordinates": [8.54146, 11.7323]}, "properties": {"name": "Kano", "min_label": 6.6}}, {"type": "Feature", "geometry": {"type": "Point", "coordinates": [7.18889, 8.78852]}, "properties": {"name": "Federal Capital Territory", "min_label": 6.6}}, {"type": "Feature", "geometry": {"type": "Point", "coordinates": [125.955, 38.9808]}, "properties": {"name": "P'y\u014fngyang", "min_label": 8.0}}, {"type": "Feature", "geometry": {"type": "Point", "coordinates": [17.1204, -22.7056]}, "properties": {"name": "Khomas", "min_label": 6.0}}, {"type": "Feature", "geometry": {"type": "Point", "coordinates": [15.662, -18.4961]}, "properties": {"name": "Oshana", "min_label": 6.0}}, {"type": "Feature", "geometry": {"type": "Point", "coordinates": [17.0179, -18.5381]}, "properties": {"name": "Oshikoto", "min_label": 6.0}}, {"type": "Feature", "geometry": {"type": "Point", "coordinates": [106.306, 49.3586]}, "properties": {"name": "Darhan-Uul", "min_label": 6.0}}, {"type": "Feature", "geometry": {"type": "Point", "coordinates": [106.554, 47.1533]}, "properties": {"name": "T\u00f6v", "min_label": 6.0}}, {"type": "Feature", "geometry": {"type": "Point", "coordinates": [100.92, 48.0061]}, "properties": {"name": "Arhangay", "min_label": 6.0}}, {"type": "Feature", "geometry": {"type": "Point", "coordinates": [104.286, 49.0077]}, "properties": {"name": "Orhon", "min_label": 6.0}}, {"type": "Feature", "geometry": {"type": "Point", "coordinates": [106.116, 45.4132]}, "properties": {"name": "Dundgovi", "min_label": 6.0}}, {"type": "Feature", "geometry": {"type": "Point", "coordinates": [102.857, 45.7785]}, "properties": {"name": "\u00d6v\u00f6rhangay", "min_label": 6.0}}, {"type": "Feature", "geometry": {"type": "Point", "coordinates": [108.346, 47.74]}, "properties": {"name": "Gov\u012d-S\u00fcmber", "min_label": 6.0}}, {"type": "Feature", "geometry": {"type": "Point", "coordinates": [-99.7416, 19.3275]}, "properties": {"name": "M\u00e9xico", "min_label": 6.6}}, {"type": "Feature", "geometry": {"type": "Point", "coordinates": [-97.8889, 18.549]}, "properties": {"name": "Puebla", "min_label": 6.6}}, {"type": "Feature", "geometry": {"type": "Point", "coordinates": [-99.0785, 18.742]}, "properties": {"name": "Morelos", "min_label": 6.6}}, {"type": "Feature", "geometry": {"type": "Point", "coordinates": [-99.9663, 20.7392]}, "properties": {"name": "Quer\u00e9taro", "min_label": 6.6}}, {"type": "Feature", "geometry": {"type": "Point", "coordinates": [-98.9221, 20.5354]}, "properties": {"name": "Hidalgo", "min_label": 6.6}}, {"type": "Feature", "geometry": {"type": "Point", "coordinates": [-100.904, 20.8141]}, "properties": {"name": "Guanajuato", "min_label": 6.6}}, {"type": "Feature", "geometry": {"type": "Point", "coordinates": [-100.324, 22.4465]}, "properties": {"name": "San Luis Potos\u00ed", "min_label": 6.6}}, {"type": "Feature", "geometry": {"type": "Point", "coordinates": [-102.579, 23.3785]}, "properties": {"name": "Zacatecas", "min_label": 6.6}}, {"type": "Feature", "geometry": {"type": "Point", "coordinates": [-102.351, 22.0375]}, "properties": {"name": "Aguascalientes", "min_label": 6.6}}, {"type": "Feature", "geometry": {"type": "Point", "coordinates": [-104.808, 24.566]}, "properties": {"name": "Durango", "min_label": 6.6}}, {"type": "Feature", "geometry": {"type": "Point", "coordinates": [106.967, 47.9597]}, "properties": {"name": "Ulaanbaatar", "min_label": 6.0}}, {"type": "Feature", "geometry": {"type": "Point", "coordinates": [-98.161, 19.3956]}, "properties": {"name": "Tlaxcala", "min_label": 6.6}}, {"type": "Feature", "geometry": {"type": "Point", "coordinates": [-99.1369, 19.3266]}, "properties": {"name": "Distrito Federal", "min_label": 6.6}}, {"type": "Feature", "geometry": {"type": "Point", "coordinates": [-10.3284, 18.6165]}, "properties": {"name": "Tagant", "min_label": 6.6}}, {"type": "Feature", "geometry": {"type": "Point", "coordinates": [21.1277, 41.9157]}, "properties": {"name": "\u017delino", "min_label": 10.0}}, {"type": "Feature", "geometry": {"type": "Point", "coordinates": [21.066, 41.8465]}, "properties": {"name": "Brvenica", "min_label": 10.0}}, {"type": "Feature", "geometry": {"type": "Point", "coordinates": [21.2133, 41.6303]}, "properties": {"name": "Brod", "min_label": 10.0}}, {"type": "Feature", "geometry": {"type": "Point", "coordinates": [21.0347, 41.5771]}, "properties": {"name": "Oslomej", "min_label": 10.0}}, {"type": "Feature", "geometry": {"type": "Point", "coordinates": [21.332, 41.8337]}, "properties": {"name": "Sopi\u0161te", "min_label": 10.0}}, {"type": "Feature", "geometry": {"type": "Point", "coordinates": [21.3888, 41.9774]}, "properties": {"name": "Karpo\u0161", "min_label": 10.0}}, {"type": "Feature", "geometry": {"type": "Point", "coordinates": [21.4069, 42.0341]}, "properties": {"name": "\u0160uto Orizari", "min_label": 10.0}}, {"type": "Feature", "geometry": {"type": "Point", "coordinates": [21.4665, 42.0738]}, "properties": {"name": "Butel", "min_label": 10.0}}, {"type": "Feature", "geometry": {"type": "Point", "coordinates": [21.4367, 41.9946]}, "properties": {"name": "\u010cair", "min_label": 10.0}}, {"type": "Feature", "geometry": {"type": "Point", "coordinates": [21.4226, 41.9752]}, "properties": {"name": "Centar", "min_label": 10.0}}, {"type": "Feature", "geometry": {"type": "Point", "coordinates": [20.8849, 41.6012]}, "properties": {"name": "Zajas", "min_label": 10.0}}, {"type": "Feature", "geometry": {"type": "Point", "coordinates": [21.4307, 41.4684]}, "properties": {"name": "Dolneni", "min_label": 10.0}}, {"type": "Feature", "geometry": {"type": "Point", "coordinates": [21.3682, 41.3012]}, "properties": {"name": "Krivoga\u0161tani", "min_label": 10.0}}, {"type": "Feature", "geometry": {"type": "Point", "coordinates": [21.4512, 41.147]}, "properties": {"name": "Mogila", "min_label": 10.0}}, {"type": "Feature", "geometry": {"type": "Point", "coordinates": [21.5939, 41.5807]}, "properties": {"name": "\u010ca\u0161ka", "min_label": 10.0}}, {"type": "Feature", "geometry": {"type": "Point", "coordinates": [21.8972, 41.477]}, "properties": {"name": "Rosoman", "min_label": 10.0}}, {"type": "Feature", "geometry": {"type": "Point", "coordinates": [22.1394, 41.3722]}, "properties": {"name": "Negotino", "min_label": 10.0}}, {"type": "Feature", "geometry": {"type": "Point", "coordinates": [20.9119, 41.4293]}, "properties": {"name": "Drugovo", "min_label": 10.0}}, {"type": "Feature", "geometry": {"type": "Point", "coordinates": [21.5136, 42.0259]}, "properties": {"name": "Gazi Baba", "min_label": 10.0}}, {"type": "Feature", "geometry": {"type": "Point", "coordinates": [21.2328, 41.3734]}, "properties": {"name": "Kru\u0161evo", "min_label": 10.0}}, {"type": "Feature", "geometry": {"type": "Point", "coordinates": [21.1238, 41.2587]}, "properties": {"name": "Demir Hisar", "min_label": 10.0}}, {"type": "Feature", "geometry": {"type": "Point", "coordinates": [21.4932, 41.9517]}, "properties": {"name": "Aerodrom", "min_label": 10.0}}, {"type": "Feature", "geometry": {"type": "Point", "coordinates": [21.4592, 41.8317]}, "properties": {"name": "Studeni\u010dani", "min_label": 10.0}}, {"type": "Feature", "geometry": {"type": "Point", "coordinates": [21.4817, 41.9346]}, "properties": {"name": "Kisela Voda", "min_label": 10.0}}, {"type": "Feature", "geometry": {"type": "Point", "coordinates": [22.174, 41.9372]}, "properties": {"name": "Probi\u0161tip", "min_label": 10.0}}, {"type": "Feature", "geometry": {"type": "Point", "coordinates": [22.2896, 41.8644]}, "properties": {"name": "\u010ce\u0161inovo-Oble\u0161evo", "min_label": 10.0}}, {"type": "Feature", "geometry": {"type": "Point", "coordinates": [21.5862, 42.0185]}, "properties": {"name": "Ara\u010dinovo", "min_label": 10.0}}, {"type": "Feature", "geometry": {"type": "Point", "coordinates": [21.5518, 41.8091]}, "properties": {"name": "Zelenikovo", "min_label": 10.0}}, {"type": "Feature", "geometry": {"type": "Point", "coordinates": [20.9511, 41.517]}, "properties": {"name": "Ki\u010devo", "min_label": 10.0}}, {"type": "Feature", "geometry": {"type": "Point", "coordinates": [21.1173, 41.4424]}, "properties": {"name": "Plasnica", "min_label": 10.0}}, {"type": "Feature", "geometry": {"type": "Point", "coordinates": [21.015, 41.4746]}, "properties": {"name": "Vrane\u0161tica", "min_label": 10.0}}, {"type": "Feature", "geometry": {"type": "Point", "coordinates": [21.6898, 41.8999]}, "properties": {"name": "Skopje", "min_label": 10.0}}, {"type": "Feature", "geometry": {"type": "Point", "coordinates": [21.915, 41.7258]}, "properties": {"name": "Lozovo", "min_label": 10.0}}, {"type": "Feature", "geometry": {"type": "Point", "coordinates": [21.9509, 41.8778]}, "properties": {"name": "Sveti Nikole", "min_label": 10.0}}, {"type": "Feature", "geometry": {"type": "Point", "coordinates": [21.9019, 41.5864]}, "properties": {"name": "Gradsko", "min_label": 10.0}}, {"type": "Feature", "geometry": {"type": "Point", "coordinates": [22.138, 42.0592]}, "properties": {"name": "Kratovo", "min_label": 10.0}}, {"type": "Feature", "geometry": {"type": "Point", "coordinates": [21.6093, 41.9758]}, "properties": {"name": "Ilinden", "min_label": 10.0}}, {"type": "Feature", "geometry": {"type": "Point", "coordinates": [22.2847, 41.7659]}, "properties": {"name": "Karbinci", "min_label": 10.0}}, {"type": "Feature", "geometry": {"type": "Point", "coordinates": [22.1689, 41.6824]}, "properties": {"name": "\u0160tip", "min_label": 10.0}}, {"type": "Feature", "geometry": {"type": "Point", "coordinates": [22.3869, 41.9798]}, "properties": {"name": "Ko\u010dani", "min_label": 10.0}}, {"type": "Feature", "geometry": {"type": "Point", "coordinates": [22.4027, 41.8224]}, "properties": {"name": "Zrnovci", "min_label": 10.0}}, {"type": "Feature", "geometry": {"type": "Point", "coordinates": [21.7157, 41.7213]}, "properties": {"name": "Veles", "min_label": 10.0}}, {"type": "Feature", "geometry": {"type": "Point", "coordinates": [22.2161, 41.3739]}, "properties": {"name": "Demir Kapija", "min_label": 10.0}}, {"type": "Feature", "geometry": {"type": "Point", "coordinates": [22.5742, 41.8652]}, "properties": {"name": "Vinica", "min_label": 10.0}}, {"type": "Feature", "geometry": {"type": "Point", "coordinates": [22.7665, 41.4665]}, "properties": {"name": "Bosilovo", "min_label": 10.0}}, {"type": "Feature", "geometry": {"type": "Point", "coordinates": [22.4679, 41.6365]}, "properties": {"name": "Radovi\u0161", "min_label": 10.0}}, {"type": "Feature", "geometry": {"type": "Point", "coordinates": [22.6159, 41.5436]}, "properties": {"name": "Vasilevo", "min_label": 10.0}}, {"type": "Feature", "geometry": {"type": "Point", "coordinates": [22.384, 41.5123]}, "properties": {"name": "Kon\u010de", "min_label": 10.0}}, {"type": "Feature", "geometry": {"type": "Point", "coordinates": [13.0352, 32.4889]}, "properties": {"name": "Al Jifarah", "min_label": 7.7}}, {"type": "Feature", "geometry": {"type": "Point", "coordinates": [13.2861, 30.6105]}, "properties": {"name": "Mizdah", "min_label": 7.7}}, {"type": "Feature", "geometry": {"type": "Point", "coordinates": [17.299, 27.9396]}, "properties": {"name": "Al Jufrah", "min_label": 7.7}}, {"type": "Feature", "geometry": {"type": "Point", "coordinates": [15.1065, 27.2371]}, "properties": {"name": "Sabha", "min_label": 7.7}}, {"type": "Feature", "geometry": {"type": "Point", "coordinates": [12.679, 26.3564]}, "properties": {"name": "Wadi al Hayaa", "min_label": 7.7}}, {"type": "Feature", "geometry": {"type": "Point", "coordinates": [69.8519, 51.928]}, "properties": {"name": "Aqmola", "min_label": 6.0}}, {"type": "Feature", "geometry": {"type": "Point", "coordinates": [70.1925, 48.0823]}, "properties": {"name": "Qaraghandy", "min_label": 6.0}}, {"type": "Feature", "geometry": {"type": "Point", "coordinates": [44.3827, 33.306]}, "properties": {"name": "Baghdad", "min_label": 6.7}}, {"type": "Feature", "geometry": {"type": "Point", "coordinates": [44.5099, 32.6833]}, "properties": {"name": "Babil", "min_label": 6.7}}, {"type": "Feature", "geometry": {"type": "Point", "coordinates": [45.1075, 31.6081]}, "properties": {"name": "Al-Q\u0101disiyyah", "min_label": 6.7}}, {"type": "Feature", "geometry": {"type": "Point", "coordinates": [46.4203, 31.191]}, "properties": {"name": "Dhi-Qar", "min_label": 6.7}}, {"type": "Feature", "geometry": {"type": "Point", "coordinates": [43.7651, 32.502]}, "properties": {"name": "Karbala'", "min_label": 6.7}}, {"type": "Feature", "geometry": {"type": "Point", "coordinates": [49.964, 34.5595]}, "properties": {"name": "Markazi", "min_label": 6.6}}, {"type": "Feature", "geometry": {"type": "Point", "coordinates": [52.4195, 32.9837]}, "properties": {"name": "Esfahan", "min_label": 6.6}}, {"type": "Feature", "geometry": {"type": "Point", "coordinates": [50.5298, 31.9975]}, "properties": {"name": "Chahar Mahall and Bakhtiari", "min_label": 6.6}}, {"type": "Feature", "geometry": {"type": "Point", "coordinates": [50.7947, 30.6977]}, "properties": {"name": "Kohgiluyeh and Buyer Ahmad", "min_label": 6.6}}, {"type": "Feature", "geometry": {"type": "Point", "coordinates": [53.0793, 29.4007]}, "properties": {"name": "Fars", "min_label": 6.6}}, {"type": "Feature", "geometry": {"type": "Point", "coordinates": [56.9567, 30.1234]}, "properties": {"name": "Kerman", "min_label": 6.6}}, {"type": "Feature", "geometry": {"type": "Point", "coordinates": [48.5738, 34.8342]}, "properties": {"name": "Hamadan", "min_label": 6.6}}, {"type": "Feature", "geometry": {"type": "Point", "coordinates": [48.4141, 33.5323]}, "properties": {"name": "Lorestan", "min_label": 6.6}}, {"type": "Feature", "geometry": {"type": "Point", "coordinates": [55.5242, 32.7074]}, "properties": {"name": "Yazd", "min_label": 6.6}}, {"type": "Feature", "geometry": {"type": "Point", "coordinates": [50.978, 34.6662]}, "properties": {"name": "Qom", "min_label": 6.6}}, {"type": "Feature", "geometry": {"type": "Point", "coordinates": [51.6548, 35.5146]}, "properties": {"name": "Tehran", "min_label": 6.6}}, {"type": "Feature", "geometry": {"type": "Point", "coordinates": [50.7848, 35.9651]}, "properties": {"name": "Alborz", "min_label": 6.6}}, {"type": "Feature", "geometry": {"type": "Point", "coordinates": [82.3069, 21.8044]}, "properties": {"name": "Chhattisgarh", "min_label": 4.6}}, {"type": "Feature", "geometry": {"type": "Point", "coordinates": [76.271, 29.1003]}, "properties": {"name": "Haryana", "min_label": 4.6}}, {"type": "Feature", "geometry": {"type": "Point", "coordinates": [78.468441094, 17.4273126817]}, "properties": {"name": "Telangana", "min_label": 4.6}}, {"type": "Feature", "geometry": {"type": "Point", "coordinates": [20.5204, 47.2052]}, "properties": {"name": "J\u00e1sz-Nagykun-Szolnok", "min_label": 8.0}}, {"type": "Feature", "geometry": {"type": "Point", "coordinates": [18.6516, 46.989]}, "properties": {"name": "Fej\u00e9r", "min_label": 8.0}}, {"type": "Feature", "geometry": {"type": "Point", "coordinates": [17.6638, 47.1365]}, "properties": {"name": "Veszpr\u00e9m", "min_label": 8.0}}, {"type": "Feature", "geometry": {"type": "Point", "coordinates": [18.5198, 46.5078]}, "properties": {"name": "Tolna", "min_label": 8.0}}, {"type": "Feature", "geometry": {"type": "Point", "coordinates": [20.168, 47.206]}, "properties": {"name": "Szolnok", "min_label": 8.0}}, {"type": "Feature", "geometry": {"type": "Point", "coordinates": [19.1282, 47.4757]}, "properties": {"name": "Budapest", "min_label": 8.0}}, {"type": "Feature", "geometry": {"type": "Point", "coordinates": [18.893, 47.3677]}, "properties": {"name": "\u00c9rd", "min_label": 8.0}}, {"type": "Feature", "geometry": {"type": "Point", "coordinates": [20.1774, 47.8614]}, "properties": {"name": "Heves", "min_label": 8.0}}, {"type": "Feature", "geometry": {"type": "Point", "coordinates": [20.3836, 47.9316]}, "properties": {"name": "Eger", "min_label": 8.0}}, {"type": "Feature", "geometry": {"type": "Point", "coordinates": [20.7319, 48.1181]}, "properties": {"name": "Miskolc", "min_label": 8.0}}, {"type": "Feature", "geometry": {"type": "Point", "coordinates": [20.3919, 46.3767]}, "properties": {"name": "H\u00f3dmez\u00f4v\u00e1s\u00e1rhely", "min_label": 8.0}}, {"type": "Feature", "geometry": {"type": "Point", "coordinates": [18.8971, 46.9489]}, "properties": {"name": "Duna\u00fajv\u00e1ros", "min_label": 8.0}}, {"type": "Feature", "geometry": {"type": "Point", "coordinates": [19.6684, 46.9282]}, "properties": {"name": "Kecskem\u00e9t", "min_label": 8.0}}, {"type": "Feature", "geometry": {"type": "Point", "coordinates": [18.4452, 47.5667]}, "properties": {"name": "Tatab\u00e1nya", "min_label": 8.0}}, {"type": "Feature", "geometry": {"type": "Point", "coordinates": [44.845, 41.7153]}, "properties": {"name": "Tbilisi", "min_label": 7.7}}, {"type": "Feature", "geometry": {"type": "Point", "coordinates": [42.9894, 42.093]}, "properties": {"name": "Imereti", "min_label": 7.7}}, {"type": "Feature", "geometry": {"type": "Point", "coordinates": [27.5702, 63.1933]}, "properties": {"name": "Northern Savonia", "min_label": 6.7}}, {"type": "Feature", "geometry": {"type": "Point", "coordinates": [27.9693, 61.8152]}, "properties": {"name": "Southern Savonia", "min_label": 6.7}}, {"type": "Feature", "geometry": {"type": "Point", "coordinates": [25.3934, 62.5246]}, "properties": {"name": "Central Finland", "min_label": 6.7}}, {"type": "Feature", "geometry": {"type": "Point", "coordinates": [23.1486, 62.7521]}, "properties": {"name": "Southern Ostrobothnia", "min_label": 6.7}}, {"type": "Feature", "geometry": {"type": "Point", "coordinates": [23.7573, 61.6936]}, "properties": {"name": "Pirkanmaa", "min_label": 6.7}}, {"type": "Feature", "geometry": {"type": "Point", "coordinates": [24.4224, 60.9239]}, "properties": {"name": "Tavastia Proper", "min_label": 6.7}}, {"type": "Feature", "geometry": {"type": "Point", "coordinates": [25.6876, 61.2034]}, "properties": {"name": "P\u00e4ij\u00e4t-H\u00e4me", "min_label": 6.7}}, {"type": "Feature", "geometry": {"type": "Point", "coordinates": [42.0364, 9.56155]}, "properties": {"name": "Dire Dawa", "min_label": 6.6}}, {"type": "Feature", "geometry": {"type": "Point", "coordinates": [38.7815, 8.966]}, "properties": {"name": "Addis Ababa", "min_label": 6.6}}, {"type": "Feature", "geometry": {"type": "Point", "coordinates": [42.1676, 9.29063]}, "properties": {"name": "Harari People", "min_label": 6.6}}, {"type": "Feature", "geometry": {"type": "Point", "coordinates": [29.9159, -3.48983]}, "properties": {"name": "Gitega", "min_label": 10.0}}, {"type": "Feature", "geometry": {"type": "Point", "coordinates": [29.668, -3.2533]}, "properties": {"name": "Muramvya", "min_label": 10.0}}, {"type": "Feature", "geometry": {"type": "Point", "coordinates": [29.6943, -3.51787]}, "properties": {"name": "Mwaro", "min_label": 10.0}}, {"type": "Feature", "geometry": {"type": "Point", "coordinates": [30.1146, -3.14444]}, "properties": {"name": "Karuzi", "min_label": 10.0}}, {"type": "Feature", "geometry": {"type": "Point", "coordinates": [-3.06879, 11.8279]}, "properties": {"name": "Bal\u00e9", "min_label": 9.0}}, {"type": "Feature", "geometry": {"type": "Point", "coordinates": [-2.57298, 12.2508]}, "properties": {"name": "Sangui\u00e9", "min_label": 9.0}}, {"type": "Feature", "geometry": {"type": "Point", "coordinates": [-3.40955, 11.3659]}, "properties": {"name": "Tuy", "min_label": 9.0}}, {"type": "Feature", "geometry": {"type": "Point", "coordinates": [-3.42349, 10.8979]}, "properties": {"name": "Bougouriba", "min_label": 9.0}}, {"type": "Feature", "geometry": {"type": "Point", "coordinates": [-3.38675, 12.3486]}, "properties": {"name": "Mou Houn", "min_label": 9.0}}, {"type": "Feature", "geometry": {"type": "Point", "coordinates": [-0.291527, 12.1587]}, "properties": {"name": "Kouritenga", "min_label": 9.0}}, {"type": "Feature", "geometry": {"type": "Point", "coordinates": [-0.768604, 12.2052]}, "properties": {"name": "Ganzourgou", "min_label": 9.0}}, {"type": "Feature", "geometry": {"type": "Point", "coordinates": [-0.940234, 11.5711]}, "properties": {"name": "Zoundw\u00e9ogo", "min_label": 9.0}}, {"type": "Feature", "geometry": {"type": "Point", "coordinates": [-1.83187, 11.6131]}, "properties": {"name": "Ziro", "min_label": 9.0}}, {"type": "Feature", "geometry": {"type": "Point", "coordinates": [-2.13572, 12.3143]}, "properties": {"name": "Boulkiemd\u00e9", "min_label": 9.0}}, {"type": "Feature", "geometry": {"type": "Point", "coordinates": [-1.4662, 12.3267]}, "properties": {"name": "Kadiogo", "min_label": 9.0}}, {"type": "Feature", "geometry": {"type": "Point", "coordinates": [-1.28565, 12.6477]}, "properties": {"name": "Oubritenga", "min_label": 9.0}}, {"type": "Feature", "geometry": {"type": "Point", "coordinates": [0.610382, 12.0677]}, "properties": {"name": "Gourma", "min_label": 9.0}}, {"type": "Feature", "geometry": {"type": "Point", "coordinates": [0.115257, 12.9057]}, "properties": {"name": "Gnagna", "min_label": 9.0}}, {"type": "Feature", "geometry": {"type": "Point", "coordinates": [-1.46488, 11.9332]}, "properties": {"name": "Baz\u00e9ga", "min_label": 9.0}}, {"type": "Feature", "geometry": {"type": "Point", "coordinates": [-1.8367, 12.3933]}, "properties": {"name": "Kourw\u00e9ogo", "min_label": 9.0}}, {"type": "Feature", "geometry": {"type": "Point", "coordinates": [-3.03318, 12.6594]}, "properties": {"name": "Nayala", "min_label": 9.0}}, {"type": "Feature", "geometry": {"type": "Point", "coordinates": [-2.10662, 12.8734]}, "properties": {"name": "Passor\u00e9", "min_label": 9.0}}, {"type": "Feature", "geometry": {"type": "Point", "coordinates": [-2.38127, 13.1939]}, "properties": {"name": "Zondoma", "min_label": 9.0}}, {"type": "Feature", "geometry": {"type": "Point", "coordinates": [-0.504021, 13.1697]}, "properties": {"name": "Namentenga", "min_label": 9.0}}, {"type": "Feature", "geometry": {"type": "Point", "coordinates": [-1.08045, 13.227]}, "properties": {"name": "Sanmatenga", "min_label": 9.0}}, {"type": "Feature", "geometry": {"type": "Point", "coordinates": [-1.57778, 13.4455]}, "properties": {"name": "Bam", "min_label": 9.0}}, {"type": "Feature", "geometry": {"type": "Point", "coordinates": [94.8807, 19.6473]}, "properties": {"name": "Magway", "min_label": 7.0}}, {"type": "Feature", "geometry": {"type": "Point", "coordinates": [96.0614, 20.6284]}, "properties": {"name": "Mandalay", "min_label": 7.0}}, {"type": "Feature", "geometry": {"type": "Point", "coordinates": [24.8449, 42.3061]}, "properties": {"name": "Plovdiv", "min_label": 8.0}}, {"type": "Feature", "geometry": {"type": "Point", "coordinates": [25.5689, 42.4759]}, "properties": {"name": "Stara Zagora", "min_label": 8.0}}, {"type": "Feature", "geometry": {"type": "Point", "coordinates": [26.2373, 42.7164]}, "properties": {"name": "Sliven", "min_label": 8.0}}, {"type": "Feature", "geometry": {"type": "Point", "coordinates": [26.9857, 43.2942]}, "properties": {"name": "Shumen", "min_label": 8.0}}, {"type": "Feature", "geometry": {"type": "Point", "coordinates": [26.5873, 43.6291]}, "properties": {"name": "Razgrad", "min_label": 8.0}}, {"type": "Feature", "geometry": {"type": "Point", "coordinates": [26.3637, 43.2251]}, "properties": {"name": "Targovishte", "min_label": 8.0}}, {"type": "Feature", "geometry": {"type": "Point", "coordinates": [25.2475, 42.9256]}, "properties": {"name": "Gabrovo", "min_label": 8.0}}, {"type": "Feature", "geometry": {"type": "Point", "coordinates": [24.1391, 42.192]}, "properties": {"name": "Pazardzhik", "min_label": 8.0}}, {"type": "Feature", "geometry": {"type": "Point", "coordinates": [24.5374, 43.0037]}, "properties": {"name": "Lovech", "min_label": 8.0}}, {"type": "Feature", "geometry": {"type": "Point", "coordinates": [23.357, 42.679]}, "properties": {"name": "Grad Sofiya", "min_label": 8.0}}, {"type": "Feature", "geometry": {"type": "Point", "coordinates": [30.1253, -1.92643]}, "properties": {"name": "Kigali City", "min_label": 8.7}}, {"type": "Feature", "geometry": {"type": "Point", "coordinates": [44.2115, 15.3494]}, "properties": {"name": "Amanat Al Asimah", "min_label": 8.7}}, {"type": "Feature", "geometry": {"type": "Point", "coordinates": [-89.5831, 44.3709]}, "properties": {"name": "Wisconsin", "min_label": 2.0}}, {"type": "Feature", "geometry": {"type": "Point", "coordinates": [-89.1991, 39.946]}, "properties": {"name": "Illinois", "min_label": 2.0}}, {"type": "Feature", "geometry": {"type": "Point", "coordinates": [-85.5729, 37.3994]}, "properties": {"name": "Kentucky", "min_label": 2.0}}, {"type": "Feature", "geometry": {"type": "Point", "coordinates": [-92.1428, 34.7563]}, "properties": {"name": "Arkansas", "min_label": 2.0}}, {"type": "Feature", "geometry": {"type": "Point", "coordinates": [-86.3415, 35.7514]}, "properties": {"name": "Tennessee", "min_label": 2.0}}, {"type": "Feature", "geometry": {"type": "Point", "coordinates": [-80.7128, 38.6422]}, "properties": {"name": "West Virginia", "min_label": 2.0}}, {"type": "Feature", "geometry": {"type": "Point", "coordinates": [-86.1396, 39.8874]}, "properties": {"name": "Indiana", "min_label": 2.0}}, {"type": "Feature", "geometry": {"type": "Point", "coordinates": [15.7721, 49.4088]}, "properties": {"name": "Vyso\u010dina", "min_label": 7.7}}, {"type": "Feature", "geometry": {"type": "Point", "coordinates": [14.4559, 49.7498]}, "properties": {"name": "St\u0159edo\u010desk\u00fd", "min_label": 7.7}}, {"type": "Feature", "geometry": {"type": "Point", "coordinates": [14.4487, 50.0647]}, "properties": {"name": "Prague", "min_label": 7.7}}, {"type": "Feature", "geometry": {"type": "Point", "coordinates": [27.6424, 53.9005]}, "properties": {"name": "City of Minsk", "min_label": 6.6}}, {"type": "Feature", "geometry": {"type": "Point", "coordinates": [30.5277, 50.383]}, "properties": {"name": "Kiev City", "min_label": 6.7}}, {"type": "Feature", "geometry": {"type": "Point", "coordinates": [69.2464, 41.323]}, "properties": {"name": "Tashkent", "min_label": 6.6}}, {"type": "Feature", "geometry": {"type": "Point", "coordinates": [76.9424, 43.2709]}, "properties": {"name": "Almaty City", "min_label": 6.0}}, {"type": "Feature", "geometry": {"type": "Point", "coordinates": [71.4538, 51.1503]}, "properties": {"name": "Astana", "min_label": 6.0}}, {"type": "Feature", "geometry": {"type": "Point", "coordinates": [46.7662, 39.8285]}, "properties": {"name": "Stepanakert", "min_label": 9.0}}, {"type": "Feature", "geometry": {"type": "Point", "coordinates": [36.2897, 33.5101]}, "properties": {"name": "Damascus", "min_label": 7.0}}, {"type": "Feature", "geometry": {"type": "Point", "coordinates": [26.0999, 44.467]}, "properties": {"name": "Bucharest", "min_label": 8.0}}, {"type": "Feature", "geometry": {"type": "Point", "coordinates": [23.7011, 56.6457]}, "properties": {"name": "Jelgava", "min_label": 10.0}}, {"type": "Feature", "geometry": {"type": "Point", "coordinates": [26.5517, 55.8814]}, "properties": {"name": "Daugavpils", "min_label": 10.0}}, {"type": "Feature", "geometry": {"type": "Point", "coordinates": [27.3335, 56.516]}, "properties": {"name": "Rezekne", "min_label": 10.0}}, {"type": "Feature", "geometry": {"type": "Point", "coordinates": [2.12167, 13.562]}, "properties": {"name": "Niamey", "min_label": 6.6}}, {"type": "Feature", "geometry": {"type": "Point", "coordinates": [-8.01917, 12.643]}, "properties": {"name": "Bamako", "min_label": 6.6}}, {"type": "Feature", "geometry": {"type": "Point", "coordinates": [1.51066, 42.5128]}, "properties": {"name": "Andorra la Vella", "min_label": 11.0}}, {"type": "Feature", "geometry": {"type": "Point", "coordinates": [17.6657, 47.6621]}, "properties": {"name": "Gy\u00f4r", "min_label": 8.0}}, {"type": "Feature", "geometry": {"type": "Point", "coordinates": [16.625, 47.2308]}, "properties": {"name": "Szombathely", "min_label": 8.0}}, {"type": "Feature", "geometry": {"type": "Point", "coordinates": [16.8447, 46.8452]}, "properties": {"name": "Zalaegerszeg", "min_label": 8.0}}, {"type": "Feature", "geometry": {"type": "Point", "coordinates": [16.9898, 46.4513]}, "properties": {"name": "Nagykanizsa", "min_label": 8.0}}, {"type": "Feature", "geometry": {"type": "Point", "coordinates": [17.9145, 47.123]}, "properties": {"name": "Veszpr\u00e9m", "min_label": 8.0}}, {"type": "Feature", "geometry": {"type": "Point", "coordinates": [17.7984, 46.356]}, "properties": {"name": "Kaposv\u00e1r", "min_label": 8.0}}, {"type": "Feature", "geometry": {"type": "Point", "coordinates": [18.2337, 46.0699]}, "properties": {"name": "P\u00e9cs", "min_label": 8.0}}, {"type": "Feature", "geometry": {"type": "Point", "coordinates": [18.6981, 46.356]}, "properties": {"name": "Szeksz\u00e1rd", "min_label": 8.0}}, {"type": "Feature", "geometry": {"type": "Point", "coordinates": [18.4618, 47.1977]}, "properties": {"name": "Sz\u00e9kesfeh\u00e9rv\u00e1r", "min_label": 8.0}}, {"type": "Feature", "geometry": {"type": "Point", "coordinates": [21.0968, 46.7499]}, "properties": {"name": "B\u00e9k\u00e9scsaba", "min_label": 8.0}}, {"type": "Feature", "geometry": {"type": "Point", "coordinates": [21.6192, 47.5252]}, "properties": {"name": "Debrecen", "min_label": 8.0}}, {"type": "Feature", "geometry": {"type": "Point", "coordinates": [21.7602, 47.9357]}, "properties": {"name": "Ny\u00edregyh\u00e1za", "min_label": 8.0}}, {"type": "Feature", "geometry": {"type": "Point", "coordinates": [166.925, -0.527877]}, "properties": {"name": "Buada", "min_label": 9.0}}, {"type": "Feature", "geometry": {"type": "Point", "coordinates": [-23.6164, 15.0678]}, "properties": {"name": "S\u00e3o Salvador do Mundo", "min_label": 11.0}}, {"type": "Feature", "geometry": {"type": "Point", "coordinates": [-23.5781, 15.0439]}, "properties": {"name": "S\u00e3o Louren\u00e7o dos \u00d3rg\u00e3os", "min_label": 11.0}}, {"type": "Feature", "geometry": {"type": "Point", "coordinates": [-63.066, 18.2089]}, "properties": {"name": "George Hill", "min_label": 11.0}}, {"type": "Feature", "geometry": {"type": "Point", "coordinates": [-63.04, 18.2299]}, "properties": {"name": "The Quarter", "min_label": 11.0}}, {"type": "Feature", "geometry": {"type": "Point", "coordinates": [47.1503, 40.6019]}, "properties": {"name": "Yevlakh", "min_label": 9.0}}, {"type": "Feature", "geometry": {"type": "Point", "coordinates": [-64.6742, 32.3747]}, "properties": {"name": "City of Saint George", "min_label": 11.0}}, {"type": "Feature", "geometry": {"type": "Point", "coordinates": [114.215, 22.3432]}, "properties": {"name": "Wong Tai Sin", "min_label": 11.0}}, {"type": "Feature", "geometry": {"type": "Point", "coordinates": [57.5955, -20.2492]}, "properties": {"name": "Moka", "min_label": 11.0}}, {"type": "Feature", "geometry": {"type": "Point", "coordinates": [57.5197, -20.3599]}, "properties": {"name": "Plaines Wilhems", "min_label": 11.0}}, {"type": "Feature", "geometry": {"type": "Point", "coordinates": [57.4713, -20.2387]}, "properties": {"name": "Beau Bassin-Rose Hill", "min_label": 11.0}}, {"type": "Feature", "geometry": {"type": "Point", "coordinates": [57.5296, -20.1667]}, "properties": {"name": "Port Louis", "min_label": 11.0}}, {"type": "Feature", "geometry": {"type": "Point", "coordinates": [57.4801, -20.2688]}, "properties": {"name": "Quatre Bornes", "min_label": 11.0}}, {"type": "Feature", "geometry": {"type": "Point", "coordinates": [57.4908, -20.3024]}, "properties": {"name": "Vacoas-Phoenix", "min_label": 11.0}}, {"type": "Feature", "geometry": {"type": "Point", "coordinates": [57.5168, -20.3183]}, "properties": {"name": "Curepipe", "min_label": 11.0}}, {"type": "Feature", "geometry": {"type": "Point", "coordinates": [55.4428, -4.61246]}, "properties": {"name": "Mont Buxton", "min_label": 11.0}}, {"type": "Feature", "geometry": {"type": "Point", "coordinates": [55.4388, -4.62247]}, "properties": {"name": "Saint Louis", "min_label": 11.0}}, {"type": "Feature", "geometry": {"type": "Point", "coordinates": [55.4808, -4.65751]}, "properties": {"name": "Les Mamelles", "min_label": 11.0}}, {"type": "Feature", "geometry": {"type": "Point", "coordinates": [14.4462, 37.6598]}, "properties": {"name": "Enna", "min_label": 9.0}}, {"type": "Feature", "geometry": {"type": "Point", "coordinates": [14.7663, 41.2325]}, "properties": {"name": "Benevento", "min_label": 9.0}}, {"type": "Feature", "geometry": {"type": "Point", "coordinates": [8.17036, 44.9236]}, "properties": {"name": "Asti", "min_label": 9.0}}, {"type": "Feature", "geometry": {"type": "Point", "coordinates": [9.77093, 45.8097]}, "properties": {"name": "Bergamo", "min_label": 9.0}}, {"type": "Feature", "geometry": {"type": "Point", "coordinates": [10.3574, 45.631]}, "properties": {"name": "Brescia", "min_label": 9.0}}, {"type": "Feature", "geometry": {"type": "Point", "coordinates": [9.99563, 45.226]}, "properties": {"name": "Cremona", "min_label": 9.0}}, {"type": "Feature", "geometry": {"type": "Point", "coordinates": [10.7355, 45.1396]}, "properties": {"name": "Mantova", "min_label": 9.0}}, {"type": "Feature", "geometry": {"type": "Point", "coordinates": [9.1154, 45.442]}, "properties": {"name": "Milano", "min_label": 9.0}}, {"type": "Feature", "geometry": {"type": "Point", "coordinates": [9.36921, 45.7606]}, "properties": {"name": "Lecco", "min_label": 9.0}}, {"type": "Feature", "geometry": {"type": "Point", "coordinates": [9.2774, 45.6256]}, "properties": {"name": "Monza e Brianza", "min_label": 9.0}}, {"type": "Feature", "geometry": {"type": "Point", "coordinates": [9.54741, 45.253]}, "properties": {"name": "Lodi", "min_label": 9.0}}, {"type": "Feature", "geometry": {"type": "Point", "coordinates": [11.4207, 43.2205]}, "properties": {"name": "Siena", "min_label": 9.0}}, {"type": "Feature", "geometry": {"type": "Point", "coordinates": [11.7758, 43.5298]}, "properties": {"name": "Arezzo", "min_label": 9.0}}, {"type": "Feature", "geometry": {"type": "Point", "coordinates": [11.3233, 43.7304]}, "properties": {"name": "Firenze", "min_label": 9.0}}, {"type": "Feature", "geometry": {"type": "Point", "coordinates": [8.15956, 45.8416]}, "properties": {"name": "Vercelli", "min_label": 9.0}}, {"type": "Feature", "geometry": {"type": "Point", "coordinates": [9.2558, 45.1396]}, "properties": {"name": "Pavia", "min_label": 9.0}}, {"type": "Feature", "geometry": {"type": "Point", "coordinates": [12.9445, 42.3382]}, "properties": {"name": "Rieti", "min_label": 9.0}}, {"type": "Feature", "geometry": {"type": "Point", "coordinates": [8.53757, 45.5878]}, "properties": {"name": "Novara", "min_label": 9.0}}, {"type": "Feature", "geometry": {"type": "Point", "coordinates": [8.74818, 44.8102]}, "properties": {"name": "Alessandria", "min_label": 9.0}}, {"type": "Feature", "geometry": {"type": "Point", "coordinates": [10.9947, 46.0415]}, "properties": {"name": "Trento", "min_label": 9.0}}, {"type": "Feature", "geometry": {"type": "Point", "coordinates": [11.4753, 45.712]}, "properties": {"name": "Vicenza", "min_label": 9.0}}, {"type": "Feature", "geometry": {"type": "Point", "coordinates": [11.0433, 45.4528]}, "properties": {"name": "Verona", "min_label": 9.0}}, {"type": "Feature", "geometry": {"type": "Point", "coordinates": [12.2313, 45.8092]}, "properties": {"name": "Treviso", "min_label": 9.0}}, {"type": "Feature", "geometry": {"type": "Point", "coordinates": [9.58167, 44.8704]}, "properties": {"name": "Piacenza", "min_label": 9.0}}, {"type": "Feature", "geometry": {"type": "Point", "coordinates": [10.04, 44.6355]}, "properties": {"name": "Parma", "min_label": 9.0}}, {"type": "Feature", "geometry": {"type": "Point", "coordinates": [10.6186, 44.6699]}, "properties": {"name": "Reggio Emilia", "min_label": 9.0}}, {"type": "Feature", "geometry": {"type": "Point", "coordinates": [10.8516, 44.4311]}, "properties": {"name": "Modena", "min_label": 9.0}}, {"type": "Feature", "geometry": {"type": "Point", "coordinates": [11.4149, 44.3949]}, "properties": {"name": "Bologna", "min_label": 9.0}}, {"type": "Feature", "geometry": {"type": "Point", "coordinates": [10.8592, 43.9481]}, "properties": {"name": "Pistoia", "min_label": 9.0}}, {"type": "Feature", "geometry": {"type": "Point", "coordinates": [12.4862, 42.5788]}, "properties": {"name": "Terni", "min_label": 9.0}}, {"type": "Feature", "geometry": {"type": "Point", "coordinates": [12.4925, 43.1011]}, "properties": {"name": "Perugia", "min_label": 9.0}}, {"type": "Feature", "geometry": {"type": "Point", "coordinates": [13.5575, 41.6106]}, "properties": {"name": "Frosinone", "min_label": 9.0}}, {"type": "Feature", "geometry": {"type": "Point", "coordinates": [15.1044, 40.9404]}, "properties": {"name": "Avellino", "min_label": 9.0}}, {"type": "Feature", "geometry": {"type": "Point", "coordinates": [13.6034, 42.0575]}, "properties": {"name": "L'Aquila", "min_label": 9.0}}, {"type": "Feature", "geometry": {"type": "Point", "coordinates": [12.6981, 46.2122]}, "properties": {"name": "Pordenone", "min_label": 9.0}}, {"type": "Feature", "geometry": {"type": "Point", "coordinates": [14.2393, 41.645]}, "properties": {"name": "Isernia", "min_label": 9.0}}, {"type": "Feature", "geometry": {"type": "Point", "coordinates": [8.08936, 45.5932]}, "properties": {"name": "Biella", "min_label": 9.0}}, {"type": "Feature", "geometry": {"type": "Point", "coordinates": [11.0826, 43.8965]}, "properties": {"name": "Prato", "min_label": 9.0}}, {"type": "Feature", "geometry": {"type": "Point", "coordinates": [0.537496, 43.6809]}, "properties": {"name": "Gers", "min_label": 8.0}}, {"type": "Feature", "geometry": {"type": "Point", "coordinates": [1.21857, 45.8465]}, "properties": {"name": "Haute-Vienne", "min_label": 8.0}}, {"type": "Feature", "geometry": {"type": "Point", "coordinates": [1.90105, 45.355]}, "properties": {"name": "Corr\u00e8ze", "min_label": 8.0}}, {"type": "Feature", "geometry": {"type": "Point", "coordinates": [1.23277, 44.0657]}, "properties": {"name": "Tarn-et-Garonne", "min_label": 8.0}}, {"type": "Feature", "geometry": {"type": "Point", "coordinates": [2.13731, 43.8024]}, "properties": {"name": "Tarn", "min_label": 8.0}}, {"type": "Feature", "geometry": {"type": "Point", "coordinates": [5.4175, 45.2478]}, "properties": {"name": "Is\u00e8re", "min_label": 8.0}}, {"type": "Feature", "geometry": {"type": "Point", "coordinates": [5.13443, 44.7407]}, "properties": {"name": "Dr\u00f4me", "min_label": 8.0}}, {"type": "Feature", "geometry": {"type": "Point", "coordinates": [2.66383, 44.2884]}, "properties": {"name": "Aveyron", "min_label": 8.0}}, {"type": "Feature", "geometry": {"type": "Point", "coordinates": [1.61079, 44.6327]}, "properties": {"name": "Lot", "min_label": 8.0}}, {"type": "Feature", "geometry": {"type": "Point", "coordinates": [0.713649, 47.2903]}, "properties": {"name": "Indre-et-Loire", "min_label": 8.0}}, {"type": "Feature", "geometry": {"type": "Point", "coordinates": [1.61636, 46.8003]}, "properties": {"name": "Indre", "min_label": 8.0}}, {"type": "Feature", "geometry": {"type": "Point", "coordinates": [1.59234, 47.5484]}, "properties": {"name": "Loir-et-Cher", "min_label": 8.0}}, {"type": "Feature", "geometry": {"type": "Point", "coordinates": [2.04281, 46.0705]}, "properties": {"name": "Creuse", "min_label": 8.0}}, {"type": "Feature", "geometry": {"type": "Point", "coordinates": [-0.635312, 48.1562]}, "properties": {"name": "Mayenne", "min_label": 8.0}}, {"type": "Feature", "geometry": {"type": "Point", "coordinates": [0.170679, 47.9682]}, "properties": {"name": "Sarthe", "min_label": 8.0}}, {"type": "Feature", "geometry": {"type": "Point", "coordinates": [5.21543, 43.9981]}, "properties": {"name": "Vaucluse", "min_label": 8.0}}, {"type": "Feature", "geometry": {"type": "Point", "coordinates": [5.24076, 48.1552]}, "properties": {"name": "Haute-Marne", "min_label": 8.0}}, {"type": "Feature", "geometry": {"type": "Point", "coordinates": [4.26395, 49.022]}, "properties": {"name": "Marne", "min_label": 8.0}}, {"type": "Feature", "geometry": {"type": "Point", "coordinates": [0.780505, 45.1592]}, "properties": {"name": "Dordogne", "min_label": 8.0}}, {"type": "Feature", "geometry": {"type": "Point", "coordinates": [4.64841, 45.841]}, "properties": {"name": "Rh\u00f4ne", "min_label": 8.0}}, {"type": "Feature", "geometry": {"type": "Point", "coordinates": [6.67053, 48.2445]}, "properties": {"name": "Vosges", "min_label": 8.0}}, {"type": "Feature", "geometry": {"type": "Point", "coordinates": [4.4999, 44.8014]}, "properties": {"name": "Ard\u00e8che", "min_label": 8.0}}, {"type": "Feature", "geometry": {"type": "Point", "coordinates": [4.16239, 45.706]}, "properties": {"name": "Loire", "min_label": 8.0}}, {"type": "Feature", "geometry": {"type": "Point", "coordinates": [3.26844, 45.8135]}, "properties": {"name": "Puy-de-D\u00f4me", "min_label": 8.0}}, {"type": "Feature", "geometry": {"type": "Point", "coordinates": [3.18698, 46.408]}, "properties": {"name": "Allier", "min_label": 8.0}}, {"type": "Feature", "geometry": {"type": "Point", "coordinates": [2.19238, 47.9007]}, "properties": {"name": "Loiret", "min_label": 8.0}}, {"type": "Feature", "geometry": {"type": "Point", "coordinates": [-0.527847, 47.3771]}, "properties": {"name": "Maine-et-Loire", "min_label": 8.0}}, {"type": "Feature", "geometry": {"type": "Point", "coordinates": [4.16252, 48.3125]}, "properties": {"name": "Aube", "min_label": 8.0}}, {"type": "Feature", "geometry": {"type": "Point", "coordinates": [2.34347, 48.8594]}, "properties": {"name": "Paris", "min_label": 8.0}}, {"type": "Feature", "geometry": {"type": "Point", "coordinates": [2.19706, 48.8557]}, "properties": {"name": "Hauts-de-Seine", "min_label": 8.0}}, {"type": "Feature", "geometry": {"type": "Point", "coordinates": [2.51916, 48.9289]}, "properties": {"name": "Seine-Saint-Denis", "min_label": 8.0}}, {"type": "Feature", "geometry": {"type": "Point", "coordinates": [2.23366, 49.0754]}, "properties": {"name": "Val-d'Oise", "min_label": 8.0}}, {"type": "Feature", "geometry": {"type": "Point", "coordinates": [1.90058, 48.8191]}, "properties": {"name": "Yvelines", "min_label": 8.0}}, {"type": "Feature", "geometry": {"type": "Point", "coordinates": [0.154828, 45.6998]}, "properties": {"name": "Charente", "min_label": 8.0}}, {"type": "Feature", "geometry": {"type": "Point", "coordinates": [2.51907, 47.1356]}, "properties": {"name": "Cher", "min_label": 8.0}}, {"type": "Feature", "geometry": {"type": "Point", "coordinates": [1.36704, 48.3564]}, "properties": {"name": "Eure-et-Loir", "min_label": 8.0}}, {"type": "Feature", "geometry": {"type": "Point", "coordinates": [3.72362, 45.1254]}, "properties": {"name": "Haute-Loire", "min_label": 8.0}}, {"type": "Feature", "geometry": {"type": "Point", "coordinates": [2.74821, 45.1592]}, "properties": {"name": "Cantal", "min_label": 8.0}}, {"type": "Feature", "geometry": {"type": "Point", "coordinates": [0.449742, 44.3829]}, "properties": {"name": "Lot-et-Garonne", "min_label": 8.0}}, {"type": "Feature", "geometry": {"type": "Point", "coordinates": [3.54811, 44.4909]}, "properties": {"name": "Loz\u00e8re", "min_label": 8.0}}, {"type": "Feature", "geometry": {"type": "Point", "coordinates": [3.56837, 47.1505]}, "properties": {"name": "Ni\u00e8vre", "min_label": 8.0}}, {"type": "Feature", "geometry": {"type": "Point", "coordinates": [4.76991, 47.4003]}, "properties": {"name": "C\u00f4te-d'Or", "min_label": 8.0}}, {"type": "Feature", "geometry": {"type": "Point", "coordinates": [2.64323, 49.3967]}, "properties": {"name": "Oise", "min_label": 8.0}}, {"type": "Feature", "geometry": {"type": "Point", "coordinates": [0.0632139, 48.6533]}, "properties": {"name": "Orne", "min_label": 8.0}}, {"type": "Feature", "geometry": {"type": "Point", "coordinates": [6.16722, 47.6973]}, "properties": {"name": "Haute-Sa\u00f4ne", "min_label": 8.0}}, {"type": "Feature", "geometry": {"type": "Point", "coordinates": [4.5138, 46.6789]}, "properties": {"name": "Sa\u00f4ne-et-Loire", "min_label": 8.0}}, {"type": "Feature", "geometry": {"type": "Point", "coordinates": [-0.300826, 46.5681]}, "properties": {"name": "Deux-S\u00e8vres", "min_label": 8.0}}, {"type": "Feature", "geometry": {"type": "Point", "coordinates": [0.412746, 46.5338]}, "properties": {"name": "Vienne", "min_label": 8.0}}, {"type": "Feature", "geometry": {"type": "Point", "coordinates": [3.64262, 47.7715]}, "properties": {"name": "Yonne", "min_label": 8.0}}, {"type": "Feature", "geometry": {"type": "Point", "coordinates": [2.29588, 48.5629]}, "properties": {"name": "Essonne", "min_label": 8.0}}, {"type": "Feature", "geometry": {"type": "Point", "coordinates": [2.84201, 48.5515]}, "properties": {"name": "Seien-et-Marne", "min_label": 8.0}}, {"type": "Feature", "geometry": {"type": "Point", "coordinates": [2.5155, 48.7752]}, "properties": {"name": "Val-de-Marne", "min_label": 8.0}}, {"type": "Feature", "geometry": {"type": "Point", "coordinates": [68.7695, 38.5518]}, "properties": {"name": "Dushanbe", "min_label": 6.7}}, {"type": "Feature", "geometry": {"type": "Point", "coordinates": [32.6501, 25.705]}, "properties": {"name": "Luxor", "min_label": 7.7}}, {"type": "Feature", "geometry": {"type": "Point", "coordinates": [27.5038, -21.1678]}, "properties": {"name": "Francistown", "min_label": 6.0}}, {"type": "Feature", "geometry": {"type": "Point", "coordinates": [25.6842, -25.2144]}, "properties": {"name": "Lobatse", "min_label": 6.0}}, {"type": "Feature", "geometry": {"type": "Point", "coordinates": [27.8625, -21.9728]}, "properties": {"name": "Selebi-Phikwe", "min_label": 6.0}}, {"type": "Feature", "geometry": {"type": "Point", "coordinates": [26.1919, -20.5752]}, "properties": {"name": "Sowa", "min_label": 6.0}}, {"type": "Feature", "geometry": {"type": "Point", "coordinates": [123.197, 13.6153]}, "properties": {"name": "Naga", "min_label": 8.0}}, {"type": "Feature", "geometry": {"type": "Point", "coordinates": [120.591, 15.1453]}, "properties": {"name": "Angeles", "min_label": 8.0}}, {"type": "Feature", "geometry": {"type": "Point", "coordinates": [120.605, 16.4059]}, "properties": {"name": "Baguio", "min_label": 8.0}}, {"type": "Feature", "geometry": {"type": "Point", "coordinates": [121.035, 14.5519]}, "properties": {"name": "Makati", "min_label": 8.0}}, {"type": "Feature", "geometry": {"type": "Point", "coordinates": [121.083, 14.543]}, "properties": {"name": "Pateros", "min_label": 8.0}}, {"type": "Feature", "geometry": {"type": "Point", "coordinates": [121.052, 14.5766]}, "properties": {"name": "Mandaluyong City", "min_label": 8.0}}, {"type": "Feature", "geometry": {"type": "Point", "coordinates": [121.044, 14.5975]}, "properties": {"name": "San Juan", "min_label": 8.0}}, {"type": "Feature", "geometry": {"type": "Point", "coordinates": [46.8275, 40.5077]}, "properties": {"name": "Naftalan", "min_label": 9.0}}, {"type": "Feature", "geometry": {"type": "Point", "coordinates": [47.1885, 41.1882]}, "properties": {"name": "\u015e\u0259ki", "min_label": 9.0}}, {"type": "Feature", "geometry": {"type": "Point", "coordinates": [-1.47788, 53.8106]}, "properties": {"name": "Leeds", "min_label": 10.0}}, {"type": "Feature", "geometry": {"type": "Point", "coordinates": [-1.78384, 53.8466]}, "properties": {"name": "Bradford", "min_label": 10.0}}, {"type": "Feature", "geometry": {"type": "Point", "coordinates": [-1.39089, 53.6457]}, "properties": {"name": "Wakefield", "min_label": 10.0}}, {"type": "Feature", "geometry": {"type": "Point", "coordinates": [-1.45688, 53.5347]}, "properties": {"name": "Barnsley", "min_label": 10.0}}, {"type": "Feature", "geometry": {"type": "Point", "coordinates": [-2.40861, 53.5006]}, "properties": {"name": "Salford", "min_label": 10.0}}, {"type": "Feature", "geometry": {"type": "Point", "coordinates": [-2.42876, 53.5887]}, "properties": {"name": "Bolton", "min_label": 10.0}}, {"type": "Feature", "geometry": {"type": "Point", "coordinates": [-2.37777, 53.4147]}, "properties": {"name": "Trafford", "min_label": 10.0}}, {"type": "Feature", "geometry": {"type": "Point", "coordinates": [-2.26678, 53.4597]}, "properties": {"name": "Manchester", "min_label": 10.0}}, {"type": "Feature", "geometry": {"type": "Point", "coordinates": [-2.03581, 53.5527]}, "properties": {"name": "Oldham", "min_label": 10.0}}, {"type": "Feature", "geometry": {"type": "Point", "coordinates": [-2.1438, 53.6277]}, "properties": {"name": "Rochdale", "min_label": 10.0}}, {"type": "Feature", "geometry": {"type": "Point", "coordinates": [-2.0958, 53.4567]}, "properties": {"name": "Tameside", "min_label": 10.0}}, {"type": "Feature", "geometry": {"type": "Point", "coordinates": [-2.30878, 53.5827]}, "properties": {"name": "Bury", "min_label": 10.0}}, {"type": "Feature", "geometry": {"type": "Point", "coordinates": [-1.71185, 52.4038]}, "properties": {"name": "Solihull", "min_label": 10.0}}, {"type": "Feature", "geometry": {"type": "Point", "coordinates": [-1.53187, 52.4068]}, "properties": {"name": "Coventry", "min_label": 10.0}}, {"type": "Feature", "geometry": {"type": "Point", "coordinates": [-1.81614, 52.4782]}, "properties": {"name": "Birmingham", "min_label": 10.0}}, {"type": "Feature", "geometry": {"type": "Point", "coordinates": [-2.00281, 52.5118]}, "properties": {"name": "Sandwell", "min_label": 10.0}}, {"type": "Feature", "geometry": {"type": "Point", "coordinates": [-2.1138, 52.4728]}, "properties": {"name": "Dudley", "min_label": 10.0}}, {"type": "Feature", "geometry": {"type": "Point", "coordinates": [-1.95182, 52.6018]}, "properties": {"name": "Walsall", "min_label": 10.0}}, {"type": "Feature", "geometry": {"type": "Point", "coordinates": [-2.1108, 52.5958]}, "properties": {"name": "Wolverhampton", "min_label": 10.0}}, {"type": "Feature", "geometry": {"type": "Point", "coordinates": [21.4069, 56.6142]}, "properties": {"name": "Durbes", "min_label": 10.0}}, {"type": "Feature", "geometry": {"type": "Point", "coordinates": [24.635, 57.0998]}, "properties": {"name": "Incukalna", "min_label": 10.0}}, {"type": "Feature", "geometry": {"type": "Point", "coordinates": [24.3855, 57.108]}, "properties": {"name": "\u0100da\u017ei", "min_label": 10.0}}, {"type": "Feature", "geometry": {"type": "Point", "coordinates": [25.4161, 57.5374]}, "properties": {"name": "Valmiera", "min_label": 10.0}}, {"type": "Feature", "geometry": {"type": "Point", "coordinates": [25.4307, 57.2396]}, "properties": {"name": "Cesu", "min_label": 10.0}}, {"type": "Feature", "geometry": {"type": "Point", "coordinates": [25.0726, 57.1775]}, "properties": {"name": "Ligatnes", "min_label": 10.0}}, {"type": "Feature", "geometry": {"type": "Point", "coordinates": [25.8619, 56.5068]}, "properties": {"name": "Jekabpils", "min_label": 10.0}}, {"type": "Feature", "geometry": {"type": "Point", "coordinates": [-4.59868, 42.3386]}, "properties": {"name": "Palencia", "min_label": 7.7}}, {"type": "Feature", "geometry": {"type": "Point", "coordinates": [-3.74727, 38.8936]}, "properties": {"name": "Ciudad Real", "min_label": 7.7}}, {"type": "Feature", "geometry": {"type": "Point", "coordinates": [-4.74788, 37.9699]}, "properties": {"name": "C\u00f3rdoba", "min_label": 7.7}}, {"type": "Feature", "geometry": {"type": "Point", "coordinates": [-2.53087, 40.8422]}, "properties": {"name": "Guadalajara", "min_label": 7.7}}, {"type": "Feature", "geometry": {"type": "Point", "coordinates": [-3.43703, 37.9829]}, "properties": {"name": "Ja\u00e9n", "min_label": 7.7}}, {"type": "Feature", "geometry": {"type": "Point", "coordinates": [-3.67012, 40.4593]}, "properties": {"name": "Madrid", "min_label": 7.7}}, {"type": "Feature", "geometry": {"type": "Point", "coordinates": [-4.04672, 41.2066]}, "properties": {"name": "Segovia", "min_label": 7.7}}, {"type": "Feature", "geometry": {"type": "Point", "coordinates": [-4.83256, 41.5715]}, "properties": {"name": "Valladolid", "min_label": 7.7}}, {"type": "Feature", "geometry": {"type": "Point", "coordinates": [46.2128, -22.4083]}, "properties": {"name": "Ihorombe", "min_label": 7.0}}, {"type": "Feature", "geometry": {"type": "Point", "coordinates": [46.5733, -21.4423]}, "properties": {"name": "Haute Matsiatra", "min_label": 7.0}}, {"type": "Feature", "geometry": {"type": "Point", "coordinates": [46.7662, -18.9938]}, "properties": {"name": "Itasy", "min_label": 7.0}}, {"type": "Feature", "geometry": {"type": "Point", "coordinates": [20.8519, 42.3371]}, "properties": {"name": "Suva Reka", "min_label": 10.0}}, {"type": "Feature", "geometry": {"type": "Point", "coordinates": [21.1389, 42.3481]}, "properties": {"name": "Uro\u0161evac", "min_label": 10.0}}, {"type": "Feature", "geometry": {"type": "Point", "coordinates": [21.3818, 42.58]}, "properties": {"name": "Novo Brdo", "min_label": 10.0}}, {"type": "Feature", "geometry": {"type": "Point", "coordinates": [21.055, 42.6794]}, "properties": {"name": "Obili\u0107", "min_label": 10.0}}, {"type": "Feature", "geometry": {"type": "Point", "coordinates": [21.0358, 42.6041]}, "properties": {"name": "Kosovo Polje", "min_label": 10.0}}, {"type": "Feature", "geometry": {"type": "Point", "coordinates": [21.108, 42.5049]}, "properties": {"name": "Lipljan", "min_label": 10.0}}, {"type": "Feature", "geometry": {"type": "Point", "coordinates": [21.0042, 42.4144]}, "properties": {"name": "\u0160timlje", "min_label": 10.0}}, {"type": "Feature", "geometry": {"type": "Point", "coordinates": [20.9843, 42.792]}, "properties": {"name": "Vu\u010ditrn", "min_label": 10.0}}, {"type": "Feature", "geometry": {"type": "Point", "coordinates": [14.2444, 36.0407]}, "properties": {"name": "Victoria", "min_label": 11.0}}, {"type": "Feature", "geometry": {"type": "Point", "coordinates": [14.2398, 36.0332]}, "properties": {"name": "Fontana, Gozo", "min_label": 11.0}}, {"type": "Feature", "geometry": {"type": "Point", "coordinates": [14.2656, 36.03]}, "properties": {"name": "Xewkija", "min_label": 11.0}}, {"type": "Feature", "geometry": {"type": "Point", "coordinates": [14.4209, 35.9076]}, "properties": {"name": "Mosta", "min_label": 11.0}}, {"type": "Feature", "geometry": {"type": "Point", "coordinates": [14.4412, 35.8992]}, "properties": {"name": "Lija", "min_label": 11.0}}, {"type": "Feature", "geometry": {"type": "Point", "coordinates": [14.4318, 35.8878]}, "properties": {"name": "Attard", "min_label": 11.0}}, {"type": "Feature", "geometry": {"type": "Point", "coordinates": [14.4049, 35.8869]}, "properties": {"name": "Mtarfa", "min_label": 11.0}}, {"type": "Feature", "geometry": {"type": "Point", "coordinates": [14.4085, 35.8818]}, "properties": {"name": "Mdina", "min_label": 11.0}}, {"type": "Feature", "geometry": {"type": "Point", "coordinates": [14.4365, 35.8713]}, "properties": {"name": "\u017bebbu\u0121", "min_label": 11.0}}, {"type": "Feature", "geometry": {"type": "Point", "coordinates": [14.4684, 35.8753]}, "properties": {"name": "Qormi", "min_label": 11.0}}, {"type": "Feature", "geometry": {"type": "Point", "coordinates": [14.4698, 35.917]}, "properties": {"name": "Swieqi", "min_label": 11.0}}, {"type": "Feature", "geometry": {"type": "Point", "coordinates": [14.4553, 35.9188]}, "properties": {"name": "G\u0127arg\u0127ur", "min_label": 11.0}}, {"type": "Feature", "geometry": {"type": "Point", "coordinates": [14.4756, 35.905]}, "properties": {"name": "San \u0120wann", "min_label": 11.0}}, {"type": "Feature", "geometry": {"type": "Point", "coordinates": [14.4549, 35.9054]}, "properties": {"name": "Iklin", "min_label": 11.0}}, {"type": "Feature", "geometry": {"type": "Point", "coordinates": [14.4662, 35.8934]}, "properties": {"name": "Birkirkara", "min_label": 11.0}}, {"type": "Feature", "geometry": {"type": "Point", "coordinates": [14.4524, 35.8952]}, "properties": {"name": "Balzan", "min_label": 11.0}}, {"type": "Feature", "geometry": {"type": "Point", "coordinates": [14.4781, 35.8865]}, "properties": {"name": "Santa Venera", "min_label": 11.0}}, {"type": "Feature", "geometry": {"type": "Point", "coordinates": [14.4868, 35.8818]}, "properties": {"name": "\u0126amrun", "min_label": 11.0}}, {"type": "Feature", "geometry": {"type": "Point", "coordinates": [14.4926, 35.8716]}, "properties": {"name": "Marsa", "min_label": 11.0}}, {"type": "Feature", "geometry": {"type": "Point", "coordinates": [14.4831, 35.8563]}, "properties": {"name": "Luqa", "min_label": 11.0}}, {"type": "Feature", "geometry": {"type": "Point", "coordinates": [14.4666, 35.8426]}, "properties": {"name": "Mqabba", "min_label": 11.0}}, {"type": "Feature", "geometry": {"type": "Point", "coordinates": [14.4836, 35.8409]}, "properties": {"name": "Kirkop", "min_label": 11.0}}, {"type": "Feature", "geometry": {"type": "Point", "coordinates": [14.4902, 35.8323]}, "properties": {"name": "Safi", "min_label": 11.0}}, {"type": "Feature", "geometry": {"type": "Point", "coordinates": [14.515, 35.8418]}, "properties": {"name": "G\u0127axaq", "min_label": 11.0}}, {"type": "Feature", "geometry": {"type": "Point", "coordinates": [14.5324, 35.8539]}, "properties": {"name": "\u017bejtun", "min_label": 11.0}}, {"type": "Feature", "geometry": {"type": "Point", "coordinates": [14.5196, 35.8694]}, "properties": {"name": "Fgura", "min_label": 11.0}}, {"type": "Feature", "geometry": {"type": "Point", "coordinates": [14.5088, 35.8616]}, "properties": {"name": "Tarxien", "min_label": 11.0}}, {"type": "Feature", "geometry": {"type": "Point", "coordinates": [14.5028, 35.8531]}, "properties": {"name": "Santa Lu\u010bija", "min_label": 11.0}}, {"type": "Feature", "geometry": {"type": "Point", "coordinates": [14.5019, 35.8447]}, "properties": {"name": "Gudja", "min_label": 11.0}}, {"type": "Feature", "geometry": {"type": "Point", "coordinates": [14.505, 35.8727]}, "properties": {"name": "Paola", "min_label": 11.0}}, {"type": "Feature", "geometry": {"type": "Point", "coordinates": [14.4908, 35.9025]}, "properties": {"name": "G\u017cira", "min_label": 11.0}}, {"type": "Feature", "geometry": {"type": "Point", "coordinates": [14.503, 35.888]}, "properties": {"name": "Floriana", "min_label": 11.0}}, {"type": "Feature", "geometry": {"type": "Point", "coordinates": [14.4945, 35.8945]}, "properties": {"name": "Ta' Xbiex", "min_label": 11.0}}, {"type": "Feature", "geometry": {"type": "Point", "coordinates": [14.5149, 35.8864]}, "properties": {"name": "Isla", "min_label": 11.0}}, {"type": "Feature", "geometry": {"type": "Point", "coordinates": [14.5207, 35.88]}, "properties": {"name": "Cospicua", "min_label": 11.0}}, {"type": "Feature", "geometry": {"type": "Point", "coordinates": [14.4927, 35.8891]}, "properties": {"name": "Piet\u00e0", "min_label": 11.0}}, {"type": "Feature", "geometry": {"type": "Point", "coordinates": [14.4825, 35.8949]}, "properties": {"name": "Msida", "min_label": 11.0}}, {"type": "Feature", "geometry": {"type": "Point", "coordinates": [14.526, 35.8871]}, "properties": {"name": "Birgu", "min_label": 11.0}}]}